{
  "sn29.7:0.1": "Связанные Наставления 3.8.1.7",
  "sn29.7:0.2": "Глава Наг",
  "sn29.7:0.3": "Сутта Услышавший Первая",
  "sn29.7:1.1": "В Саваттхи. ",
  "sn29.7:1.2": "Сидя рядом, тот монах сказал Благословенному: ",
  "sn29.7:1.3": "“Почтенный, в чём условие и причина, почему кто-либо после распада тела, после смерти, перерождается среди нагов, рождённых из яиц?”",
  "sn29.7:2.1": "“Монах, вот некий человек ведёт себя двояко телом, речью, умом. ",
  "sn29.7:2.2": "И он услышал: ",
  "sn29.7:2.3": "“Рождённые из яиц наги живут долго, красивы, и пребывают в неимоверном счастье”. ",
  "sn29.7:2.4": "И он думает: ",
  "sn29.7:2.5": "“Ох, вот бы мне после распада тела, после смерти, переродиться среди нагов, рождённых из яиц!”. ",
  "sn29.7:2.6": "И тогда после распада тела, после смерти, он перерождается среди нагов, рождённых из яиц.",
  "sn29.7:2.7": "Вот, монах, в чём условие и причина, почему некий человек после распада тела, после смерти, перерождается среди нагов, рождённых из яиц”.",
  "sn29.7:2.8": "Седьмая."
}