{
  "sn29.4:0.1": "Связанные Наставления 3.8.1.4",
  "sn29.4:0.2": "Глава Наг",
  "sn29.4:0.3": "Сутта Упосатха Вторая.",
  "sn29.4:1.1": "В Саваттхи.",
  "sn29.4:1.2": "И тогда один монах подошёл к Благословенному, поклонился ему, сел рядом и сказал:",
  "sn29.4:1.3": "“В чём, почтенный, условие и причина, почему некоторые наги, рождённые из утробы, соблюдают Упосатху и отбрасывают [беспокойство] о теле?”",
  "sn29.4:1.4": "(Всё должно быть расширено.)",
  "sn29.4:1.5": "“Вот в чём условие и причина, монах, почему некоторые наги, рождённые из утробы, соблюдают Упосатху и отбрасывают [беспокойство] о теле”.",
  "sn29.4:1.6": "Четвёртая."
}