{
  "sn29.1:0.1": "Связанные Наставления 3.8.1.1",
  "sn29.1:0.2": "Глава Наг",
  "sn29.1:0.3": "Сутта Чистая",
  "sn29.1:1.1": "В Саваттхи. ",
  "sn29.1:1.2": "“Монахи, есть четыре вида рождения нагов. ",
  "sn29.1:1.3": "Какие четыре? ",
  "sn29.1:1.4": "наги, рождённые из яиц, наги, рождённые из утробы, наги, рождённые из влаги, наги со спонтанным рождением.",
  "sn29.1:1.5": "Таковы четыре вида рождения нагов”.",
  "sn29.1:1.6": "Первая."
}