{
  "sn29.5:0.1": "Связанные Наставления 3.8.1.5",
  "sn29.5:0.2": "Глава Наг",
  "sn29.5:0.3": "Сутта Упосатха Третья.",
  "sn29.5:1.1": "В Саваттхи.",
  "sn29.5:1.2": "Рядом севший тот монах Благословенному это сказал:",
  "sn29.5:1.3": "“В чём, почтенный, условие и причина, почему некоторые наги, рождённые из влаги, соблюдают Упосатху и отбрасывают [беспокойство] о теле?”",
  "sn29.5:1.4": "(Всё должно быть расширено.)",
  "sn29.5:1.5": "“Это, монах, условие и причина, почему некоторые наги, рождённые из влаги, соблюдают Упосатху и отбрасывают [беспокойство] о теле?”",
  "sn29.5:1.6": "Пятая."
}