{
  "sn29.9:0.1": "Связанные Наставления 3.8.1.9",
  "sn29.9:0.2": "Глава Наг",
  "sn29.9:0.3": "Сутта Услышавший Третья",
  "sn29.9:1.1": "В Саваттхи. ",
  "sn29.9:1.2": "Сидя рядом, тот монах сказал Благословенному: ",
  "sn29.9:1.3": "“Почтенный, в чём условие и причина, почему кто-либо после распада тела, после смерти, перерождается среди нагов, рождённых из влаги?”",
  "sn29.9:1.4": "…",
  "sn29.9:1.5": "Вот, монах, в чём условие и причина, почему некий человек после распада тела, после смерти, перерождается среди нагов, рождённых из влаги”.",
  "sn29.9:1.6": "Девятая."
}