{
  "sn29.3:0.1": "Связанные Наставления 3.8.1.3",
  "sn29.3:0.2": "Глава Наг",
  "sn29.3:0.3": "Сутта Упосатха Первая ",
  "sn29.3:1.1": "В Саваттхи. ",
  "sn29.3:1.2": "И тогда один монах подошёл к Благословенному, поклонился ему, сел рядом и сказал: ",
  "sn29.3:1.3": "“В чём, почтенный, условие и причина, почему некоторые наги, рождённые из яиц, соблюдают Упосатху и отбрасывают [беспокойство] о теле?”",
  "sn29.3:2.1": "Монах, некоторые наги, рождённые из яиц, думают так: ",
  "sn29.3:2.2": "“В прошлом мы поступали двояко телом, речью, умом. ",
  "sn29.3:2.3": "Поступая так, после распада тела, после смерти, мы переродились среди нагов, рождённых из яиц. ",
  "sn29.3:2.4": "Если сейчас мы будем практиковать благое поведение телом, речью, умом, то тогда, после распада тела, после смерти, мы переродимся в благом уделе, в небесном мире. ",
  "sn29.3:2.5": "Так, ну же, почему бы нам не практиковать благое поведение телом, речью, умом?”.",
  "sn29.3:2.6": "Вот в чём условие и причина, монах, почему некоторые наги, рождённые из яиц, соблюдают Упосатху и отбрасывают [беспокойство] о теле”.",
  "sn29.3:2.7": "Третья."
}