{
  "sn29.6:0.1": "Связанные Наставления 3.8.1.6",
  "sn29.6:0.2": "Глава Наг",
  "sn29.6:0.3": "Сутта Упосатха Четвёртая.",
  "sn29.6:1.1": "В Саваттхи.",
  "sn29.6:1.2": "И тогда один монах подошёл к Благословенному, поклонился ему, сел рядом и сказал:",
  "sn29.6:1.3": "“В чём, почтенный, условие и причина, почему некоторые наги со спонтанным рождением, соблюдают Упосатху и отбрасывают [беспокойство] о своём теле?”",
  "sn29.6:2.1": "Вот, монах, некоторые наги со спонтанным рождением, думают так:",
  "sn29.6:2.2": "“В прошлом мы поступали двояко телом, речью, умом.",
  "sn29.6:2.3": "Поступая так, после распада тела, после смерти, мы переродились среди нагов со спонтанным рождением.",
  "sn29.6:2.4": "Если сейчас мы будем практиковать благое поведение телом, речью, умом, то тогда, после распада тела, после смерти, мы переродимся в благом уделе, в небесном мире.",
  "sn29.6:2.5": "Так, ну же, почему бы нам не практиковать благое поведение телом, речью, умом?”.",
  "sn29.6:2.6": "Вот, монах, в чём условие и причина, монах, почему некоторые наги со спонтанным рождением, соблюдают Упосатху и отбрасывают [беспокойство] о своём теле”.",
  "sn29.6:2.7": "Шестая."
}