{
  "sn29.8:0.1": "Связанные Наставления 3.8.1.8",
  "sn29.8:0.2": "Глава Наг",
  "sn29.8:0.3": "Сутта Услышавший Вторая",
  "sn29.8:1.1": "В Саваттхи. ",
  "sn29.8:1.2": "Сидя рядом, тот монах сказал Благословенному: ",
  "sn29.8:1.3": "“Почтенный, в чём условие и причина, почему кто-либо после распада тела, после смерти, перерождается среди нагов, рождённых из утробы?”",
  "sn29.8:1.4": "…",
  "sn29.8:1.5": "Вот, монах, в чём условие и причина, почему некий человек после распада тела, после смерти, перерождается среди нагов, рождённых из утробы”.",
  "sn29.8:1.6": "Восьмая."
}