{
  "sn29.21-50:0.1": "Связанные Наставления 3.8.1.21-50",
  "sn29.21-50:0.2": "Глава Наг",
  "sn29.21-50:0.3": "Тридцатка Сутт Рожденный из Утробы",
  "sn29.21-50:1.1": "В Саваттхи",
  "sn29.21-50:1.2": "Сидя рядом, тот монах сказал Благословенному: ",
  "sn29.21-50:1.3": "“Почтенный, в чём условие и причина, почему кто-либо после распада тела, после смерти, перерождается среди нагов, рождённых из утробы?”",
  "sn29.21-50:1.4": "рождённые из влаги…",
  "sn29.21-50:1.5": "со спонтанным рождением…",
  "sn29.21-50:2.1": "“Монах, вот некий человек ведёт себя двояко телом, речью, умом. ",
  "sn29.21-50:2.2": "И он услышал: ",
  "sn29.21-50:2.3": "“Спонтанно рождённый наги живут долго, красивы, и пребывают в неимоверном счастье”. ",
  "sn29.21-50:2.4": "И он думает: ",
  "sn29.21-50:2.5": "“Ох, вот бы мне после распада тела, после смерти, переродиться среди нагов со спонтанным рождением!”. ",
  "sn29.21-50:2.6": "И он дарит еду. ",
  "sn29.21-50:2.7": "“И он дарит питьё”…  ",
  "sn29.21-50:2.8": "“И он дарит лампу”… ",
  "sn29.21-50:2.9": "И тогда после распада тела, после смерти, он перерождается среди нагов, рождённых из яиц.",
  "sn29.21-50:2.10": "Вот, монах, в чём условие и причина, почему некий человек после распада тела, после смерти, перерождается среди нагов со спонтанным рождением”.",
  "sn29.21-50:3.1": "(Этой репризой должно быть повторен десять по десять сутт.",
  "sn29.21-50:3.2": "Так по четырём видам рождения сорок объяснений",
  "sn29.21-50:3.3": "С предыдущими десятью суттами пятьдесят сутт.)",
  "sn29.21-50:3.4": "Глава Наг Первая.",
  "sn29.21-50:4.0": "Оглавление.",
  "sn29.21-50:4.1": "",
  "sn29.21-50:4.2": "",
  "sn29.21-50:4.3": "",
  "sn29.21-50:4.4": "",
  "sn29.21-50:4.5": "",
  "sn29.21-50:4.6": "",
  "sn29.21-50:4.7": "Нагасаньютта Закончена."
}