{
  "sn29.11-20:0.1": "Связанные Наставления 3.8.1.11-20",
  "sn29.11-20:0.2": "Глава Наг",
  "sn29.11-20:0.3": "Десятка Сутт Рожденный из Яйца ",
  "sn29.11-20:1.1": "Сидя рядом, тот монах сказал Благословенному: ",
  "sn29.11-20:1.2": "“Почтенный, в чём условие и причина, почему кто-либо после распада тела, после смерти, перерождается среди нагов, рождённых из яиц?”",
  "sn29.11-20:2.1": "“Монах, вот некий человек ведёт себя двояко телом, речью, умом. ",
  "sn29.11-20:2.2": "И он услышал: ",
  "sn29.11-20:2.3": "“Рождённые из яиц наги живут долго, красивы, и пребывают в неимоверном счастье”. ",
  "sn29.11-20:2.4": "И он думает: ",
  "sn29.11-20:2.5": "“Ох, вот бы мне после распада тела, после смерти, переродиться среди нагов, рождённых из яиц!”. ",
  "sn29.11-20:2.6": "И он дарит еду. ",
  "sn29.11-20:2.7": "И тогда после распада тела, после смерти, он перерождается среди нагов, рождённых из яиц.",
  "sn29.11-20:2.8": "Вот, монах, в чём условие и причина, почему некий человек после распада тела, после смерти, перерождается среди нагов, рождённых из яиц”.",
  "sn29.11-20:2.9": "“И он дарит питьё”… ",
  "sn29.11-20:2.10": "“И он дарит одежду”… ",
  "sn29.11-20:2.11": "“И он дарит средство передвижения”… ",
  "sn29.11-20:2.12": "“И он дарит гирлянду”… ",
  "sn29.11-20:2.13": "“И он дарит благовония”… ",
  "sn29.11-20:2.14": "“И он дарит мази”… ",
  "sn29.11-20:2.15": "“И он дарит постель”… ",
  "sn29.11-20:2.16": "“И он дарит жилище”… ",
  "sn29.11-20:2.17": "“И он дарит лампу”…",
  "sn29.11-20:2.18": "И тогда после распада тела, после смерти, он перерождается среди нагов, рождённых из яиц.",
  "sn29.11-20:2.19": "Вот, монах, в чём условие и причина, почему некий человек после распада тела, после смерти, перерождается среди нагов, рождённых из яиц”.",
  "sn29.11-20:2.20": "Двадцатая."
}