{
  "sn29.2:0.1": "Связанные Наставления 3.8.1.2",
  "sn29.2:0.2": "Глава Наг",
  "sn29.2:0.3": "Сутта Более Возвышенная",
  "sn29.2:1.1": "В Саваттхи. ",
  "sn29.2:1.2": "“Монахи, есть четыре вида рождения нагов. ",
  "sn29.2:1.3": "Какие четыре? ",
  "sn29.2:1.4": "наги, рождённые из яиц, наги, рождённые из утробы, наги, рождённые из влаги, наги со спонтанным рождением.",
  "sn29.2:1.5": "Монахи, наги, рождённые из утробы, из влаги и рождённые спонтанно, превосходят нагов, рождённых из яиц. ",
  "sn29.2:1.6": "Наги, рождённые из влаги и рождённые спонтанно, превосходят нагов, рождённых из утробы и из яиц. ",
  "sn29.2:1.7": "Наги, рождённые спонтанно, превосходят нагов, рождённых из яиц, из утробы, из влаги.",
  "sn29.2:1.8": "Таковы четыре вида рождения нагов”.",
  "sn29.2:1.9": "Вторая."
}