{
  "sn49.1-12:0.1": "Связанные Наставления 5.5.1.1-12",
  "sn49.1-12:0.2": "Глава Ганга Сокращение",
  "sn49.1-12:0.3": "Сутта Начинающаяся с Востока",
  "sn49.1-12:1.1": "В Саваттхи. ",
  "sn49.1-12:1.2": "Там Благословенный сказал следующее: ",
  "sn49.1-12:1.3": "“Монахи, существуют эти четыре правильных усилия. ",
  "sn49.1-12:1.4": "Какие четыре?",
  "sn49.1-12:1.5": "Вот, монахи, монах порождает желание к не-возникновению невозникших плохих, неблагих состояний [ума]. Он прилагает усилие, порождает усердие, направляет на это ум, старается.",
  "sn49.1-12:1.6": "Он порождает желание к отбрасыванию возникших плохих, неблагих состояний. Он прилагает усилие, порождает усердие, направляет на это ум, старается.",
  "sn49.1-12:1.7": "Он порождает желание к возникновению невозникших благих состояний. Он прилагает усилие, порождает усердие, направляет на это ум, старается.",
  "sn49.1-12:1.8": "Он порождает желание к поддержанию возникших благих состояний, к их не-угасанию, увеличению, разрастанию, осуществлению посредством развития. Он прилагает усилие, порождает усердие, направляет на это ум, старается.",
  "sn49.1-12:1.9": "Это, монахи, четыре правильных усилия. ",
  "sn49.1-12:2.1": "Монахи, подобно тому, как река Ганг направляется, склоняется, устремляется к востоку – ",
  "sn49.1-12:2.2": "то точно также монах, который развивает и взращивает четыре правильных усилия, направляется, склоняется, устремляется к ниббане.",
  "sn49.1-12:2.3": "И как, монахи, монах развивает и взращивает четыре правильных усилия, [так что] направляется, склоняется, устремляется к ниббане?",
  "sn49.1-12:2.4": "Вот, монахи, монах порождает желание к не-возникновению невозникших плохих, неблагих состояний [ума]. ",
  "sn49.1-12:2.5": "Он порождает желание к отбрасыванию возникших плохих… ",
  "sn49.1-12:2.6": "Он порождает желание к возникновению невозникших благих… ",
  "sn49.1-12:2.7": "Он порождает желание к поддержанию возникших благих состояний… направляет на это ум, старается.",
  "sn49.1-12:2.8": "Таким образом, монахи, монах развивает и взращивает четыре правильных усилия, [так что] направляется, склоняется, устремляется к ниббане”.",
  "sn49.1-12:2.9": "Двенадцатая.",
  "sn49.1-12:2.10": "Глава Ганга Сокращение Первая.",
  "sn49.1-12:3.1": "",
  "sn49.1-12:4.0": "Оглавление.",
  "sn49.1-12:4.1": "",
  "sn49.1-12:4.2": "",
  "sn49.1-12:4.3": "",
  "sn49.1-12:4.4": ""
}