{
  "sn49.35-44:0.1": "Связанные Наставления 5.5.4.35-44",
  "sn49.35-44:0.2": "Глава Есана",
  "sn49.35-44:0.3": "Десятка Сутт начинающиеся с Поиска",
  "sn49.35-44:1.1": "“Монахи, есть эти три вида поисков. ",
  "sn49.35-44:1.2": "Какие три? ",
  "sn49.35-44:1.3": "Поиски чувственного удовольствия, поиски существования, поиски святой жизни1. ",
  "sn49.35-44:1.4": "Таковы три вида поисков. ",
  "sn49.35-44:1.5": "Эти четыре правильных усилия следует развить ради прямого знания этих трёх поисков.",
  "sn49.35-44:1.6": "И каковы эти четыре правильных усилия? ",
  "sn49.35-44:1.7": "Вот, монахи, монах порождает желание к не-возникновению невозникших плохих, неблагих состояний [ума]. ",
  "sn49.35-44:1.8": "Он порождает желание к поддержанию возникших благих состояний… ",
  "sn49.35-44:1.9": "Эти четыре правильных усилия следует развить ради полного оставления этих трёх поисков”.",
  "sn49.35-44:1.10": "(Должно быть расширенно.)",
  "sn49.35-44:1.11": "Десятая.",
  "sn49.35-44:1.12": "Глава Есана Четвертая.",
  "sn49.35-44:2.0": "Оглавление.",
  "sn49.35-44:2.1": "",
  "sn49.35-44:2.2": "",
  "sn49.35-44:2.3": "",
  "sn49.35-44:2.4": ""
}