{
  "sn49.23-34:0.1": "Связанные Наставления 5.5.3.23-34",
  "sn49.23-34:0.2": "Глава Балакарания",
  "sn49.23-34:0.3": "Сутты начинающиеся с Балакарания",
  "sn49.23-34:1.1": "“Монахи, подобно тому, как любые поступки, требующие усилия, основываются на земле, опираются на землю – ",
  "sn49.23-34:1.2": "то точно также, основываясь на нравственности, опираясь на нравственность, монах развивает четыре правильных усилия.",
  "sn49.23-34:1.3": "И как, монахи, монах, основываясь на нравственности, опираясь на нравственность, развивает четыре правильных усилия? ",
  "sn49.23-34:1.4": "Вот, монахи, монах порождает желание к не-возникновению невозникших плохих, неблагих состояний [ума]. ",
  "sn49.23-34:1.5": "Он порождает желание к поддержанию возникших благих состояний… ",
  "sn49.23-34:1.6": "которое основывается на отречении, бесстрастии, прекращении, созревает в оставлении…",
  "sn49.23-34:1.7": "(Так глава балакания правильным старанием должна быть расширена.)",
  "sn49.23-34:1.8": "Двенадцатая.",
  "sn49.23-34:1.9": "Глава Балакарания Третья.",
  "sn49.23-34:2.0": "Оглавление.",
  "sn49.23-34:2.1": "",
  "sn49.23-34:2.2": "",
  "sn49.23-34:2.3": "",
  "sn49.23-34:2.4": ""
}