{
  "sn49.45-54:0.1": "Связанные Наставления 5.5.5.45-54",
  "sn49.45-54:0.2": "Глава Огха",
  "sn49.45-54:0.3": "Сутты начинающиеся с Наводнения",
  "sn49.45-54:1.1": "“Монахи, есть эти пять высших оков. ",
  "sn49.45-54:1.2": "Какие пять?",
  "sn49.45-54:1.3": "Жажда к формам, жажда к бесформенности, самомнение, неугомонность, невежество.",
  "sn49.45-54:1.4": "Таковы пять высших оков. ",
  "sn49.45-54:1.5": "Эти четыре правильных усилия следует развивать ради прямого знания этих пяти высших оков, ради полного их понимания, ради полного их уничтожения, ради полного их отбрасывания…",
  "sn49.45-54:1.6": "Какие четыре?",
  "sn49.45-54:1.7": "Вот, монахи, монах порождает желание к не-возникновению невозникших…",
  "sn49.45-54:1.8": "Он порождает желание к поддержанию возникших благих состояний… ",
  "sn49.45-54:1.9": "Эти четыре правильных усилия следует развить ради познания, полного понимания, исчерпания, покидания этих пяти высших оков.",
  "sn49.45-54:1.10": "(Должно быть расширенно.)",
  "sn49.45-54:1.11": "Десятая.",
  "sn49.45-54:1.12": "Глава Огха Пятая.",
  "sn49.45-54:2.0": "Оглавление.",
  "sn49.45-54:2.1": "",
  "sn49.45-54:2.2": "",
  "sn49.45-54:2.3": "",
  "sn49.45-54:2.4": "",
  "sn49.45-54:2.5": "Саммападханасаньютта Пятая."
}