{
  "sn17.9:0.1": "Связанные Наставления 2.6.1.9",
  "sn17.9:0.2": "Глава Первая",
  "sn17.9:0.3": "Сутта Неистовый",
  "sn17.9:1.1": "В Саваттхи. ",
  "sn17.9:1.2": "“Монахи, ужасны и опасны приобретения, уважение и похвала – мучительные, отвратительные, препятствующие достижению непревзойдённой защиты от подневольности.",
  "sn17.9:1.3": "Монахи, высоко в небе дуют ветра, называемые штормовыми. ",
  "sn17.9:1.4": "Если птица поднимается туда, штормовые ветра швыряют её, ",
  "sn17.9:1.5": "и по мере того как её швыряет штормовыми ветрами, её ноги кидает в одну сторону, крылья кидает в другую сторону, голову кидает в третью сторону, а тело в четвёртую.",
  "sn17.9:1.6": "Точно также, монахи, тот монах, чей ум охвачен приобретениями, уважением и похвалой, одевается утром, берёт чашу и верхнее одеяние, входит в деревню или город в поисках подаяний, не охраняя тело, речь и ум, не устанавливая осознанности, не сдерживая своих органов чувств. ",
  "sn17.9:1.7": "Там он видит легко одетую женщину, ",
  "sn17.9:1.8": "и его ум наводняется похотью. ",
  "sn17.9:1.9": "С умом, наводнённым похотью, он оставляет тренировку и возвращается к низшей жизни [домохозяина]. ",
  "sn17.9:1.10": "Кто-то забирает его одежду, кто-то – его чашу, кто-то – его коврик, кто-то – его футляр для хранения игл, как в случае с птицей, которую швыряет штормовыми ветрами.",
  "sn17.9:1.11": "Настолько ужасны и опасны приобретения, уважение и похвала…",
  "sn17.9:1.12": "Так вы должны тренировать себя”.",
  "sn17.9:1.13": "Девятая."
}