{
  "sn17.37:0.1": "Связанные Наставления 2.6.4.37",
  "sn17.37:0.2": "Глава Четвёртая",
  "sn17.37:0.3": "Сутта Мама",
  "sn17.37:1.1": "В Саваттхи.",
  "sn17.37:1.2": "“Монахи, ужасны и опасны приобретения, уважение и похвала – мучительные, отвратительные, препятствующие достижению непревзойдённой защиты от подневольности.",
  "sn17.37:1.3": "Монахи, я знал здесь одного человека, чей ум я рассмотрел своим собственным умом:",
  "sn17.37:1.4": "“Этот почтенный не произнесёт намеренной лжи даже ради [благополучия] своей матери”.",
  "sn17.37:1.5": "Но, всё же, позже я вижу, как он с умом, охваченным приобретениями, уважением и похвалой, говорит намеренную ложь.",
  "sn17.37:1.6": "Настолько ужасны и опасны приобретения, уважение и похвала – мучительные, отвратительные, препятствующие достижению непревзойдённой защиты от подневольности.",
  "sn17.37:1.7": "Поэтому, монахи, вот как вы должны тренировать себя: ",
  "sn17.37:1.8": "“Мы отбросим возникшие приобретения, уважение и похвалу ",
  "sn17.37:1.9": "и не позволим возникшим приобретениям, уважению и похвале утвердиться в завладении нашими умами”. ",
  "sn17.37:1.10": "Так вы должны тренировать себя”.",
  "sn17.37:1.11": "Седьмая."
}