{
  "sn17.7:0.1": "Связанные Наставления 2.6.1.7",
  "sn17.7:0.2": "Глава Первая",
  "sn17.7:0.3": "Сутта Отравленный",
  "sn17.7:1.1": "В Саваттхи. ",
  "sn17.7:1.2": "“Монахи, ужасны и опасны приобретения, уважение и похвала… от подневольности.",
  "sn17.7:1.3": "Монахи, кого пронзит дротик, обмазанный ядом? Ученика, на которого свалились приобретения, уважение и похвала, в то время как он ещё не достиг идеала своего ума. ",
  "sn17.7:2.1": "Дротик, монахи – это обозначение приобретений, уважения и похвалы.",
  "sn17.7:2.2": "Настолько ужасны и опасны приобретения, уважение и похвала…",
  "sn17.7:2.3": "Так вы должны тренировать себя”.",
  "sn17.7:2.4": "Седьмая."
}