{
  "sn17.10:0.1": "Связанные Наставления 2.6.1.10",
  "sn17.10:0.2": "Глава Первая",
  "sn17.10:0.3": "Сутта Со Строфами",
  "sn17.10:1.1": "В Саваттхи. ",
  "sn17.10:1.2": "“Монахи, ужасны и опасны приобретения, уважение и похвала… от подневольности.",
  "sn17.10:1.3": "Монахи, я вижу, как человек, чей ум охвачен уважением, после распада тела, после смерти, перерождается в состоянии лишений, в неблагих уделах, в нижних мирах, в аду.",
  "sn17.10:1.4": "Далее, я вижу, как человек, чей ум охвачен недостатком уважения, после распада тела, после смерти, перерождается в состоянии лишений, в неблагих уделах, в нижних мирах, в аду.",
  "sn17.10:1.5": "Далее, я вижу, как человек, чей ум охвачен и уважением и недостатком уважения, после распада тела, после смерти, перерождается в состоянии лишений, в неблагих уделах, в нижних мирах, в аду.",
  "sn17.10:1.6": "Настолько ужасны и опасны приобретения, уважение и похвала… ",
  "sn17.10:1.7": "Так вы должны тренировать себя”.",
  "sn17.10:2.1": "Так сказал Благословенный. ",
  "sn17.10:2.2": "И сказав это, Счастливейший, Учитель, далее добавил:",
  "sn17.10:3.1": "“Не суть, встречается ли с уважением,",
  "sn17.10:3.2": "Или с бесславием, или и с тем, и с тем –",
  "sn17.10:3.3": "Его сосредоточенность не дрогнет,",
  "sn17.10:3.4": "Ведь пребывает он в безмерном состоянии.",
  "sn17.10:4.1": "С настойчивостью в медитации,",
  "sn17.10:4.2": "Провидец с утончённым взором,",
  "sn17.10:4.3": "Он восторгается в уничтожении цепляния,",
  "sn17.10:4.4": "Люди зовут его великим”.",
  "sn17.10:4.5": "Десятая.",
  "sn17.10:4.6": "Глава Первая.",
  "sn17.10:5.0": "Оглавление",
  "sn17.10:5.1": "",
  "sn17.10:5.2": "",
  "sn17.10:5.3": "",
  "sn17.10:5.4": ""
}