{
  "sn17.34:0.1": "Связанные Наставления 2.6.4.34",
  "sn17.34:0.2": "Глава Четвёртая",
  "sn17.34:0.3": "Сутта Суккадхамма",
  "sn17.34:1.1": "В Саваттхи. ",
  "sn17.34:1.2": "“Монахи, ужасны и опасны приобретения, уважение и похвала.",
  "sn17.34:1.3": "Поскольку его ум был охвачен приобретениями, уважением и похвалой, яркая природа [ума] Девадатты была отрезана.",
  "sn17.34:1.4": "Настолько ужасны и опасны, монахи, приобретения, уважение и похвала… ",
  "sn17.34:1.5": "Вот как вы должны тренировать себя”.",
  "sn17.34:1.6": "Четвёртая."
}