{
  "sn17.29:0.1": "Связанные Наставления 2.6.3.29",
  "sn17.29:0.2": "Глава Третья",
  "sn17.29:0.3": "Сутта Веревка",
  "sn17.29:1.1": "В Саваттхи. ",
  "sn17.29:1.2": "“Монахи, ужасны и опасны приобретения, уважение, и похвала.",
  "sn17.29:1.3": "Приобретения, уважение и похвала прорезают внешнюю кожу, затем внутреннюю кожу, затем плоть, затем сухожилия, затем кости. Прорезав кости, они проникают прямо в костный мозг.",
  "sn17.29:2.1": "Представьте, монахи, как если бы сильный человек обвязал бы чью-либо ногу упругой верёвкой из конского волоса и сильно её затянул. ",
  "sn17.29:2.2": "Она бы прорезала внешнюю кожу, затем внутреннюю кожу, затем плоть, затем сухожилия, затем кости. Прорезав кости, она проникла бы прямо в костный мозг. ",
  "sn17.29:2.3": "Точно также, монахи, уважение и похвала прорезают внешнюю кожу, затем внутреннюю кожу, затем плоть, затем сухожилия, затем кости. Прорезав кости, они проникают прямо в костный мозг.",
  "sn17.29:2.4": "Настолько ужасны и опасны приобретения, уважение, и похвала…",
  "sn17.29:2.5": "Так вы должны тренировать себя”.",
  "sn17.29:2.6": "Девятая."
}