{
  "sn17.12:0.1": "Связанные Наставления 2.6.2.12",
  "sn17.12:0.2": "Глава Вторая",
  "sn17.12:0.3": "Сутта Серебряная Чаша",
  "sn17.12:1.1": "В Саваттхи. ",
  "sn17.12:1.2": "“Монахи, ужасны и опасны приобретения, уважение и похвала… от подневольности.",
  "sn17.12:1.3": "Монахи, я знал здесь одного человека, чей ум я рассмотрел своим собственным умом: ",
  "sn17.12:1.4": "“Этот почтенный не произнесёт намеренной лжи даже ради чаши, сделанной из серебра и наполненной золотой пылью”. ",
  "sn17.12:1.5": "Но, всё же, позже я вижу, как он с умом, охваченным приобретениями, уважением и похвалой, говорит намеренную ложь.",
  "sn17.12:1.6": "Настолько ужасны и опасны приобретения, уважение и похвала… ",
  "sn17.12:1.7": "Так вы должны тренировать себя”.",
  "sn17.12:1.8": "Вторая."
}