{
  "sn17.35:0.1": "Связанные Наставления 2.6.4.35",
  "sn17.35:0.2": "Глава Четвёртая",
  "sn17.35:0.3": "Сутта Недавно Ушедший",
  "sn17.35:1.1": "Однажды Благословенный пребывал в Раджагахе на горе под названием Пик Грифов вскоре после того, как Девадатта ушёл. ",
  "sn17.35:1.2": "И там в отношении Девадатты Благословенный обратился к монахам:",
  "sn17.35:1.3": "“Монахи, приобретения, уважение и похвала привели Девадатту к его собственному падению и погибели. ",
  "sn17.35:2.1": "Подобно тому, как банановая пальма даёт урожай к своему собственному падению и погибели, ",
  "sn17.35:2.2": "точно также, приобретения, уважение и похвала привели Девадатту к его собственному падению и погибели. ",
  "sn17.35:3.1": "Подобно тому, как бамбук даёт урожай к своему собственному падению и погибели, ",
  "sn17.35:3.2": "точно также, приобретения, уважение и похвала привели Девадатту к его собственному падению и погибели. ",
  "sn17.35:4.1": "Подобно тому, как камыш даёт урожай к своему собственному падению и погибели, ",
  "sn17.35:4.2": "точно также, приобретения, уважение и похвала привели Девадатту к его собственному падению и погибели. ",
  "sn17.35:5.1": "Подобно тому, как мул беременеет к своему собственному падению и погибели, ",
  "sn17.35:5.2": "точно также, приобретения, уважение и похвала привели Девадатту к его собственному падению и погибели.",
  "sn17.35:5.3": "Настолько ужасны и опасны, монахи, приобретения, уважение и похвала.",
  "sn17.35:5.4": "Так вы должны тренировать себя”.",
  "sn17.35:6.1": "Так сказал Благословенный. ",
  "sn17.35:6.2": "И сказав это, Счастливейший, Учитель, далее добавил:",
  "sn17.35:7.1": "“Как свой же плод ведёт к погибели",
  "sn17.35:7.2": "Бамбука, пальмы, тростника,",
  "sn17.35:7.3": "И как зародыш убивает мула,",
  "sn17.35:7.4": "То также слава рушит негодяя”.",
  "sn17.35:7.5": "Пятая."
}