{
  "sn17.26:0.1": "Связанные Наставления 2.6.3.26",
  "sn17.26:0.2": "Глава Третья",
  "sn17.26:0.3": "Сутта Шаманы и Брахманы Вторая",
  "sn17.26:1.1": "В Саваттхи. ",
  "sn17.26:1.2": "“Монахи, те жрецы и отшельники, которые не понимают в соответствии с действительностью происхождения и исчезновения, привлекательности, опасности, спасения в отношении приобретений, уважения и похвалы…",
  "sn17.26:1.3": "понимают…",
  "sn17.26:1.4": "познав это для себя самостоятельно посредством прямого знания в этой самой жизни, и пребывают в цели отшельничества или в цели жречества”.",
  "sn17.26:1.5": "Шестая."
}