{
  "sn17.33:0.1": "Связанные Наставления 2.6.4.33",
  "sn17.33:0.2": "Глава Четвёртая",
  "sn17.33:0.3": "Сутта Кусаладхамма",
  "sn17.33:1.1": "В Саваттхи. ",
  "sn17.33:1.2": "“Монахи, ужасны и опасны приобретения, уважение и похвала.",
  "sn17.33:1.3": "Поскольку его ум был охвачен приобретениями, уважением и похвалой, Благая природа [ума] Девадатты была отрезана.",
  "sn17.33:1.4": "Настолько ужасны и опасны, монахи, приобретения, уважение и похвала… ",
  "sn17.33:1.5": "Вот как вы должны тренировать себя”.",
  "sn17.33:1.6": "Третья."
}