{
  "sn17.5:0.1": "Связанные Наставления 2.6.1.5",
  "sn17.5:0.2": "Глава Первая",
  "sn17.5:0.3": "Сутта Навозный жук",
  "sn17.5:1.1": "В Саваттхи. ",
  "sn17.5:1.2": "“Монахи, ужасны и опасны приобретения, уважение и похвала… от подневольности.",
  "sn17.5:1.3": "Представьте навозного жука, питающегося навозом, набитого навозом, переполненного навозом, и перед ним была бы огромная навозная куча. ",
  "sn17.5:1.4": "Из-за этого он бы относился с презрением к другим жукам, рассуждая так: ",
  "sn17.5:1.5": "“Я ем навоз, набит навозом, переполнен навозом, и передо мной вот эта огромная навозная куча”.",
  "sn17.5:1.6": "Точно также, монахи, бывает так, когда монах, чей ум охвачен и порабощён приобретениями, уважением и похвалой, одевается ранним утром, берёт чашу и верхнее одеяние, входит в деревню или в город в поисках подаяний. ",
  "sn17.5:1.7": "Там он ест столько, сколько хочет, и его приглашают на завтрашний обед, и у него много еды, полученной с подаяний. ",
  "sn17.5:1.8": "Когда он возвращается обратно в монастырь, он хвастается перед другими монахами: ",
  "sn17.5:1.9": "“Я съел столько, сколько хотел, меня пригласили на завтрашний обед, у меня много еды, полученной с подаяний. Мне дают одежды, еду, кров и лекарства, а у этих других монахов мало заслуг и влияния, и им не дают одежду, еду, кров и лекарства”. ",
  "sn17.5:1.10": "Так, поскольку его ум охвачен и порабощён приобретениями, уважением и похвалой, он унижает других, хороших монахов. ",
  "sn17.5:1.11": "Это приведёт этого глупого человека к длительному вреду и страданию.",
  "sn17.5:1.12": "Настолько ужасны и опасны приобретения, уважение и похвала…",
  "sn17.5:1.13": "Так вы должны тренировать себя”.",
  "sn17.5:1.14": "Пятая."
}