{
  "sn17.21:0.1": "Связанные Наставления 2.6.3.21",
  "sn17.21:0.2": "Глава Третья",
  "sn17.21:0.3": "Сутта Женщина",
  "sn17.21:1.1": "В Саваттхи. ",
  "sn17.21:1.2": "“Монахи, ужасны и опасны приобретения, уважение и похвала… от подневольности.",
  "sn17.21:1.3": "Монахи, даже если кто-то находится наедине с женщиной, может быть так, что это не охватит [похотью] его ум, но всё же приобретения, уважение и похвала могут охватить его ум.",
  "sn17.21:1.4": "Настолько ужасны и опасны приобретения, уважение и похвала… ",
  "sn17.21:1.5": "Так вы должны тренировать себя”.",
  "sn17.21:1.6": "Первая."
}