{
  "sn17.30:0.1": "Связанные Наставления 2.6.3.30",
  "sn17.30:0.2": "Глава Третья",
  "sn17.30:0.3": "Сутта Монах",
  "sn17.30:1.1": "В Саваттхи. ",
  "sn17.30:1.2": "“Монахи, приобретения, уважение, и похвала, я говорю вам, являются препятствием даже для монаха, который арахант, чьи пятна [загрязнений ума] уничтожены”.",
  "sn17.30:1.3": "Когда так было сказано, Достопочтенный Ананда спросил Благословенного: ",
  "sn17.30:1.4": "“Но почему, почтенный, приобретения, уважение, и похвала являются препятствием даже для монаха, чьи пятна уничтожены?”",
  "sn17.30:1.5": "“Ананда, я не утверждаю, что приобретения, уважение, и похвала являются препятствием для его непоколебимого освобождения ума. ",
  "sn17.30:1.6": "Но я говорю, что они являются препятствием для [его достижения] тех приятных пребываний в этой самой жизни, которые достигнуты тем, кто пребывает старательным, бдительным и решительным1.",
  "sn17.30:1.7": "Настолько ужасны и опасны, Ананда, приобретения, уважение и похвала – мучительные, отвратительные, препятствующие достижению непревзойдённой защиты от подневольности.",
  "sn17.30:1.8": "Поэтому, Ананда, так вы должны тренировать себя: ",
  "sn17.30:1.9": "“Мы отбросим возникшие приобретения, уважение и похвалу и не позволим возникшим приобретениям, уважению и похвале утвердиться в завладении нашими умами”. ",
  "sn17.30:1.10": "Так вы должны тренировать себя”.",
  "sn17.30:1.11": "Десятая.",
  "sn17.30:1.12": "Глава Третья.",
  "sn17.30:2.0": "",
  "sn17.30:2.1": "",
  "sn17.30:2.2": "",
  "sn17.30:2.3": "",
  "sn17.30:2.4": ""
}