{
  "sn17.8:0.1": "Связанные Наставления 12.6.1.8",
  "sn17.8:0.2": "Глава Первая",
  "sn17.8:0.3": "Сутта Шакал",
  "sn17.8:1.1": "В Саваттхи. ",
  "sn17.8:1.2": "“Монахи, ужасны и опасны приобретения, уважение и похвала… от подневольности.",
  "sn17.8:1.3": "Монахи, слышали ли вы, как перед рассветом выл старый шакал?”",
  "sn17.8:1.4": "“Да, почтенный”.",
  "sn17.8:1.5": "“Этот старый шакал поражён болезнью, что зовётся чесоткой. ",
  "sn17.8:1.6": "Ему не найти облегчения ни в пещере, ни у подножья дерева, ни под открытым небом. Куда бы он ни шёл, где бы он ни стоял, где бы он ни сидел, где бы он ни лежал, всюду его преследует беда и несчастье.",
  "sn17.8:1.7": "Точно также, монахи, тот монах, чей ум охвачен приобретениями, уважением и похвалой, не находит облегчения ни в пустом жилище, ни у подножья дерева, ни под открытым небом. ",
  "sn17.8:1.8": "Куда бы он ни шёл, всюду его преследует беда и несчастье.",
  "sn17.8:1.9": "Настолько ужасны и опасны приобретения, уважение и похвала…",
  "sn17.8:1.10": "Так вы должны тренировать себя”.",
  "sn17.8:1.11": "Восьмая."
}