{
  "sn17.38-43:0.1": "Связанные Наставления 2.6.4.38-43",
  "sn17.38-43:0.2": "Глава Четвёртая",
  "sn17.38-43:0.3": "Шестёрка Сутт Начинающаяся с Отца ",
  "sn17.38-43:1.1": "В Саваттхи.",
  "sn17.38-43:1.2": "“Монахи, ужасны и опасны приобретения, уважение и похвала – мучительные, отвратительные, препятствующие достижению непревзойдённой защиты от подневольности.",
  "sn17.38-43:1.3": "Монахи, я знал здесь одного человека, чей ум я рассмотрел своим собственным умом:",
  "sn17.38-43:1.4": "… даже ради [благополучия] своего отца”…. ",
  "sn17.38-43:1.5": "(должно быть развернуто) …",
  "sn17.38-43:1.6": "… даже ради [благополучия] своего брата”…. ",
  "sn17.38-43:1.7": "… даже ради [благополучия] своей сестры”….",
  "sn17.38-43:1.8": "… даже ради [благополучия] своего сына”…. ",
  "sn17.38-43:1.9": "… даже ради [благополучия] своей дочери”…. ",
  "sn17.38-43:1.10": "… даже ради [благополучия] своей жены”…. ",
  "sn17.38-43:1.11": "Но, всё же, позже я вижу, как он с умом, охваченным приобретениями, уважением и похвалой, говорит намеренную ложь.",
  "sn17.38-43:1.12": "Настолько ужасны и опасны приобретения, уважение и похвала – мучительные, отвратительные, препятствующие достижению непревзойдённой защиты от подневольности.",
  "sn17.38-43:1.13": "Поэтому, монахи, вот как вы должны тренировать себя: ",
  "sn17.38-43:1.14": "“Мы отбросим возникшие приобретения, уважение и похвалу и не позволим возникшим приобретениям, уважению и похвале утвердиться в завладении нашими умами”. ",
  "sn17.38-43:1.15": "Так вы должны тренировать себя”.",
  "sn17.38-43:1.16": "Тринадцатая.",
  "sn17.38-43:1.17": "Глава Четвёртая.",
  "sn17.38-43:2.0": "Оглавление",
  "sn17.38-43:2.1": "",
  "sn17.38-43:2.2": "",
  "sn17.38-43:2.3": "",
  "sn17.38-43:2.4": "",
  "sn17.38-43:2.5": "Лабхасаккарасаньютта завершена."
}