{
  "sn17.28:0.1": "Связанные Наставления 2.6.3.28",
  "sn17.28:0.2": "Глава Третья",
  "sn17.28:0.3": "Сутта Кожа",
  "sn17.28:1.1": "В Саваттхи. ",
  "sn17.28:1.2": "“Монахи, ужасны и опасны приобретения, уважение, и похвала.",
  "sn17.28:1.3": "Приобретения, уважение, и похвала прорезают внешнюю кожу, затем внутреннюю кожу, затем плоть, затем сухожилия, затем кости. Прорезав кости, они проникают прямо в костный мозг.",
  "sn17.28:1.4": "Настолько ужасны и опасны приобретения, уважение, и похвала…",
  "sn17.28:1.5": "Так вы должны тренировать себя”.",
  "sn17.28:1.6": "Восьмая."
}