{
  "sn17.25:0.1": "Связанные Наставления 2.6.3.25",
  "sn17.25:0.2": "Глава Третья",
  "sn17.25:0.3": "Сутта Шаманы и Брахманы ",
  "sn17.25:1.1": "В Саваттхи. ",
  "sn17.25:1.2": "“Монахи, те жрецы и отшельники, которые не понимают в соответствии с действительностью привлекательности, опасности, спасения в отношении приобретений, уважения и похвалы –",
  "sn17.25:1.3": "таких я не считаю жрецами среди жрецов и отшельниками среди отшельников, и эти почтенные не входят, познав это для себя самостоятельно посредством прямого знания в этой самой жизни, и не пребывают в цели отшельничества или в цели жречества.",
  "sn17.25:1.4": "Но, монахи, те жрецы и отшельники, которые понимают в соответствии с действительностью привлекательность, опасность, спасение в отношении приобретений, уважения и похвалы – ",
  "sn17.25:1.5": "таких я считаю жрецами среди жрецов и отшельниками среди отшельников, и эти почтенные входят, познав это для себя самостоятельно посредством прямого знания в этой самой жизни, и пребывают в цели отшельничества или в цели жречества”.",
  "sn17.25:1.6": "Пятая."
}