{
  "sn17.2:0.1": "Связанные Наставления 2.6.1.2",
  "sn17.2:0.2": "Глава Первая",
  "sn17.2:0.3": "Сутта Крючок",
  "sn17.2:1.1": "В Саваттхи. ",
  "sn17.2:1.2": "“Монахи, ужасны и опасны приобретения, уважение и похвала – мучительные, отвратительные, препятствующие достижению непревзойдённой защиты от подневольности.",
  "sn17.2:1.3": "Представьте, как если бы рыбак бросил крюк с наживкой в глубокое озеро, ",
  "sn17.2:1.4": "и ищущая пищу рыба проглотила бы его. ",
  "sn17.2:1.5": "Эту рыбу, проглотившую рыбацкий крюк, ожидала бы беда и несчастье, и рыбак мог бы сделать с ней всё, что пожелает.",
  "sn17.2:2.1": "Рыбак, монахи – это обозначение Злого Мары. ",
  "sn17.2:2.2": "Крюк с наживкой – это обозначение приобретений, уважения и похвалы. ",
  "sn17.2:2.3": "Любой монах, который довольствуется и наслаждается возникшими приобретениями, уважением и похвалой, зовётся монахом, который проглотил крюк с наживкой, который встретил беду и несчастье, и Злой Мара может делать с ним всё, что пожелает. ",
  "sn17.2:2.4": "Настолько ужасны и опасны приобретения, уважение и похвала – мучительные, отвратительные, препятствующие достижению непревзойдённой защиты от подневольности.",
  "sn17.2:2.5": "Поэтому, монахи, вот как вы должны тренировать себя: ",
  "sn17.2:2.6": "“Мы отбросим возникшие приобретения, уважение и похвалу и не позволим возникшим приобретениям, уважению и похвале утвердиться в завладении нашими умами”. ",
  "sn17.2:2.7": "Так вы должны тренировать себя”.",
  "sn17.2:2.8": "Вторая."
}