{
  "sn17.4:0.1": "Связанные Наставления 2.6.1.4",
  "sn17.4:0.2": "Глава Первая",
  "sn17.4:0.3": "Сутта Длинношёрстная",
  "sn17.4:1.1": "В Саваттхи. ",
  "sn17.4:1.2": "“Монахи, ужасны и опасны приобретения, уважение и похвала… от подневольности.",
  "sn17.4:1.3": "Представьте, как если бы длинношёрстная коза зашла бы в колючки. ",
  "sn17.4:1.4": "Она бы зацепилась тут и там, застряла тут и там, поймалась тут и там – и тут и там она бы повстречала беду и несчастье. ",
  "sn17.4:1.5": "Точно также, монахи, бывает так, когда монах, чей ум охвачен и порабощён приобретениями, уважением и похвалой, одевается ранним утром, берёт чашу и верхнее одеяние, входит в деревню или в город в поисках подаяний. ",
  "sn17.4:1.6": "Он зацепляется тут и там, застревает тут и там, ловится тут и там – и тут и там встречает беду и несчастье.",
  "sn17.4:1.7": "Настолько ужасны и опасны приобретения, уважение и похвала…",
  "sn17.4:1.8": "Так вы должны тренировать себя”.",
  "sn17.4:1.9": "Четвёртая."
}