{
  "sn17.27:0.1": "Связанные Наставления 2.6.3.27",
  "sn17.27:0.2": "Глава Третья",
  "sn17.27:0.3": "Сутта Шаманы и Брахманы Третья",
  "sn17.27:1.1": "В Саваттхи. ",
  "sn17.27:1.2": "“Монахи, те жрецы и отшельники, которые не понимают приобретений, уважения и похвалы, их возникновения, их прекращения, и пути, ведущего к их прекращению… ",
  "sn17.27:1.3": "понимают…",
  "sn17.27:1.4": "познав это для себя самостоятельно посредством прямого знания в этой самой жизни, и пребывают в цели отшельничества или в цели жречества”.",
  "sn17.27:1.5": "Седьмая."
}