{
  "sn17.13-20:0.1": "Связанные Наставления 2.6.2.13-20",
  "sn17.13-20:0.2": "Глава Вторая",
  "sn17.13-20:0.3": "Восьмерка Сутт начанающаяся с Золотой Монеты",
  "sn17.13-20:1.1": "В Саваттхи. ",
  "sn17.13-20:1.2": "Монахи, я знал здесь одного человека, чей ум я рассмотрел своим собственным умом: ",
  "sn17.13-20:1.3": "“Этот почтенный не произнесёт намеренной лжи даже ради золотой монеты (никкха)”…",
  "sn17.13-20:1.4": "… даже ради ста [золотых монет] суваннаниккхи…. ",
  "sn17.13-20:1.5": "… даже ради [одной золотой монеты] сингиниккхи…. ",
  "sn17.13-20:1.6": "… даже ради ста [золотых монет] сингиниккхи…. ",
  "sn17.13-20:1.7": "… даже ради Земли, наполненной золотом…. ",
  "sn17.13-20:1.8": "… даже ради любой материальной награды…. ",
  "sn17.13-20:1.9": "… даже ради [спасения] собственной жизни…. ",
  "sn17.13-20:1.10": "… даже ради самой красивой девушки в округе….  ",
  "sn17.13-20:1.11": "Но, всё же, позже я вижу, как он с умом, охваченным приобретениями, уважением и похвалой, говорит намеренную ложь.",
  "sn17.13-20:1.12": "Настолько ужасны и опасны приобретения, уважение и похвала… ",
  "sn17.13-20:1.13": "Так вы должны тренировать себя”.",
  "sn17.13-20:1.14": "Десятая.",
  "sn17.13-20:1.15": "Глава Вторая.",
  "sn17.13-20:2.0": "Оглавление",
  "sn17.13-20:2.1": "Две чаши и две золотые,",
  "sn17.13-20:2.2": "Сингхини другие две;",
  "sn17.13-20:2.3": "Земля, что угодно, жизнь, ",
  "sn17.13-20:2.4": "Самая красиваая в округе десятая."
}