{
  "sn17.23:0.1": "Связанные Наставления 2.6.3.23",
  "sn17.23:0.2": "Глава Третья",
  "sn17.23:0.3": "Сутта Единственный Сын",
  "sn17.23:1.1": "В Саваттхи. ",
  "sn17.23:1.2": "“Монахи, ужасны и опасны приобретения, уважение и похвала… от подневольности.",
  "sn17.23:1.3": "Преданная [Дхамме] мирянка, правильно убеждая своего дорого и любимого единственного сына, может убеждать его так: ",
  "sn17.23:1.4": "“Дорогой, ты должен стать таким же, как домохозяин Читта или как Хаттхака из Алаваки”, ",
  "sn17.23:1.5": "поскольку таков эталон и мерило для моих мужчин-мирян, то есть – домохозяин Читта и Хаттхака из Алаваки. ",
  "sn17.23:1.6": "“Но если, дорогой, ты оставишь мирскую жизнь и будешь жить бездомной жизнью [монаха], ",
  "sn17.23:1.7": "то ты должен стать таким же, как Сарипутта или Моггаллана”, ",
  "sn17.23:1.8": "поскольку таков эталон и мерило для моих мужчин-монахов, то есть – Сарипутта и Моггаллана. ",
  "sn17.23:1.9": "“Пока, дорогой, ты ещё ученик, который не достиг идеала своего ума, пусть не свалятся на тебя приобретения, уважение и похвала!”",
  "sn17.23:1.10": "Монахи, если приобретения, уважение и похвала свалятся на монаха, который ещё ученик, который не достиг идеала своего ума, то это будет для него препятствием.",
  "sn17.23:1.11": "Настолько ужасны и опасны приобретения, уважение и похвала… ",
  "sn17.23:1.12": "Так вы должны тренировать себя”.",
  "sn17.23:1.13": "Третья."
}