{
  "sn17.36:0.1": "Связанные Наставления 2.6.4.36",
  "sn17.36:0.2": "Глава Четвёртая",
  "sn17.36:0.3": "Сутта Пятьсот Колесниц",
  "sn17.36:1.1": "[Благословенный] пребывал в Раджагахе в Бамбуковой Роще в Беличьем Святилище. ",
  "sn17.36:1.2": "И тогда принц Аджатасатту обслуживал Девадатту утром и вечером, [привозя] пятьсот телег [даров] и поднося ему пятьсот горшков еды. ",
  "sn17.36:1.3": "И тогда группа монахов подошла к Благословенному. Они поклонились ему, сели рядом и рассказали ему об этом.",
  "sn17.36:1.4": "",
  "sn17.36:1.5": "“Монахи, не завидуйте приобретениям, уважению и похвале Девадатты. ",
  "sn17.36:1.6": "Покуда принц Аджатасатту обслуживает его утром и вечером, [привозя] пятьсот телег [даров] и поднося ему пятьсот горшков еды, можно ожидать только лишь упадка Девадатты в благих качествах, а не возрастания.",
  "sn17.36:2.1": "Подобно дикой собаке, которая становится лишь ещё более дикой, если ей будут прыскать желчью на нос, ",
  "sn17.36:2.2": "то точно также, монахи, покуда принц Аджатасатту обслуживает его утром и вечером, [привозя] пятьсот телег [даров] и поднося ему пятьсот горшков еды, можно ожидать только лишь упадка Девадатты в благих качествах, а не возрастания.",
  "sn17.36:2.3": "Настолько ужасны и опасны, монахи, приобретения, уважение и похвала…",
  "sn17.36:2.4": "Так вы должны тренировать себя”.",
  "sn17.36:2.5": "Шестая."
}