{
  "sn17.1:0.1": "Связанные Наставления 2.6.1.1",
  "sn17.1:0.2": "Глава Первая",
  "sn17.1:0.3": "Сутта Жёстокий",
  "sn17.1:1.1": "Так я слышал. ",
  "sn17.1:1.2": "Однажды Благословенный пребывал в Саваттхи в роще Джеты в монастыре Анатхапиндики. ",
  "sn17.1:1.3": "Там он обратился к монахам: ",
  "sn17.1:1.4": "“Монахи!”",
  "sn17.1:1.5": "“Достопочтенный!” – ответили монахи. ",
  "sn17.1:1.6": "Благословенный сказал:",
  "sn17.1:2.1": "“Монахи, ужасны и опасны приобретения, уважение и похвала – мучительные, отвратительные, препятствующие достижению непревзойдённой защиты от подневольности. ",
  "sn17.1:2.2": "Поэтому, монахи, вот как вы должны тренировать себя: ",
  "sn17.1:2.3": "“Мы отбросим возникшие приобретения, уважение и похвалу и не позволим возникшим приобретениям, уважению и похвале утвердиться в завладении нашими умами”. ",
  "sn17.1:2.4": "Так вы должны тренировать себя”.",
  "sn17.1:2.5": "Первая."
}