{
  "sn17.32:0.1": "Связанные Наставления 2.6.4.32",
  "sn17.32:0.2": "Глава Четвёртая",
  "sn17.32:0.3": "Сутта Кусаламула",
  "sn17.32:1.1": "В Саваттхи. ",
  "sn17.32:1.2": "“Монахи, ужасны и опасны приобретения, уважение и похвала.",
  "sn17.32:1.3": "Поскольку его ум был охвачен приобретениями, уважением и похвалой, Благой корень [ума] Девадатты был отрезан.",
  "sn17.32:1.4": "Настолько ужасны и опасны, монахи, приобретения, уважение и похвала… ",
  "sn17.32:1.5": "Вот как вы должны тренировать себя”.",
  "sn17.32:1.6": "Вторая."
}