{
  "sn17.6:0.1": "Связанные Наставления 2.6.1.6",
  "sn17.6:0.2": "Глава Первая",
  "sn17.6:0.3": "Сутта Молния",
  "sn17.6:1.1": "В Саваттхи. ",
  "sn17.6:1.2": "“Монахи, ужасны и опасны приобретения, уважение и похвала… от подневольности.",
  "sn17.6:1.3": "Монахи, в кого ударит молния? В ученика, на которого свалились приобретения, уважение и похвала, в то время как он ещё не достиг идеала своего ума. ",
  "sn17.6:2.1": "Молния, монахи – это обозначение приобретений, уважения и похвалы.",
  "sn17.6:2.2": "Настолько ужасны и опасны приобретения, уважение и похвала…",
  "sn17.6:2.3": "Так вы должны тренировать себя”.",
  "sn17.6:2.4": "Шестая."
}