{
  "sn17.24:0.1": "Связанные Наставления 2.6.3.24",
  "sn17.24:0.2": "Глава Третья",
  "sn17.24:0.3": "Сутта Единственный Сын",
  "sn17.24:1.1": "В Саваттхи. ",
  "sn17.24:1.2": "“Монахи, ужасны и опасны приобретения, уважение и похвала… от подневольности.",
  "sn17.24:1.3": "Преданная [Дхамме] мирянка, правильно убеждая свою дорогую и любимую единственную дочь, может убеждать её так: ",
  "sn17.24:1.4": "“Дорогая, ты должна стать такой же, как мирянка Кхудджутара или как Велукандакия, мать Нанды”, ",
  "sn17.24:1.5": "поскольку таков эталон и мерило для моих женщин-мирянок, то есть – мирянка Кхудджуттара и Велукандакия, мать Нанды. ",
  "sn17.24:1.6": "“Но если, дорогая, ты оставишь мирскую жизнь и будешь жить бездомной жизнью [монахини], ",
  "sn17.24:1.7": "то ты должна стать такой же, как Кхема или Уппалаванна”, ",
  "sn17.24:1.8": "поскольку таков эталон и мерило для моих женщин-монахинь, то есть – Кхема и Уппалаванна. ",
  "sn17.24:1.9": "“Пока, дорогая, ты ещё ученик, который не достиг идеала своего ума, пусть не свалятся на тебя приобретения, уважение и похвала!”.",
  "sn17.24:1.10": "Монахи, если приобретения, уважение и похвала свалятся на монахиню, которая ещё ученик, который не достиг идеала своего ума, то это будет для неё препятствием.",
  "sn17.24:1.11": "Настолько ужасны и опасны приобретения, уважение и похвала… ",
  "sn17.24:1.12": "Так вы должны тренировать себя”.",
  "sn17.24:1.13": "Четвёртая."
}