{
  "sn17.31:0.1": "Связанные Наставления 2.6.4.31",
  "sn17.31:0.2": "Глава Четвёртая",
  "sn17.31:0.3": "Сутта Раскол",
  "sn17.31:1.1": "В Саваттхи. ",
  "sn17.31:1.2": "“Монахи, ужасны и опасны приобретения, уважение и похвала.",
  "sn17.31:1.3": "Поскольку его ум был охвачен приобретениями, уважением и похвалой, Девадатта спровоцировал раскол в Сангхе.",
  "sn17.31:1.4": "Настолько ужасны и опасны, монахи, приобретения, уважение и похвала… ",
  "sn17.31:1.5": "Вот как вы должны тренировать себя”.",
  "sn17.31:1.6": "Первая."
}