{
  "sn41.7:0.1": "Связанные Наставления 4.7.1.7",
  "sn41.7:0.2": "Глава Читта",
  "sn41.7:0.3": "Сутта Годатта",
  "sn41.7:1.1": "Однажды Достопочтенный Годатта пребывал в Маччхикасанде в Роще Дикого Манго. ",
  "sn41.7:1.2": "И тогда домохозяин Читта отправился к Достопочтенному Годатте, поклонился ему и сел рядом. Достопочтенный Годатта сказал ему, по мере того как тот сидел рядом: ",
  "sn41.7:1.3": "“Домохозяин, безмерное освобождение ума, освобождение ума посредством отсутствия всего, пустотное освобождение ума, беспредметное освобождение ума: эти вещи различны в сути и в названии, или же имеют одну суть, но различаются только в названии?”",
  "sn41.7:1.4": "“Есть способ [объяснения], достопочтенный, когда эти вещи различаются в сути и также различаются в названии, ",
  "sn41.7:1.5": "и есть способ, когда они имеют одну суть, но различаются только в названии.",
  "sn41.7:2.1": "И каков, достопочтенный, метод, когда эти вещи различаются в сути и также различаются в названии?",
  "sn41.7:2.2": "Вот монах распространяет в первом направлении – как и во втором направлении, в третьем, четвёртом – сознание, наполненное доброжелательностью. Он продолжает распространять [такой ум] вверх, вниз, вокруг и всюду, ко всем и к самому себе, всецело охватывая мир умом, наполненным доброжелательностью: обильным, обширным, безграничным, лишённым недоброжелательности, свободным от неприязни.",
  "sn41.7:2.3": "Он распространяет в первом направлении – как и во втором направлении, в третьем, четвёртом сознание, наполненное состраданием…",
  "sn41.7:2.4": "Он распространяет в первом направлении – как и во втором направлении, в третьем, четвёртом сознание, наполненное сорадованием…",
  "sn41.7:2.5": "Он распространяет в первом направлении – как и во втором направлении, в третьем, четвёртом сознание, наполненное невозмутимостью… ",
  "sn41.7:2.6": "… обильным, обширным, безграничным, лишённым недоброжелательности, свободным от неприязни. Это называется безмерным освобождением ума.",
  "sn41.7:3.1": "И что такое, достопочтенный, освобождение ума посредством отсутствия всего? ",
  "sn41.7:3.2": "Вот, полностью преодолев сферу безграничности сознания, осознавая: “здесь ничего нет”, монах входит и пребывает в сфере отсутствия всего. ",
  "sn41.7:3.3": "Это называется освобождением ума посредством отсутствия всего.",
  "sn41.7:4.1": "И что такое, достопочтенный, пустотное освобождение ума? ",
  "sn41.7:4.2": "Вот монах, уйдя в лес или к подножью дерева или в пустое жилище, размышляет так: ",
  "sn41.7:4.3": "“Это пусто от “я” или от того, что принадлежит “я”. ",
  "sn41.7:4.4": "Это называется пустотным освобождением ума.",
  "sn41.7:5.1": "И что такое, достопочтенный, беспредметное освобождение ума? ",
  "sn41.7:5.2": "Вот, не обращая внимания ни на какие объекты, монах входит и пребывает в беспредметном сосредоточении ума. ",
  "sn41.7:5.3": "Это называется беспредметным освобождением ума.",
  "sn41.7:5.4": "Таков, достопочтенный, способ [объяснения], когда эти вещи различаются в сути и также различаются в названии. ",
  "sn41.7:6.1": "И каков, достопочтенный, способ, когда они имеют одну суть, но различаются только в названии?",
  "sn41.7:6.2": "Жажда, друг, это создатель разграничений. Злоба – это создатель разграничений. Заблуждение – это создатель разграничений. ",
  "sn41.7:6.3": "В монахе, чьи пятна [загрязнений ума] окончились, эти [три качества] были оставлены, уничтожены, сделаны подобными обрубку пальмы, лишены всяческих условий для развития, не смогут возникнуть в будущем. ",
  "sn41.7:6.4": "Если говорить о безграничном состоянии освобождённого ума, то непоколебимое состояние освобождённого ума – самое наилучшее. ",
  "sn41.7:6.5": "И это непоколебимое состояние освобождённого ума лишено жажды, лишено злобы, лишено заблуждения.",
  "sn41.7:6.6": "Жажда – это что-то. Злоба – это что-то. Заблуждение – это что-то. ",
  "sn41.7:6.7": "В монахе, чьи пятна окончились, эти [три качества] были оставлены, уничтожены, сделаны подобными обрубку пальмы, лишены всяческих условий для развития, не смогут возникнуть в будущем. ",
  "sn41.7:6.8": "Если говорить о состоянии освобождённого ума посредством отсутствия всего, то непоколебимое состояние освобождённого ума – самое наилучшее. ",
  "sn41.7:6.9": "И это непоколебимое состояние освобождённого ума лишено жажды, лишено злобы, лишено заблуждения.",
  "sn41.7:6.10": "Жажда – это сотворение образов. Злоба – это сотворение образов. Заблуждение – это сотворение образов. ",
  "sn41.7:6.11": "В монахе, чьи пятна окончились, эти [три качества] были оставлены, уничтожены, сделаны подобными обрубку пальмы, лишены всяческих условий для развития, не смогут возникнуть в будущем. ",
  "sn41.7:6.12": "Если говорить о беспредметном состоянии освобождённого ума, то непоколебимое состояние освобождённого ума – самое наилучшее. ",
  "sn41.7:6.13": "И это непоколебимое состояние освобождённого ума лишено жажды, лишено злобы, лишено заблуждения.",
  "sn41.7:6.14": "Таков, достопочтенный, способ [объяснения], когда эти вещи имеют одну суть, но различаются только в названии”.",
  "sn41.7:6.15": "“Какое благо для тебя, домохозяин, какое большое благо для тебя, домохозяин, ",
  "sn41.7:6.16": "что ты обладаешь оком мудрости, которое постигает глубокое Слово Будды”.",
  "sn41.7:6.17": "Седьмая."
}