{
  "sn41.3:0.1": "Связанные Наставления 4.7.1.3",
  "sn41.3:0.2": "Глава Читта",
  "sn41.3:0.3": "Вторая Исидатта Сутта ",
  "sn41.3:1.1": "Однажды группа старших монахов пребывала в Маччхикасанде в Роще Дикого Манго. ",
  "sn41.3:1.2": "И тогда домохозяин Читта отправился к тем старшим монахам, поклонился им, сел рядом и сказал: ",
  "sn41.3:1.3": "“Достопочтенные, пусть старцы согласятся принять приглашение от меня на завтрашний обед”.",
  "sn41.3:1.4": "Старшие монахи молча согласились. ",
  "sn41.3:1.5": "И тогда домохозяин Читта, осознав, что старцы согласились, поднялся со своего сиденья, поклонился им и ушёл, обойдя их с правой стороны. ",
  "sn41.3:1.6": "И после того как минула ночь, [рано] утром старшие монахи оделись, взяли чаши и верхние одеяния и отправились к дому домохозяина Читты. ",
  "sn41.3:2.1": "Там они сели на подготовленные сиденья. И тогда домохозяин Читта подошёл к старшим монахам, поклонился им, сел рядом и сказал самому старшему из них: ",
  "sn41.3:2.2": "“Достопочтенный старец, различные воззрения, что возникают в мире:",
  "sn41.3:2.3": "“Мир вечен” или “Мир не вечен”; “Мир ограничен” или “Мир безграничен”; “Душа и тело суть одно и то же” или “Душа одно, а тело – иное”; “Татхагата существует после смерти”, “Татхагата не существует после смерти”, “Татхагата и существует и не существует после смерти”, “Татхагата ни существует, ни не существует после смерти” –",
  "sn41.3:2.4": "эти, а также и шестьдесят два воззрения, упомянутые в Брахмаджале. ",
  "sn41.3:2.5": "Что существует, когда эти воззрения возникают? Чего не существует, когда этих воззрений не возникает?”",
  "sn41.3:3.1": "Когда так было сказано, самый старший достопочтенный старец ничего не ответил. ",
  "sn41.3:3.2": "Во второй раз…",
  "sn41.3:3.3": "в третий раз… ",
  "sn41.3:3.4": "“Достопочтенный старец, различные воззрения, что возникают в мире:",
  "sn41.3:3.5": "“Мир вечен” или “Мир не вечен”; “Мир ограничен” или “Мир безграничен”; “Душа и тело суть одно и то же” или “Душа одно, а тело – иное”; “Татхагата существует после смерти”, “Татхагата не существует после смерти”, “Татхагата и существует и не существует после смерти”, “Татхагата ни существует, ни не существует после смерти” –",
  "sn41.3:3.6": "эти, а также и шестьдесят два воззрения, упомянутые в Брахмаджале. ",
  "sn41.3:3.7": "Что существует, когда эти воззрения возникают? Чего не существует, когда этих воззрений не возникает?”",
  "sn41.3:3.8": "",
  "sn41.3:4.1": "В то время Достопочтенный Исидатта был самым младшим монахом в той Сангхе. ",
  "sn41.3:4.2": "И Достопочтенный Исидатта обратился к самому старшему достопочтенному старцу: ",
  "sn41.3:4.3": "“Позвольте, достопочтенный старец, ответить на вопрос домохозяина Читты”.",
  "sn41.3:4.4": "“Отвечай, друг Исидатта”.",
  "sn41.3:4.5": "“Домохозяин, ты спрашиваешь так: ",
  "sn41.3:4.6": "“Достопочтенный старец, различные воззрения, что возникают в мире… ",
  "sn41.3:4.7": "",
  "sn41.3:4.8": "Чего не существует, когда этих воззрений не возникает?”",
  "sn41.3:4.9": "“Да, достопочтенный”.",
  "sn41.3:4.10": "“Что касается различных воззрений, что возникают в мире, домохозяин, – ",
  "sn41.3:4.11": "“Мир вечен” или “Мир не вечен”; “Мир ограничен” или “Мир безграничен”; “Душа и тело суть одно и то же” или “Душа одно, а тело – иное”; “Татхагата существует после смерти”, “Татхагата не существует после смерти”, “Татхагата и существует и не существует после смерти”, “Татхагата ни существует, ни не существует после смерти” –",
  "sn41.3:4.12": "эти, а также и шестьдесят два воззрения, упомянутые в Брахмаджале: ",
  "sn41.3:4.13": "когда наличествуют воззрения о “я”, то возникают эти воззрения. Когда не наличествуют воззрения о “я”, то тогда этих воззрений не возникает”.",
  "sn41.3:5.1": "“Но, достопочтенный, каким образом возникает воззрение о “я”?",
  "sn41.3:5.2": "“Вот, домохозяин, необученный заурядный человек – не навещающий Благородных, не обученный в их дисциплине и их Дхамме; не навещающий чистых [умом] людей, не обученный в их дисциплине и их Дхамме – считает, что:",
  "sn41.3:5.3": "форма – это “я”; или что “я” владеет формой; или что форма находится внутри “я”; или что “я” находится в форме.",
  "sn41.3:5.4": "Он считает, что чувство… ",
  "sn41.3:5.5": "восприятие… ",
  "sn41.3:5.6": "формации [ума]… ",
  "sn41.3:5.7": "сознание – это “я”; или что “я” владеет сознанием; или что сознание находится внутри “я”; или что “я” находится в сознании. ",
  "sn41.3:5.8": "Вот как возникает воззрение о “я”.",
  "sn41.3:6.1": "“И как, достопочтенный, не возникает воззрения о “я”?",
  "sn41.3:6.2": "“Вот, домохозяин, обученный ученик Благородных – навещающий Благородных, обученный в их дисциплине и их Дхамме; навещающий чистых [умом] людей, обученный в их дисциплине и их Дхамме – ",
  "sn41.3:6.3": "не считает, что форма – это “я”; или что “я” владеет формой; или что форма находится внутри “я”; или что “я” находится в форме. ",
  "sn41.3:6.4": "Он не считает, что чувство… ",
  "sn41.3:6.5": "восприятие… ",
  "sn41.3:6.6": "формации [ума]… ",
  "sn41.3:6.7": "сознание – это “я”; или что “я” владеет сознанием; или что сознание находится внутри “я”; или что “я” находится в сознании. ",
  "sn41.3:6.8": "Вот так не возникает воззрения о “я”.",
  "sn41.3:7.1": "“Достопочтенный, откуда родом Мастер Исидатта?”",
  "sn41.3:7.2": "“Я из Аванти, домохозяин”.",
  "sn41.3:7.3": "“Там, достопочтенный, в Аванти, есть один человек по имени Исидатта, наш друг, которого мы никогда не видели, и который покинул мирскую жизнь ради жизни бездомной. ",
  "sn41.3:7.4": "Встречал ли Достопочтенный его когда-либо?”",
  "sn41.3:7.5": "“Да, домохозяин”.",
  "sn41.3:7.6": "“И где же, достопочтенный, теперь этот достопочтенный проживает?”",
  "sn41.3:7.7": "Когда так было сказано, Достопочтенный Исидатта ничего не ответил.",
  "sn41.3:7.8": "“Мастер, вы и есть тот самый Исидатта?”",
  "sn41.3:7.9": "“Да, домохозяин”.",
  "sn41.3:7.10": "“Тогда пусть Мастер Исидатта довольствуется у Маччхикасанды. ",
  "sn41.3:7.11": "восхитительной Рощей Дикого Манго",
  "sn41.3:7.12": "А я буду усердно снабжать Мастера Исидатту одеждой, едой, кровом и лекарствами”.",
  "sn41.3:7.13": "“Звучит любезно, домохозяин”.",
  "sn41.3:8.1": "И тогда домохозяин Читта, восхитившись и возрадовавшись словам Достопочтенного Исидатты, собственноручно обслужил старших монахов различными видами превосходной еды. ",
  "sn41.3:8.2": "Когда старшие монахи поели и убрали чаши, они встали со своих сидений и ушли.",
  "sn41.3:8.3": "Затем самый старший достопочтенный старец обратился к Достопочтенному Исидатте: ",
  "sn41.3:8.4": "“Хорошо, друг Исидатта, что тебе пришёл на ум ответ на этот вопрос. ",
  "sn41.3:8.5": "Мне ответ на ум не пришёл. ",
  "sn41.3:8.6": "Поэтому, друг Исидатта, каждый раз, когда и в другое время подобный вопрос будут задавать, тебе и следует его прояснять”.",
  "sn41.3:8.7": "И затем Достопочтенный Исидатта привёл в порядок жилище, взял чашу и одеяние и покинул Маччхикасанду. ",
  "sn41.3:8.8": "И после того, как он ушёл, он никогда сюда более не возвращался.",
  "sn41.3:8.9": "Третья."
}