{
  "sn41.1:0.1": "Связанные Наставления 4.7.1.1",
  "sn41.1:0.2": "Глава Читта",
  "sn41.1:0.3": "Сутта Связанность",
  "sn41.1:1.1": "Однажды группа старших монахов пребывала в Маччхикасанде в Роще Дикого Манго. ",
  "sn41.1:1.2": "Вернувшись с хождения за подаяниями, после обеда старшие монахи собрались в павильоне и, по мере того как они сидели там, [между ними] возникла такая беседа: ",
  "sn41.1:1.3": "“Друзья, “путы” и “то, что опутывает” – эти вещи отличаются в сути и в названии или же суть одинакова, но только название разное?”",
  "sn41.1:1.4": "Некоторые старшие монахи ответили так: ",
  "sn41.1:1.5": "“Друзья, “путы” и “то, что опутывает” – различаются и в сути и в названии”. ",
  "sn41.1:1.6": "Некие [другие] старшие монахи ответили так: ",
  "sn41.1:1.7": "“Друзья, “путы” и “то, что опутывает” имеют одну суть, но различаются только в названии”.",
  "sn41.1:2.1": "И тогда домохозяин Читта прибыл в Мигапатхаку по неким делам. ",
  "sn41.1:2.2": "И домохозяин Читта услышал: “Как говорят, группа старших монахов, вернувшись с хождения за подаяниями, после обеда собралась в павильоне, и, по мере того как они сидели там, [между ними] возникла такая беседа: ",
  "sn41.1:2.3": "“Друзья, “путы” и “то, что опутывает” – эти вещи отличаются в сути и в названии или же суть одинакова, но только название разное?”.",
  "sn41.1:2.4": "Некоторые старшие монахи ответили так:",
  "sn41.1:2.5": "“Друзья, “путы” и “то, что опутывает” – различаются и в сути и в названии”.",
  "sn41.1:2.6": "Некие [другие] старшие монахи ответили так:",
  "sn41.1:2.7": "“Друзья, “путы” и “то, что опутывает” имеют одну суть, но различаются только в названии”.",
  "sn41.1:3.1": "И тогда домохозяин Читта отправился к тем старшим монахам, поклонился им, сел рядом и сказал: ",
  "sn41.1:3.2": "“Я слышал, достопочтенные, что когда группа старших монахов вернулась с хождения за подаяниями, после обеда они собрались в павильоне и, по мере того как они сидели там, [между ними] возникла такая беседа: ",
  "sn41.1:3.3": "“Друзья, “путы” и “то, что опутывает” – эти вещи отличаются в сути и в названии или же суть одинакова, но только название разное?”",
  "sn41.1:3.4": "Некоторые старшие монахи ответили так: ",
  "sn41.1:3.5": "“Друзья, “путы” и “то, что опутывает” – различаются и в сути и в названии”. ",
  "sn41.1:3.6": "Некие [другие] старшие монахи ответили так: “Друзья, “путы” и “то, что опутывает” имеют одну суть, но различаются только в названии”.",
  "sn41.1:3.7": "“Так оно, домохозяин”.",
  "sn41.1:4.1": "“Достопочтенные, “путы” и “то, что опутывает” – отличаются и в сути и в названии. ",
  "sn41.1:4.2": "Я приведу вам на этот счёт пример, ",
  "sn41.1:4.3": "поскольку бывает так, что мудрый человек понимает на примере значение сказанного.",
  "sn41.1:4.4": "Представьте, достопочтенные, как если бы чёрный бык и белый бык были бы связаны вместе единой упряжью или ярмом. ",
  "sn41.1:4.5": "Правильно было бы утверждать: ",
  "sn41.1:4.6": "“Чёрный бык является путами для белого быка; белый бык является путами для чёрного быка”?",
  "sn41.1:4.7": "“Нет, домохозяин. ",
  "sn41.1:4.8": "Чёрный бык не является путами для белого быка, как и белый бык не является путами для чёрного быка. ",
  "sn41.1:4.9": "Но единая упряжь или ярмо, за счёт которого они связаны вместе – вот где здесь путы”.",
  "sn41.1:4.10": "“Точно также, достопочтенные, глаз не является путами для форм; формы не являются путами для глаза – ",
  "sn41.1:4.11": "но желание и жажда, что возникают в зависимости от обоих – вот где здесь путы. ",
  "sn41.1:4.12": "Ухо не является путами для звуков… ",
  "sn41.1:4.13": "нос не является путами для запахов… ",
  "sn41.1:4.14": "язык не является путами для вкусов… ",
  "sn41.1:4.15": "тело не является путами для тактильных ощущений… ",
  "sn41.1:4.16": "но желание и жажда, что возникают в зависимости от обоих – вот где здесь путы”.",
  "sn41.1:4.17": "ум не является путами для ментальных феноменов – ",
  "sn41.1:4.18": "но желание и жажда, что возникают в зависимости от обоих – вот где здесь путы”.",
  "sn41.1:4.19": "“Какое благо для тебя, домохозяин, какое большое благо для тебя, домохозяин, ",
  "sn41.1:4.20": "что ты обладаешь оком мудрости, которое постигает глубокое Слово Будды”.",
  "sn41.1:4.21": "Первая."
}