{
  "sn41.9:0.1": "Связанные Наставления 4.7.1.9",
  "sn41.9:0.2": "Глава Читта",
  "sn41.9:0.3": "Сутта Аскет Ачела Кассапа",
  "sn41.9:1.1": "И тогда голый аскет Кассапа, который в мирской жизни был старым другом домохозяина Читты, прибыл в Маччхикасанду. ",
  "sn41.9:1.2": "",
  "sn41.9:1.3": "Домохозяин Читта услышал об этом и отправился к голому аскету Кассапе. ",
  "sn41.9:1.4": "Он обменялся с ним вежливыми приветствиями, и после обмена вежливыми приветствиями и любезностями он сел рядом и сказал ему:",
  "sn41.9:1.5": "“Как давно, почтенный Кассапа, ты [покинул мирскую жизнь], чтобы жить бездомной жизнью?”",
  "sn41.9:1.6": "“Уже тридцать лет как, домохозяин, я [покинул мирскую жизнь], чтобы жить бездомной жизнью”.",
  "sn41.9:1.7": "“За эти тридцать лет, почтенный, достиг ли ты каких-либо сверхчеловеческих достижений в знании и видении, что достойны благородных, какого-либо приятного пребывания?”",
  "sn41.9:1.8": "“За эти тридцать лет, как я ушёл жить бездомной жизнью, домохозяин, я не достиг каких-либо сверхчеловеческих достижений в знании и видении, что достойны благородных, каких-либо приятных пребываний, но [получил] только наготу, бритую голову и кисть для подметания сиденья”.",
  "sn41.9:1.9": "Когда так было сказано, домохозяин Читта сказал ему: ",
  "sn41.9:1.10": "“Как удивительно, почтенный! ",
  "sn41.9:1.11": "В самом деле, как поразительно, почтенный! Как хорошо разъяснена Дхамма, что за тридцать лет ты не достиг каких-либо сверхчеловеческих достижений в знании и видении, что достойны благородных, никаких приятных пребываний, но [получил] только наготу, бритую голову и кисть для подметания сиденья”.",
  "sn41.9:2.1": "“А ты, домохозяин? Как долго ты являешься мирским последователем [Будды]?”",
  "sn41.9:2.2": "“Столько же, почтенный, уже тридцать лет как”.",
  "sn41.9:2.3": "“За эти тридцать лет, домохозяин, достиг ли ты каких-либо сверхчеловеческих достижений в знании и видении, что достойны благородных, какого-либо приятного пребывания?”",
  "sn41.9:2.4": "“А как может быть иначе, почтенный? ",
  "sn41.9:2.5": "До той степени, до которой я пожелаю, отбросив чувственные удовольствия, отбросив неблагие состояния [ума], я вхожу и пребываю в первой джхане, которая сопровождается направлением и удержанием, а также восторгом и удовольствием, что рождены этим отбрасыванием. ",
  "sn41.9:2.6": "Далее, до той степени, до которой я пожелаю, с угасанием направления и удержания я вхожу и пребываю во второй джхане… ",
  "sn41.9:2.7": "Далее, до той степени, до которой я пожелаю, с угасанием восторга… я вхожу и пребываю в третьей джхане… ",
  "sn41.9:2.8": "Далее, до той степени, до которой я пожелаю, с прекращением удовольствия и боли… я вхожу и пребываю в четвёртой джхане.",
  "sn41.9:2.9": "И кроме того, если я скончаюсь до того, как скончается Благословенный, то будет не удивительно, если он заявит обо мне так: ",
  "sn41.9:2.10": "“Нет каких-либо оков, из-за которых домохозяин Читта мог бы вернуться обратно в этот мир”.",
  "sn41.9:2.11": "Когда так было сказано, голый аскет Кассапа сказал домохозяину Читте: ",
  "sn41.9:2.12": "“Как удивительно, почтенный! ",
  "sn41.9:2.13": "В самом деле, как поразительно, почтенный! Как хорошо разъяснена Дхамма, что мирянин, одетый в белое, может достичь сверхчеловеческих достижений в знании и видении, что достойны благородных, приятного пребывания. ",
  "sn41.9:2.14": "Могу ли я получить младшее посвящение в этой Дхамме и Винае, могу ли получить высшее посвящение?”",
  "sn41.9:3.1": "И тогда домохозяин Читта отвёл голого аскета Кассапу к старшим монахам и сказал им: ",
  "sn41.9:3.2": "“Достопочтенные, этот голый аскет Кассапа – наш старый друг по нашей мирской жизни. ",
  "sn41.9:3.3": "Пусть старцы дадут ему младшее посвящение, пусть дадут ему высшее посвящение. ",
  "sn41.9:3.4": "А я буду усердно снабжать его одеждой, едой, кровом и лекарствами”.",
  "sn41.9:3.5": "И тогда голый аскет Кассапа получил младшее посвящение в этой Дхамме и Винае, получил высшее посвящение. ",
  "sn41.9:3.6": "И вскоре после получения высшего посвящения, пребывая в уединении прилежным, старательным, решительным, Достопочтенный Кассапа, реализовав это для себя посредством прямого знания, здесь и сейчас вошёл и пребывал в высочайшей цели святой жизни, ради которой представители клана праведно оставляют жизнь домохозяина и ведут жизнь бездомную. Он напрямую познал: ",
  "sn41.9:3.7": "“Рождение уничтожено, святая жизнь прожита, сделано то, что следовало сделать, не будет более возвращения в какое-либо состояние существования”. ",
  "sn41.9:3.8": "Достопочтенный Кассапа стал одним из арахантов.",
  "sn41.9:3.9": "Девятая."
}