{
  "sn41.2:0.1": "Связанные Наставления 4.7.1.2",
  "sn41.2:0.2": "Глава Читта",
  "sn41.2:0.3": "Первая Исидатта Сутта ",
  "sn41.2:1.1": "Однажды группа старших монахов пребывала в Маччхикасанде в Роще Дикого Манго. ",
  "sn41.2:1.2": "И тогда домохозяин Читта отправился к тем старшим монахам, поклонился им, сел рядом и сказал: ",
  "sn41.2:1.3": "“Достопочтенные, пусть старцы согласятся принять приглашение от меня на завтрашний обед”.",
  "sn41.2:1.4": "Старшие монахи молча согласились. ",
  "sn41.2:1.5": "И тогда домохозяин Читта, осознав, что старцы согласились, поднялся со своего сиденья, поклонился им и ушёл, обойдя их с правой стороны. ",
  "sn41.2:1.6": "И после того как минула ночь, [рано] утром старшие монахи оделись, взяли чаши и верхние одеяния и отправились к дому домохозяина Читты. ",
  "sn41.2:2.1": "Там они сели на подготовленные сиденья. И тогда домохозяин Читта подошёл к старшим монахам, поклонился им, сел рядом и сказал самому старшему из них: ",
  "sn41.2:2.2": "“Достопочтенный старец, так говорят: “Разнообразие элементов, разнообразие элементов”. ",
  "sn41.2:2.3": "В каком смысле, достопочтенный, говорилось о разнообразии элементов Благословенным?”",
  "sn41.2:2.4": "Когда так было сказано, самый старший достопочтенный старец ничего не ответил. ",
  "sn41.2:2.5": "Во второй раз …",
  "sn41.2:2.6": "“Достопочтенный старец, так говорят: “Разнообразие элементов, разнообразие элементов”. ",
  "sn41.2:2.7": "В каком смысле, достопочтенный, говорилось о разнообразии элементов Благословенным?”",
  "sn41.2:2.8": "",
  "sn41.2:2.9": "и в третий раз…",
  "sn41.2:2.10": "“Достопочтенный старец, так говорят: “Разнообразие элементов, разнообразие элементов”. ",
  "sn41.2:2.11": "В каком смысле, достопочтенный, говорилось о разнообразии элементов Благословенным?”",
  "sn41.2:2.12": "",
  "sn41.2:3.1": "В то время Достопочтенный Исидатта был самым младшим монахом в той Сангхе. ",
  "sn41.2:3.2": "И Достопочтенный Исидатта обратился к самому старшему достопочтенному старцу: ",
  "sn41.2:3.3": "“Позвольте, достопочтенный старец, ответить на вопрос домохозяина Читты”.",
  "sn41.2:3.4": "“Отвечай, друг Исидатта”.",
  "sn41.2:3.5": "“Домохозяин, ты спрашиваешь так: ",
  "sn41.2:3.6": "“Достопочтенный старец, “Разнообразие элементов, разнообразие элементов”. ",
  "sn41.2:3.7": "В каком смысле, достопочтенный, говорилось о разнообразии элементов Благословенным?”",
  "sn41.2:3.8": "“Да, достопочтенный”.",
  "sn41.2:3.9": "“Об этом разнообразии элементов, домохозяин, говорилось Благословенным:",
  "sn41.2:3.10": "элемент глаза, элемент формы, элемент сознания глаза…",
  "sn41.2:3.11": "элемент ума, элемент ментального феномена, элемент сознания ума.",
  "sn41.2:3.12": "Вот в каком смысле, домохозяин, говорилось о разнообразии элементов Благословенным”.",
  "sn41.2:4.1": "И тогда домохозяин Читта, восхитившись и возрадовавшись словам Достопочтенного Исидатты, собственноручно обслужил старших монахов различными видами превосходной еды. ",
  "sn41.2:4.2": "Когда старшие монахи поели и убрали чаши, они встали со своих сидений и ушли.",
  "sn41.2:4.3": "Затем самый старший достопочтенный старец обратился к Достопочтенному Исидатте: ",
  "sn41.2:4.4": "“Хорошо, друг Исидатта, что тебе пришёл на ум ответ на этот вопрос. Мне ответ на ум не пришёл. ",
  "sn41.2:4.5": "Поэтому, друг Исидатта, каждый раз, когда и в другое время подобный вопрос будут задавать, тебе и следует его прояснять”.",
  "sn41.2:4.6": "Вторая."
}