{
  "sn41.10:0.1": "Связанные Наставления 4.7.1.10",
  "sn41.10:0.2": "Глава Читта",
  "sn41.10:0.3": "Сутта Болен",
  "sn41.10:1.1": "И тогда домохозяин Читта был нездоров, поражён болезнью, серьёзно болен. ",
  "sn41.10:1.2": "И вот несколько дэвов, проживающих в парках, в рощах, в деревьях, в лекарственных травах, а также лесные гиганты собрались и обратились к домохозяину Читте:",
  "sn41.10:1.3": "“Пожелай, домохозяин, так: “Пусть я стану царём-миродержцем в будущем!”.",
  "sn41.10:2.1": "Когда так было сказано, домохозяин Читта сказал этим божествам: ",
  "sn41.10:2.2": "“И это тоже непостоянно, и это тоже неустойчиво, это то, что потом нужно будет оставить и пойти дальше”.",
  "sn41.10:2.3": "Когда так было сказано, друзья и товарищи, родственники и родня домохозяина Читты обратились к нему: ",
  "sn41.10:2.4": "“Утвердись в осознанности, хозяин. Не лепечи [ерунды]”.",
  "sn41.10:2.5": "“Что я такого сказал, что вы обращаетесь ко мне так?”",
  "sn41.10:2.6": "“Утвердись в осознанности, хозяин. Не лепечи [ерунды]”.",
  "sn41.10:2.7": "“Ты сказал нам: ",
  "sn41.10:2.8": "“И это тоже непостоянно, и это тоже неустойчиво, это то, что потом нужно будет оставить и пойти дальше”.",
  "sn41.10:2.9": "“Это потому, что дэвы, проживающие в парках, в рощах, в деревьях, в лекарственных травах, а также лесные гиганты собрались и обратились ко мне: ",
  "sn41.10:2.10": "“Пожелай, домохозяин, так: “Пусть я стану царём-миродержцем в будущем!”. ",
  "sn41.10:2.11": "А я ответил им: ",
  "sn41.10:2.12": "“И это тоже непостоянно, и это тоже неустойчиво, это то, что потом нужно будет оставить и пойти дальше”.",
  "sn41.10:2.13": "“А зачем этим божествам, хозяин, говорить это тебе?”",
  "sn41.10:2.14": "",
  "sn41.10:2.15": "“Потому что эти божества думают так: ",
  "sn41.10:2.16": "“Этот домохозяин Читта нравствененный и порядочный. ",
  "sn41.10:2.17": "Если он пожелает: ",
  "sn41.10:2.18": "“Пусть я стану царём-миродержцем в будущем!” – то, поскольку он нравственен, то эта его мечта может сбыться из-за его чистоты. Праведный царь будет совершать праведные подношения”. ",
  "sn41.10:2.19": "Видя эту выгоду, эти божества собрались и сказали: ",
  "sn41.10:2.20": "“Пожелай, домохозяин, так: “Пусть я стану царём-миродержцем в будущем!”. ",
  "sn41.10:2.21": "А я ответил им: ",
  "sn41.10:2.22": "“И это тоже непостоянно, и это тоже неустойчиво, это то, что потом нужно будет оставить и пойти дальше”.",
  "sn41.10:3.1": "“В таком случае, дай нам тоже наставление, домохозяин”.",
  "sn41.10:3.2": "“Что ж, вот как вам следует тренировать себя: ",
  "sn41.10:3.3": "“Мы будем обладать подтверждённой верой в Будду: ",
  "sn41.10:3.4": "“В самом деле, Благословенный – достойный, истинно самопробуждённый, совершенный в знании и поведении, достигший блага, знаток мира, непревзойдённый учитель тех, кто готов обучаться, учитель богов и людей, пробуждённый, благословенный”.",
  "sn41.10:3.5": "Мы будем обладать подтверждённой верой в Дхамму: ",
  "sn41.10:3.6": "“Дхамма превосходно разъяснена Благословенным, видимая здесь и сейчас, не зависящая от времени, приглашающая пойти и увидеть, ведущая к цели, познаваемая мудрыми самостоятельно”.",
  "sn41.10:3.7": "Мы будем обладать подтверждённой верой в Сангху: ",
  "sn41.10:3.8": "“Сангха учеников Благословенного, идущих по хорошему пути, идущих по прямому пути, идущих по верному пути, идущих по совершенному пути, другими словами, четыре пары или восемь типов личностей – это Сангха учеников Благословенного: достойная даров, достойная гостеприимства, достойная подношений, достойная уважения, непревзойдённое поле заслуг для мира”.",
  "sn41.10:3.9": "Когда есть что-либо в нашей семье, чем можно было бы поделиться – всё это мы безвозмездно подарим тем, кто нравственен и порядочен”. Вот как вам следует тренировать себя.",
  "sn41.10:3.10": "И тогда, зародив веру в Будду, Дхамму, и Сангху среди своих друзей и товарищей, родственников и родных, наставив их в щедрости, домохозяин Читта скончался.",
  "sn41.10:3.11": "Десятая.",
  "sn41.10:3.12": "Глава Читта Первая.",
  "sn41.10:4.0": "Оглавление",
  "sn41.10:4.1": "Связанность, две Исидатты, ",
  "sn41.10:4.2": "И чудо Махаки;",
  "sn41.10:4.3": "Годатта и Нигантха,",
  "sn41.10:4.4": "Голый аскет и видение больного.",
  "sn41.10:4.5": "Читтасаньютта закончена."
}