{
  "sn41.5:0.1": "Связанные Наставления 4.7.1.5",
  "sn41.5:0.2": "Глава Читта",
  "sn41.5:0.3": "Первая Камабху Сутта ",
  "sn41.5:1.1": "Однажды Достопочтенный Камабху пребывал в Маччхикасанде в Роще Дикого Манго. ",
  "sn41.5:1.2": "И тогда домохозяин Читта отправился к Достопочтенному Камабхе, поклонился ему и сел рядом. Достопочтенный Камабху сказал ему: ",
  "sn41.5:2.1": "“Так было сказано, домохозяин:",
  "sn41.5:3.1": "“C прекрасными колёсами, с навесом белым,",
  "sn41.5:3.2": "Едет колесница на одной спице,",
  "sn41.5:3.3": "Смотри как прибывает, без проблем,",
  "sn41.5:3.4": "Поток отрезан, скованности нет”.",
  "sn41.5:4.1": "Как, домохозяин, следует понимать значение этого краткого утверждения в подробностях?”",
  "sn41.5:4.2": "“Это было сказано Благословенным, Достопочтенный?”",
  "sn41.5:4.3": "“Да, домохозяин”.",
  "sn41.5:4.4": "“Тогда подождите немного, Достопочтенный, пока я обдумываю значение [этой фразы]”. ",
  "sn41.5:4.5": "И затем, после некоторого молчания, домохозяин Читта сказал Достопочтенному Камабху:",
  "sn41.5:5.1": "“Достопочтенный, “прекрасное” означает нравственные качества. ",
  "sn41.5:5.2": "“С навесом белым” означает освобождение. ",
  "sn41.5:5.3": "“Одна спица” означает осознанность. ",
  "sn41.5:5.4": "“Едет” означает поступление и возвращение. ",
  "sn41.5:5.5": "“Колесница” означает это самое тело, состоящее из четырёх элементов, рождённое отцом и матерью, выстроенное из риса и каши, подверженное непостоянству, износу, стиранию, распаду и рассеиванию.",
  "sn41.5:5.6": "Жажда, достопочтенный – это проблема. Злоба – это проблема. Заблуждение – это проблема. ",
  "sn41.5:5.7": "Для монаха, чьи пятна [загрязнений ума] уничтожены, эти [три качества] были отброшены, вырваны с корнем, сделаны подобными обрубку пальмы, уничтоженны так, что более не смогут появиться в будущем. ",
  "sn41.5:5.8": "Поэтому монах, чьи пятна уничтожены, обозначается [фразой] “без проблем”. ",
  "sn41.5:5.9": "“Тот, кто прибывает” означает араханта.",
  "sn41.5:5.10": "“Поток” – это, достопочтенный, обозначение желания. ",
  "sn41.5:5.11": "Для монаха, чьи пятна уничтожены, она была отброшена, вырвана с корнем, сделана подобной обрубку пальмы, уничтожена так, что более не сможет появиться в будущем. ",
  "sn41.5:5.12": "Поэтому монах, чьи пятна уничтожены, обозначается [фразой] “тот, у кого отрезан поток”.",
  "sn41.5:5.13": "Жажда, достопочтенный – это скованность. Злоба – это скованность. Заблуждение – это скованность. ",
  "sn41.5:5.14": "Для монаха, чьи пятна уничтожены, эти [три качества] были отброшены, вырваны с корнем, сделаны подобными обрубку пальмы, уничтоженны так, что более не смогут появиться в будущем. ",
  "sn41.5:5.15": "Поэтому монах, чьи пятна уничтожены, обозначается [фразой] “скованности нет”.",
  "sn41.5:5.16": "Поэтому, достопочтенный, когда так было сказано Благословенным:",
  "sn41.5:6.1": "“C прекрасными колёсами, с навесом белым,",
  "sn41.5:6.2": "Едет колесница на одной спице,",
  "sn41.5:6.3": "Смотри как прибывает, без проблем,",
  "sn41.5:6.4": "Поток отрезан, скованности нет” –",
  "sn41.5:7.1": "то вот так я понимаю в подробностях значение того, что сказал Благословенный вкратце”.",
  "sn41.5:7.2": "“Какое благо для тебя, домохозяин, какое большое благо для тебя, домохозяин, ",
  "sn41.5:7.3": "что ты обладаешь оком мудрости, которое постигает глубокое Слово Будды”.",
  "sn41.5:7.4": "Пятая."
}