{
  "sn50.35-44:0.1": "Связанные Наставления 5.6.4.35-44",
  "sn50.35-44:0.2": "Глава Есана",
  "sn50.35-44:0.3": "Глава Есана",
  "sn50.35-44:1.1": "(Глава Есанадолжна быть развернута. [sn45.161–170])",
  "sn50.35-44:2.0": "Оглавление",
  "sn50.35-44:2.1": "Поиск, вид, утечка, ",
  "sn50.35-44:2.2": "Бхава с болезненности три;",
  "sn50.35-44:2.3": "Бесполезность, запятнанность, тягость,",
  "sn50.35-44:2.4": "Чувство, цепляние и алканье."
}