{
  "sn50.89-98:0.1": "Связанные Наставления 5.6.8.89-98",
  "sn50.89-98:0.2": "Глава Пунаесана",
  "sn50.89-98:0.3": "Глава Пунаесана",
  "sn50.89-98:1.1": "(Так Есана Пали должна быть развернута—вычищающую страсть, вычищающую злобу, вычищающую заблуждение. [sn45.161–170])",
  "sn50.89-98:1.2": "Глава Есана Девятая.",
  "sn50.89-98:2.0": "Оглавление",
  "sn50.89-98:2.1": "Поиск, вид, утечка, ",
  "sn50.89-98:2.2": "Бхава с болезненности три;",
  "sn50.89-98:2.3": "Бесполезность, запятнанность, тягость,",
  "sn50.89-98:2.4": "Чувство, цепляние и алканье."
}