{
  "sn50.45-54:0.1": "Связанные Наставления 5.6.5.45-54",
  "sn50.45-54:0.2": "Глава Огха",
  "sn50.45-54:0.3": "Сутта Начинающиеся с Наводнения",
  "sn50.45-54:1.1": "“Эти пять, монахи, восходящих-верхних связанностей. ",
  "sn50.45-54:1.2": "Какие пять?",
  "sn50.45-54:1.3": "Страсть к материи, страсть к нематериальному, самомнение, возбужденность, незнание—",
  "sn50.45-54:1.4": "“Эти, монахи, пять восходящих-верхних связанностей. ",
  "sn50.45-54:1.5": "Этих, монахи, пяти восходящих связанностей познанию, полному пониманию, полному исчерпанию, покиданию пять способностей должны быть развиты.",
  "sn50.45-54:1.6": "Какие пять? ",
  "sn50.45-54:1.7": "Вот, монахи, монах, способность доверия развивает основанную на единении, основанную на бесстрастии, основанную на истечении, основанную на единении, распадающуюся в полное отдаление,",
  "sn50.45-54:1.8": "способность старания…",
  "sn50.45-54:1.9": "способность памятования…",
  "sn50.45-54:1.10": "способность объединения опыта,",
  "sn50.45-54:1.11": "способность понимания развивает основанную на единении, основанную на бесстрастии, основанную на истечении, основанную на единении, распадающуюся в полное отдаление.",
  "sn50.45-54:1.12": "Этих, монахи, пяти восходящих связанностей познанию, полному пониманию, полному исчерпанию, покиданию пять способностей должны быть развиты.",
  "sn50.45-54:1.13": "(Так должно быть развернуто. [sn45.171–179])"
}