{
  "sn50.1-12:0.1": "Связанные Наставления 5.6.1.1-12",
  "sn50.1-12:0.2": "Глава Ганга Пейала",
  "sn50.1-12:0.3": "Сутты Начинающиеся с Бала",
  "sn50.1-12:1.1": "“Монахи, существуют эти пять сил. ",
  "sn50.1-12:1.2": "Какие пять?",
  "sn50.1-12:1.3": "Сила веры, сила усердия, сила осознанности, сила сосредоточения, сила мудрости.",
  "sn50.1-12:1.4": "Таковы пять сил.",
  "sn50.1-12:1.5": "Монахи, подобно тому, как река Ганг направляется, склоняется, устремляется к востоку – ",
  "sn50.1-12:1.6": "то точно также монах, который развивает и взращивает пять сил, направляется, склоняется, устремляется к ниббане.",
  "sn50.1-12:1.7": "И как, монахи, монах развивает и взращивает пять сил, [так что] направляется, склоняется, устремляется к ниббане?",
  "sn50.1-12:1.8": "Вот, монахи, монах развивает силу веры, которая основана на отречении, бесстрастии, прекращении и созревает в освобождении… ",
  "sn50.1-12:1.9": "силу усердия… ",
  "sn50.1-12:1.10": "силу осознанности… ",
  "sn50.1-12:1.11": "силу сосредоточения… ",
  "sn50.1-12:1.12": "силу мудрости, которая основана на отречении, бесстрастии, прекращении и созревает в освобождении.",
  "sn50.1-12:1.13": "Вот так, монахи, монах развивает и взращивает пять сил, [так что] направляется, склоняется, устремляется к ниббане”.",
  "sn50.1-12:1.14": "Двенадцатая.",
  "sn50.1-12:1.15": "Глава Ганга Пейала Первая.",
  "sn50.1-12:2.0": "Оглавление",
  "sn50.1-12:2.1": "Шесть на восток склоняющихся,",
  "sn50.1-12:2.2": "и шесть склоняющихся к океану;",
  "sn50.1-12:2.3": "Эти две по шесть являются двенадцатью.",
  "sn50.1-12:2.4": "Глава этой называется."
}