{
  "sn50.55-66:0.1": "Связанные Наставления 5.6.6.55-66",
  "sn50.55-66:0.2": "Глава Пунагангапейала",
  "sn50.55-66:0.3": "Сутты Начинающиеся с Востока",
  "sn50.55-66:1.1": "Монахи, подобно тому, как река Ганг направляется, склоняется, устремляется к востоку – ",
  "sn50.55-66:1.2": "то точно также монах, который развивает и взращивает пять сил, направляется, склоняется, устремляется к ниббане.",
  "sn50.55-66:1.3": "И как, монахи, монах развивает и взращивает пять сил, [так что] направляется, склоняется, устремляется к ниббане?",
  "sn50.55-66:1.4": "Вот, монахи, монах развивает силу доверия, вычищающую страсть, вычищающую злобу, вычищающую заблуждение…",
  "sn50.55-66:1.5": "Вот так, монахи, монах развивает и взращивает пять сил, [так что] направляется, склоняется, устремляется к ниббане”.",
  "sn50.55-66:1.6": "Должна быть равзернута. [sn45.91–102]",
  "sn50.55-66:1.7": "Двенадцатая.",
  "sn50.55-66:1.8": "Глава Гангапейала Шестая.",
  "sn50.55-66:2.0": "Оглавление",
  "sn50.55-66:2.1": "Шесть на восток склоняющихся,",
  "sn50.55-66:2.2": "и шесть склоняющихся к океану;",
  "sn50.55-66:2.3": "Эти две по шесть являются двенадцатью.",
  "sn50.55-66:2.4": "Глава этой называется."
}