{
  "sn50.13-22:0.1": "Связанные Наставления 5.6.2.13-22",
  "sn50.13-22:0.2": "Глава Аппамада",
  "sn50.13-22:0.3": "Глава Аппамада",
  "sn50.13-22:1.1": "(Глава Аппамада должна быть развернута. [sn45.139–148])",
  "sn50.13-22:2.0": "Оглавление",
  "sn50.13-22:2.1": "Татхагата, след, остроконечная крыша,",
  "sn50.13-22:2.2": "корень, ядровая древесина, жасмин;",
  "sn50.13-22:2.3": "Царь, луна и солнце,",
  "sn50.13-22:2.4": "ткань десать следов."
}