{
  "sn50.99-108:0.1": "Связанные Наставления 5.6.9.99-108",
  "sn50.99-108:0.2": "Глава Пунаогха",
  "sn50.99-108:0.3": "Еще Сутты Начинающиеся с Наводнения",
  "sn50.99-108:1.1": "“Эти пять, монахи, восходящих-верхних связанностей. ",
  "sn50.99-108:1.2": "Какие пять?",
  "sn50.99-108:1.3": "Страсть к материи, страсть к нематериальному, самомнение, возбужденность, незнание—",
  "sn50.99-108:1.4": "“Эти, монахи, пять восходящих-верхних связанностей. ",
  "sn50.99-108:1.5": "Этих, монахи, пяти восходящих связанностей познанию, полному пониманию, полному ",
  "sn50.99-108:1.6": "Какие пять? ",
  "sn50.99-108:1.7": "Вот, монахи, монах, способность доверия … способность понимания развивает вычищающую страсть, вычищающую злобу, вычищающую замутнённость. ",
  "sn50.99-108:1.8": "Этих, монахи, пяти восходящих связанностей познанию, полному пониманию, полному исчерпанию, покиданию пять способностей должны быть развиты.",
  "sn50.99-108:1.9": "Десятая.",
  "sn50.99-108:1.10": "Глава Огха Десятая.",
  "sn50.99-108:2.0": "Оглавление",
  "sn50.99-108:2.1": "Наводнение, связь, поддерживание, ",
  "sn50.99-108:2.2": "и узел с залежью; ",
  "sn50.99-108:2.3": "Множитель желаний, покровы,",
  "sn50.99-108:2.4": "группы, ближне-восходящая.",
  "sn50.99-108:2.5": "Баласаньююта шестая."
}