{
  "sn50.23-34:0.1": "Связанные Наставления 5.6.3.23-34",
  "sn50.23-34:0.2": "Глава Балакарания",
  "sn50.23-34:0.3": "Глава Балакарания",
  "sn50.23-34:1.1": "(Глава Балакарания должна быть развернута. [sn45.149–160])",
  "sn50.23-34:2.0": "Оглавление",
  "sn50.23-34:2.1": "Способность, семя и наг,",
  "sn50.23-34:2.2": "дерево с горшком, со щепкой;",
  "sn50.23-34:2.3": "С небом и два облака,",
  "sn50.23-34:2.4": "Судно, гость, река."
}