{
  "sn12.40:0.1": "Связанные Наставления 12.40",
  "sn12.40:0.2": "Глава Каларакхаттия",
  "sn12.40:0.3": "Сутта Намерение Третья",
  "sn12.40:1.1": "В Саваттхи.",
  "sn12.40:1.2": "“Монахи, [то], что человек намеревается [делать], что он планирует, и к чему у него имеется [скрытая] склонность – это становится основанием для поддержания сознания.",
  "sn12.40:1.3": "Когда есть [это] основание, имеется опора для утверждения сознания.",
  "sn12.40:1.4": "Когда сознание утверждено и начало разрастаться, имеется склонение.",
  "sn12.40:1.5": "Когда есть склонение, то есть приход и уход.",
  "sn12.40:1.6": "Когда есть приход и уход, есть умирание и перерождение.",
  "sn12.40:1.7": "Когда есть умирание и перерождение – рождение, старение-и-смерть, печаль, стенание, боль, недовольство и отчаяние возникают.",
  "sn12.40:1.8": "Таково происхождение всей этой груды боли.",
  "sn12.40:2.1": "Если, монахи, человек не намеревается, не планирует, но всё ещё имеет [скрытую] склонность к чему-либо – это становится основанием для поддержания сознания.",
  "sn12.40:2.2": "Когда есть [это] основание, имеется опора для утверждения сознания.",
  "sn12.40:2.3": "Когда сознание утверждено и начало разрастаться, имеется склонение…",
  "sn12.40:2.4": "",
  "sn12.40:2.5": "",
  "sn12.40:2.6": "",
  "sn12.40:2.7": "Таково происхождение всей этой груды страданий.",
  "sn12.40:3.1": "Но, монахи, если человек не намеревается, не планирует, и не имеет склонности к чему-либо, [то] нет основания для поддержания сознания.",
  "sn12.40:3.2": "Когда нет основания, нет опоры для утверждения сознания.",
  "sn12.40:3.3": "Когда сознание не утверждено и не начинает разрастаться, нет склонения.",
  "sn12.40:3.4": "Когда нет склонения, нет прихода и ухода.",
  "sn12.40:3.5": "Когда нет прихода и ухода, нет умирания и перерождения.",
  "sn12.40:3.6": "Когда нет умирания и перерождения – рождение, старение-и-смерть, печаль, стенание, боль, недовольство и отчаяние прекращаются.",
  "sn12.40:3.7": "Таково прекращение всей этой груды боли”.",
  "sn12.40:3.8": "Десятая.",
  "sn12.40:3.9": "Глава Каларакхаттия Четвёртая.",
  "sn12.40:4.0": "Оглавление",
  "sn12.40:4.1": "",
  "sn12.40:4.2": "",
  "sn12.40:4.3": "",
  "sn12.40:4.4": ""
}