{
  "sn12.43:0.1": "Связанные Наставления 12.43",
  "sn12.43:0.2": "Глава Гахапати",
  "sn12.43:0.3": "Сутта Боль-дискомфорт",
  "sn12.43:1.1": "В Саваттхи.",
  "sn12.43:1.2": "“Монахи, я научу вас скапливанию и захождению боли.",
  "sn12.43:1.3": "Слушайте внимательно, я буду говорить”.",
  "sn12.43:1.4": "“Да, почтенный” – ответили монахи.",
  "sn12.43:1.5": "Благословенный сказал:",
  "sn12.43:2.1": "“И каково, монахи, скапливание боли?",
  "sn12.43:2.2": "В зависимости от глаза и форм возникает сознание глаза. Встреча [этих] трёх – это контакт.",
  "sn12.43:2.3": "С контактом как условием, чувство [возникает].",
  "sn12.43:2.4": "С чувством как условием, жажда [возникает].",
  "sn12.43:2.5": "Таково скапливание боли.",
  "sn12.43:3.1": "В зависимости от уха и звуков…",
  "sn12.43:3.2": "В зависимости от носа и запахов…",
  "sn12.43:3.3": "В зависимости от языка и вкусов…",
  "sn12.43:3.4": "В зависимости от тела и тактильных ощущений…",
  "sn12.43:3.5": "В зависимости от ума и явлений возникает сознание ума. Встреча [этих] трёх – это контакт.",
  "sn12.43:3.6": "С контактом как условием, чувство [возникает].",
  "sn12.43:3.7": "С чувством как условием, жажда [возникает].",
  "sn12.43:3.8": "Таково скапливание боли.",
  "sn12.43:4.1": "И каково, монахи, захождение боли?",
  "sn12.43:4.2": "В зависимости от глаза и форм возникает сознание глаза. Встреча [этих] трёх – это контакт.",
  "sn12.43:4.3": "С контактом как условием, чувство [возникает].",
  "sn12.43:4.4": "С чувством как условием, жажда [возникает].",
  "sn12.43:4.5": "Но с безостаточным угасанием и прекращением этой самой жажды происходит прекращение цепляния.",
  "sn12.43:4.6": "С прекращением цепляния – прекращение существования.",
  "sn12.43:4.7": "С прекращением существования – прекращение рождения.",
  "sn12.43:4.8": "С прекращением рождения старение-и-смерть, печаль, стенание, боль, недовольство и отчаяние прекращаются.",
  "sn12.43:4.9": "Таково прекращение всей этой груды боли.",
  "sn12.43:4.10": "Это, монахи, захождение боли.",
  "sn12.43:5.1": "В зависимости от уха и звуков…",
  "sn12.43:5.2": "В зависимости от носа и запахов…",
  "sn12.43:5.3": "В зависимости от языка и вкусов…",
  "sn12.43:5.4": "В зависимости от тела и тактильных ощущений…",
  "sn12.43:5.5": "В зависимости от ума и явлений возникает сознание ума. Встреча [этих] трёх – это контакт.",
  "sn12.43:5.6": "С контактом как условием, чувство [возникает].",
  "sn12.43:5.7": "С чувством как условием, жажда [возникает].",
  "sn12.43:5.8": "Но с безостаточным угасанием и прекращением этой самой жажды происходит прекращение цепляния.",
  "sn12.43:5.9": "С прекращением цепляния – прекращение существования.",
  "sn12.43:5.10": "С прекращением существования – прекращение рождения.",
  "sn12.43:5.11": "С прекращением рождения старение-и-смерть, печаль, стенание, боль, недовольство и отчаяние прекращаются.",
  "sn12.43:5.12": "Такого прекращение всей этой груды боли.",
  "sn12.43:5.13": "Таков, монахи, захождение боли”.",
  "sn12.43:5.14": "Третья."
}