{
  "sn12.82:0.1": "Связанные Наставления 12.82",
  "sn12.82:0.2": "Сокращение Антара",
  "sn12.82:0.3": "Сутта Учитель",
  "sn12.82:1.1": "В Саваттхи.",
  "sn12.82:1.2": "Старение-умирание, монахи, как-есть незнающий невидящий для знания старения-умирания как-есть должен найти учителя;",
  "sn12.82:1.3": "Скапливание старения-умирания, монахи, как-есть незнающий невидящий для знания скапливания старения-умирания как-есть должен найти учителя;",
  "sn12.82:1.4": "Истечение старения-умирания, монахи, как-есть незнающий невидящий для знания истечения старения-умирания как-есть должен найти учителя;",
  "sn12.82:1.5": "К истечению старения-умирания ведущую практику, монахи, как-есть незнающий невидящий для знания к истечению старения-умирания ведущей практики как-есть должен найти учителя;",
  "sn12.82:1.6": "(Одна Сутта.)",
  "sn12.82:1.7": "Первая.",
  "sn12.82:1.8": "(Сокращение полностью так должно быть расширенно.)"
}