{
  "sn12.69:0.1": "Связанные Наставления 2.1.7.9",
  "sn12.69:0.2": "Большая Глава",
  "sn12.69:0.3": "Сутта Упаянти",
  "sn12.69:1.1": "Так я слышал. ",
  "sn12.69:1.2": "Однажды Благословенный пребывал в Саваттхи в роще Джеты в монастыре Анатхапиндики. ",
  "sn12.69:1.3": "Там Благословенный сказал: ",
  "sn12.69:1.4": "“Монахи, заводнение океана вызывает заводнение рек. Заводнение рек вызывает заводнение ручьёв. Заводнение ручьёв вызывает заводнение озёр. Заводнение озёр вызывает заводнение прудов.",
  "sn12.69:1.5": "Точно также, заводнение невежества вызывает заводнение волевых формирователей. Заводнение волевых формирователей вызывает заводнение сознания… имени-и-формы… шести сфер чувств… контакта… чувства… жажды… цепляния… существования… рождения… заводнение рождения вызывает заводнение старения-и-смерти.",
  "sn12.69:2.1": "Монахи, обмеление океана вызывает обмеление рек. Обмеление рек вызывает обмеление ручьёв. Обмеление ручьёв вызывает обмеление озёр. Обмеление озёр вызывает обмеление прудов. ",
  "sn12.69:2.2": "Точно также, обмеление невежества вызывает обмеление волевых формирователей… обмеление старения-и-смерти”.",
  "sn12.69:2.3": "Пятая."
}