{
  "sn12.64:0.1": "Связанные Наставления 2.1.7.4",
  "sn12.64:0.2": "Маха Вагга ",
  "sn12.64:0.3": "Есть страсть",
  "sn12.64:1.1": "В Саваттхи. ",
  "sn12.64:1.2": "“Монахи, есть четыре вида питания для поддержания существ, которые уже возникли, и для содействия тем, которые собираются возникнуть. ",
  "sn12.64:1.3": "Какие четыре?",
  "sn12.64:1.4": "Питание [в виде] съедобной [материальной] пищи, грубой или утончённой; второе – [это] контакт; третье – [это] умственное волевое намерение; четвёртое – [это] сознание.",
  "sn12.64:1.5": "Таковы четыре вида питания для поддержания существ, которые уже возникли, и для содействия тем, которые собираются возникнуть.",
  "sn12.64:2.1": "Если, монахи, есть страсть к питанию [в виде] съедобной [материальной] пищи, если есть наслаждение [ей], если есть жажда [к ней], то сознание утверждается там и начинает разрастаться1. ",
  "sn12.64:2.2": "Там, где сознание утверждается и начинает разрастаться, там [происходит] нисхождение имени-и-формы. ",
  "sn12.64:2.3": "Где имеется нисхождение имени-и-формы, там [происходит] разрастание волевых формирователей. ",
  "sn12.64:2.4": "Где имеется разрастание волевых формирователей, там [происходит] продуцирование нового существования в будущем. ",
  "sn12.64:2.5": "Там, где имеется продуцирование нового существования в будущем, там есть будущее рождение, старение и смерть. ",
  "sn12.64:2.6": "Когда есть будущее рождение, старение и смерть, то это, я говорю вам, сопровождается печалью, болью и отчаянием.",
  "sn12.64:3.1": "Если, монахи, есть страсть к контакту как питанию ",
  "sn12.64:3.2": "к умственному волевому намерению как питанию ",
  "sn12.64:3.3": "к сознанию как питанию, если есть наслаждение [этим], если есть жажда [к этому], то сознание утверждается там и начинает разрастаться… ",
  "sn12.64:3.4": "",
  "sn12.64:3.5": "",
  "sn12.64:3.6": "",
  "sn12.64:3.7": "",
  "sn12.64:3.8": "…сопровождается печалью, болью и отчаянием.",
  "sn12.64:4.1": "Представьте, монахи, как художник, используя краску или лак или куркуму или индиго или кармазин, нарисовал бы фигуру мужчины или женщины, законченную во всех её чертах, на тщательно отполированной доске или стене или холсте. ",
  "sn12.64:4.2": "Точно также, когда имеется страсть к питанию [в виде] съедобной [материальной] пищи ",
  "sn12.64:4.3": "",
  "sn12.64:4.4": "",
  "sn12.64:4.5": "",
  "sn12.64:4.6": "",
  "sn12.64:4.7": "",
  "sn12.64:5.1": "к контакту как питанию ",
  "sn12.64:5.2": "к умственному волевому намерению как питанию",
  "sn12.64:5.3": "к сознанию как питанию, если есть наслаждение [этим], если есть жажда [к этому], то сознание утверждается там и начинает разрастаться… ",
  "sn12.64:5.4": "",
  "sn12.64:5.5": "",
  "sn12.64:5.6": "",
  "sn12.64:5.7": "",
  "sn12.64:5.8": "…сопровождается печалью, болью и отчаянием.",
  "sn12.64:6.1": "Если, монахи, нет страсти к питанию [в виде] съедобной [материальной] пищи, если нет наслаждения [этим], если нет жажды [к этому], то сознание не утверждается там и не начинает разрастаться. ",
  "sn12.64:6.2": "Там, где сознание не утверждается и не начинает разрастаться, там нет нисхождения имени-и-формы. ",
  "sn12.64:6.3": "Где нет нисхождения имени-и-формы, там нет разрастания волевых формирователей. ",
  "sn12.64:6.4": "Где нет разрастания волевых формирователей, там нет продуцирования нового существования в будущем. ",
  "sn12.64:6.5": "Где нет продуцирования нового существования в будущем, там нет будущего рождения, старения и смерти. ",
  "sn12.64:6.6": "Когда нет будущего рождения, старения и смерти, то это, я говорю вам, не сопровождается печалью, болью и отчаянием.",
  "sn12.64:7.1": "к контакту как питанию ",
  "sn12.64:7.2": "к умственному волевому намерению как питанию ",
  "sn12.64:7.3": "к сознанию как питанию",
  "sn12.64:7.4": "",
  "sn12.64:7.5": "",
  "sn12.64:7.6": "",
  "sn12.64:7.7": "",
  "sn12.64:7.8": "",
  "sn12.64:8.1": "Представьте, монахи, дом или зал с остроконечной крышей и с окнами, выходящими на север, юг и восток. Когда всходило бы солнце, и луч света попадал бы в окно, где бы он утверждался?”",
  "sn12.64:8.2": "“На западной стене, почтенный”.",
  "sn12.64:8.3": "“А если бы не было западной стены, где бы он утверждался?”",
  "sn12.64:8.4": "“На земле, почтенный”.",
  "sn12.64:8.5": "“А если бы не было земли, где бы он утверждался?”",
  "sn12.64:8.6": "“На воде, почтенный”.",
  "sn12.64:8.7": "“А если бы не было воды, где бы он утверждался?”",
  "sn12.64:8.8": "“Он нигде бы не утверждался, почтенный”.",
  "sn12.64:8.9": "“Точно также, монахи, если нет страсти к питанию [в виде] съедобной [материальной] пищи… ",
  "sn12.64:9.1": "контакту… ",
  "sn12.64:9.2": "умственному волевому намерению… ",
  "sn12.64:9.3": "сознанию… ",
  "sn12.64:9.4": "сознание не утверждается там и не начинает разрастаться… ",
  "sn12.64:9.5": "",
  "sn12.64:9.6": "",
  "sn12.64:9.7": "",
  "sn12.64:9.8": "Когда нет будущего рождения, старения и смерти, то это, я говорю вам, не сопровождается печалью, болью и отчаянием”.",
  "sn12.64:9.9": "Четвёртая."
}