{
 "sn12.56:0.1": "Связанные Наставления 12.56",
 "sn12.56:0.2": "Глава Дуккха",
 "sn12.56:0.3": "Сутта Большое дерево Первая",
 "sn12.56:1.1": "В Саваттхи.",
 "sn12.56:1.2": "Представьте, монахи, большое дерево,",
 "sn12.56:1.3": "и все его уходящие вниз и по бокам корни направляли бы сок вверх.",
 "sn12.56:1.4": "Так, будучи поддерживаемым этим соком, подпитываемым им, это большое дерево простояло бы долгое время.",
 "sn12.56:1.5": "Точно также, когда кто-либо пребывает в созерцании наслаждения в вещах, к которым можно прицепиться, жажда возрастает.",
 "sn12.56:1.6": "С жаждой как условием, цепляние [возникает]…",
 "sn12.56:1.7": "Таково происхождение всей этой груды боли.",
 "sn12.56:2.1": "Представьте, монахи, большое дерево.",
 "sn12.56:2.2": "И мимо проходил бы человек с лопатой и ведром.",
 "sn12.56:2.3": "Он бы срубил это дерево под корень, выкопал бы его, вытащил бы корни, [включая] даже небольшие корешки и корневые нити…",
 "sn12.56:2.4": "бросил бы её в поток быстрой реки.",
 "sn12.56:2.5": "Таким образом, это большое дерево было бы срублено под корень, сделано подобным обрубку пальмы, уничтожено так, что более не сможет возникнуть в будущем.",
 "sn12.56:2.6": "Точно также, когда кто-либо пребывает в созерцании опасности в вещах, к которым можно прицепиться, жажда прекращается.",
 "sn12.56:2.7": "С прекращением жажды происходит прекращение цепляния…",
 "sn12.56:2.8": "Таково прекращение всей этой груды страданий”.",
 "sn12.56:2.9": "Шестая."
}