{
  "sn12.65:0.1": "Связанные Наставления 2.1.7.5",
  "sn12.65:0.2": "Большая Глава",
  "sn12.65:0.3": "Сутта Нагара",
  "sn12.65:1.1": "В Саваттхи. ",
  "sn12.65:1.2": "“Монахи, до моего просветления, когда я всё ещё был не полностью просветлённым бодхисаттой, мысль пришла ко мне: ",
  "sn12.65:1.3": "“Увы, этот мир попал в беду в том [смысле], что он рождается, стареет и умирает, он прекращается и перерождается, ",
  "sn12.65:1.4": "и всё же не понимает спасения от этого страдания, [причиняемого] старением-и-смертью. ",
  "sn12.65:1.5": "Так когда же будет выявлено спасение от этого страдания, [причиняемого] старением-и-смертью?",
  "sn12.65:1.6": "И тогда, монахи, мысль пришла ко мне: ",
  "sn12.65:1.7": "“Что наличествует, так что возникает старение-и-смерть? Чем обусловлено старение-и-смерть?” ",
  "sn12.65:1.8": "И тогда, монахи, через тщательно [направленное] внимание, постижение посредством мудрости возникло во мне: ",
  "sn12.65:1.9": "“Когда есть рождение, то старение-и-смерть возникает. Старение-и-смерть имеет рождение своим условием”.",
  "sn12.65:2.1": "Затем, монахи, мысль пришла ко мне: ",
  "sn12.65:2.2": "“Что наличествует, так что возникает рождение?… ",
  "sn12.65:2.3": "существование?… ",
  "sn12.65:2.4": "цепляние?… ",
  "sn12.65:2.5": "жажда?… ",
  "sn12.65:2.6": "чувство?… ",
  "sn12.65:2.7": "контакт?… ",
  "sn12.65:2.8": "шесть сфер чувств?…",
  "sn12.65:2.9": "И тогда, монахи, мысль пришла ко мне: “Что наличествует, так что возникает имя-и-форма? ",
  "sn12.65:2.10": "Чем обусловлена имя-и-форма?” ",
  "sn12.65:2.11": "И тогда, монахи, через тщательно [направленное] внимание, постижение посредством мудрости возникло во мне: ",
  "sn12.65:2.12": "“Когда есть сознание, то имя-и-форма возникает. Имя-и-форма имеет сознание своим условием”.",
  "sn12.65:2.13": "И тогда, монахи, мысль пришла ко мне: ",
  "sn12.65:2.14": "“Что наличествует, так что возникает сознание? Чем обусловлено сознание?” ",
  "sn12.65:2.15": "И тогда, монахи, через тщательно [направленное] внимание, постижение посредством мудрости возникло во мне: ",
  "sn12.65:2.16": "“Когда есть имя-и-форма, то сознание возникает. Сознание имеет имя-и-форму своим условием”.",
  "sn12.65:3.1": "И тогда, монахи, мысль пришла ко мне: ",
  "sn12.65:3.2": "“Это сознание поворачивает обратно. Оно не выходит за пределы имени-и-формы. ",
  "sn12.65:3.3": "Вот до какой степени кто-либо может родиться, состариться и скончаться, умереть и переродиться, то есть – ",
  "sn12.65:3.4": "когда есть сознание с именем-и-формой как условием, и [есть] имя-и-форма с сознанием, как условием. ",
  "sn12.65:3.5": "С именем-и-формой как условием, шесть сфер чувств [возникают]… ",
  "sn12.65:3.6": "контакт… ",
  "sn12.65:3.7": "Таково происхождение всей этой груды страдания”.",
  "sn12.65:3.8": "“Возникновение, возникновение” – так, монахи, в отношении вещей, неслыханных прежде, видение возникло во мне, знание, мудрость, истинное знание и свет.",
  "sn12.65:4.1": "Затем, монахи, мысль пришла ко мне: ",
  "sn12.65:4.2": "“Что не наличествует, так что не возникает старение-и-смерть? ",
  "sn12.65:4.3": "С прекращением чего происходит прекращение старения-и-смерти?” ",
  "sn12.65:4.4": "И тогда, монахи, через тщательно [направленное] внимание, постижение посредством мудрости возникло во мне: ",
  "sn12.65:4.5": "“Когда нет рождения, то старение-и-смерть не возникает. ",
  "sn12.65:4.6": "С прекращением рождения происходит прекращение старения-и-смерти”.",
  "sn12.65:4.7": "Мысль пришла ко мне: ",
  "sn12.65:4.8": "“Что не наличествует, так что не возникает рождение… ",
  "sn12.65:4.9": "существование… ",
  "sn12.65:4.10": "цепляние… ",
  "sn12.65:4.11": "жажда… ",
  "sn12.65:4.12": "чувство… ",
  "sn12.65:4.13": "контакт… ",
  "sn12.65:4.14": "шесть сфер чувств… ",
  "sn12.65:4.15": "имя-и-форма.",
  "sn12.65:4.16": "С прекращением чего происходит прекращение имени-и-формы?” ",
  "sn12.65:4.17": "И тогда, монахи, через тщательно [направленное] внимание, постижение посредством мудрости возникло во мне: ",
  "sn12.65:4.18": "“Когда нет сознания, то имени-и-формы не возникает. ",
  "sn12.65:4.19": "С прекращением сознания происходит прекращение имени-и-формы”.",
  "sn12.65:5.1": "Мысль пришла ко мне: ",
  "sn12.65:5.2": "“Что не наличествует, так что не возникает сознание? ",
  "sn12.65:5.3": "С прекращением чего происходит прекращение сознания?” ",
  "sn12.65:5.4": "И тогда, монахи, через тщательно [направленное] внимание, постижение посредством мудрости возникло во мне: ",
  "sn12.65:5.5": "“Когда нет имени-и-формы, то сознание не возникает. ",
  "sn12.65:5.6": "С прекращением имени-и-формы происходит прекращение сознания”.",
  "sn12.65:6.1": "Тогда, монахи, мысль пришла ко мне: ",
  "sn12.65:6.2": "“Я открыл этот путь к просветлению, ",
  "sn12.65:6.3": "то есть, с прекращением имени-и-формы происходит прекращение сознания. ",
  "sn12.65:6.4": "С прекращением сознания происходит прекращение имени-и-формы. ",
  "sn12.65:6.5": "С прекращением имени-и-формы происходит прекращение шести сфер чувств… ",
  "sn12.65:6.6": "контакта… ",
  "sn12.65:6.7": "Таково прекращение всей этой груды страдания”.",
  "sn12.65:6.8": "“Прекращение, прекращение” – так, монахи, в отношении вещей, не слышанных прежде, видение возникло во мне, знание, мудрость, истинное знание и свет.",
  "sn12.65:7.1": "Представьте, монахи, как если бы человек, скитающийся по лесу, увидел бы древний путь, древнюю дорогу, по которой путешествовали люди в прошлом. ",
  "sn12.65:7.2": "Он бы пошёл этой дорогой ",
  "sn12.65:7.3": "и увидел бы древний город, древнюю столицу, в прошлом населённую людьми, с парками, рощами, прудами, бастионами – восхитительное место. ",
  "sn12.65:7.4": "И тот человек сообщил бы царю или царскому министру: ",
  "sn12.65:7.5": "“Ваше Величество, знайте же, что по мере того как я скитался по лесу, я увидел древний путь, древнюю дорогу, по которой путешествовали люди в прошлом. ",
  "sn12.65:7.6": "Я пошёл этой дорогой и увидел древний город, древнюю столицу, в прошлом населённую людьми, с парками, рощами, прудами, бастионами – восхитительное место. ",
  "sn12.65:7.7": "Восстановите этот город, Ваше Величество!” ",
  "sn12.65:7.8": "И тогда царь или царский министр восстановил бы этот город, ",
  "sn12.65:7.9": "и через некоторое время этот город стал бы успешным и процветающим, густо населённым, переполненным людьми, разрастающимся и расширяющимся.",
  "sn12.65:7.10": "Точно также, монахи, я увидел древний путь, древнюю дорогу, по которой шли Полностью Просветлённые прошлого. ",
  "sn12.65:8.1": "И что это за древний путь, древняя дорога? ",
  "sn12.65:8.2": "Это именно этот самый Благородный Восьмеричный Путь, то есть:",
  "sn12.65:8.3": "Правильные Воззрения… Правильное Сосредоточение.",
  "sn12.65:8.4": "Я пошёл этим путём и, сделав так, ",
  "sn12.65:8.5": "я напрямую познал старение-и-смерть, ",
  "sn12.65:8.6": "его возникновение, ",
  "sn12.65:8.7": "его прекращение, ",
  "sn12.65:8.8": "и путь, ведущий к его прекращению. ",
  "sn12.65:8.9": "Я напрямую познал р",
  "sn12.65:8.10": "ождение… ",
  "sn12.65:8.11": "существование… ",
  "sn12.65:8.12": "цепляние… ",
  "sn12.65:8.13": "жажду… ",
  "sn12.65:8.14": "чувство… ",
  "sn12.65:8.15": "контакт… ",
  "sn12.65:8.16": "шесть сфер чувств… ",
  "sn12.65:8.17": "имя-и-форму… ",
  "sn12.65:8.18": "сознание… ",
  "sn12.65:8.19": "",
  "sn12.65:8.20": "волевые формирователи, ",
  "sn12.65:8.21": "их возникновение, ",
  "sn12.65:8.22": "их прекращение, ",
  "sn12.65:8.23": "и путь, ведущий к их прекращению. ",
  "sn12.65:8.24": "Напрямую познав их, я объяснил их монахам, монахиням, мирянам и мирянкам. ",
  "sn12.65:8.25": "Эта святая жизнь, монахи, стала успешной и процветающей, распространённой, знаменитой, известной и хорошо провозглашённой среди богов и людей”.",
  "sn12.65:8.26": "Пятая."
}