{
 "sn12.72-81:0.1": "Связанные Наставления 12.72-81",
 "sn12.72-81:0.2": "Глава Саманабрахмана",
 "sn12.72-81:0.3": "Десятка Сутт начинающихся с Рождения",
 "sn12.72-81:1.1": "В Саваттхи.",
 "sn12.72-81:1.2": "“те жрецы и отшельники, которые не понимают рождения…",
 "sn12.72-81:2.1": "“те жрецы и отшельники, которые не понимают существования…",
 "sn12.72-81:3.1": "“те жрецы и отшельники, которые не понимают цепляния…",
 "sn12.72-81:4.1": "“те жрецы и отшельники, которые не понимают жажды…",
 "sn12.72-81:5.1": "“те жрецы и отшельники, которые не понимают чувства…",
 "sn12.72-81:6.1": "“те жрецы и отшельники, которые не понимают контакта…",
 "sn12.72-81:7.1": "“те жрецы и отшельники, которые не понимают шести сфер чувств…",
 "sn12.72-81:8.1": "“те жрецы и отшельники, которые не понимают имени-и-формы…",
 "sn12.72-81:9.1": "“те жрецы и отшельники, которые не понимают сознания…",
 "sn12.72-81:10.1": "“те жрецы и отшельники, которые не понимают волевых формирователей…",
 "sn12.72-81:10.2": "понимают…",
 "sn12.72-81:10.3": "познав это для себя самостоятельно посредством прямого знания в этой самой жизни, входят и пребывают в цели отшельничества или в цели жречества",
 "sn12.72-81:10.4": "Одниннадцатая.",
 "sn12.72-81:10.5": "Глава Саманабрахмана Восьмая.",
 "sn12.72-81:11.0": "Оглавление",
 "sn12.72-81:11.1": "",
 "sn12.72-81:11.2": "",
 "sn12.72-81:11.3": "",
 "sn12.72-81:11.4": "",
 "sn12.72-81:12.0": "",
 "sn12.72-81:12.1": "",
 "sn12.72-81:12.2": "",
 "sn12.72-81:12.3": "",
 "sn12.72-81:12.4": ""
}