{
  "sn12.32:0.1": "Связанные Наставления 12.32",
  "sn12.32:0.2": "Глава Каларакхаттия",
  "sn12.32:0.3": "Сутта Калара",
  "sn12.32:1.1": "Располагается в Саваттхи.",
  "sn12.32:1.2": "И тогда монах Калара Кхаттий подошёл к Достопочтенному Сарипутте и обменялся с ним вежливыми приветствиями.",
  "sn12.32:1.3": "После обмена вежливыми приветствиями и любезностями он сел рядом и обратился к Достопочтенному Сарипутте:",
  "sn12.32:1.4": "“Друг Сарипутта, монах Молияпхаггуна оставил [монашескую] тренировку и вернулся к низкой жизни”.",
  "sn12.32:1.5": "“В таком случае, вне всяких сомнений, этот достопочтенный не нашёл утешения в этой Дхамме и Винае”.",
  "sn12.32:2.1": "“Так выходит, Достопочтенный Сарипутта обрёл утешение в этой Дхамме и Винае?”",
  "sn12.32:3.1": "“У меня нет замешательства, друг”.",
  "sn12.32:3.2": "“А в отношении будущего, друг?”",
  "sn12.32:4.1": "“У меня нет сомнений, друг”.",
  "sn12.32:5.1": "И тогда монах Калара Кхаттий поднялся со своего сиденья и отправился к Благословенному. Подойдя, он поклонился Благословенному, сел рядом и сказал ему:",
  "sn12.32:5.2": "“Почтенный, Достопочтенный Сарипутта объявил о своём окончательном знании так:",
  "sn12.32:5.3": "“Я понимаю: “Рождение уничтожено, святая жизнь прожита, сделано то, что следовало сделать, не будет более возвращения в какое-либо состояние существования”.",
  "sn12.32:6.1": "Тогда Благословенный обратился к одному из монахов:",
  "sn12.32:6.2": "“Ну же, монах, скажи Сарипутте от моего имени, что",
  "sn12.32:6.3": "Учитель зовёт его”.",
  "sn12.32:6.4": "“Да, почтенный” – ответил монах, отправился к Достопочтенному Сарипутте и сказал:",
  "sn12.32:6.5": "“Друг Сарипутта, почтенный зовёт тебя”.",
  "sn12.32:6.6": "“Да, друг” – ответил Достопочтенный Сарипутта, отправился к Благословенному, поклонился ему и сел рядом. Благословенный сказал ему:",
  "sn12.32:6.7": "“Правда ли, Сарипутта, что ты объявил о достижении окончательного знания так:",
  "sn12.32:6.8": "“Я понимаю: “Рождение уничтожено, святая жизнь прожита, сделано то, что следовало сделать, не будет более возвращения в какое-либо состояние существования”?",
  "sn12.32:6.9": "“Почтенный, я не говорил об этом в таких выражениях и фразах”.",
  "sn12.32:6.10": "“Каким бы образом, Сарипутта, монах ни объявлял бы об окончательном знании, то, о чём он заявил, следует таковым и понимать”.",
  "sn12.32:6.11": "“Почтенный, но не сказал ли я разве ещё и это:",
  "sn12.32:6.12": "“Почтенный, я не говорил об этом в таких выражениях и фразах”.",
  "sn12.32:7.1": "“Если, Сарипутта, тебя бы спросили:",
  "sn12.32:7.2": "“Друг Сарипутта, как ты узнал, как ты увидел, что ты объявил о своём окончательном знании так:",
  "sn12.32:7.3": "“Я понимаю: “Рождение уничтожено, святая жизнь прожита, сделано то, что следовало сделать, не будет более возвращения в какое-либо состояние существования” –",
  "sn12.32:7.4": "то, будучи спрошенным так, как бы ты ответил?”",
  "sn12.32:8.1": "“Если бы меня спросили так, почтенный, я бы ответил так:",
  "sn12.32:8.2": "“Друг Сарипутта, как ты узнал, как ты увидел, что ты объявил о своём окончательном знании так:",
  "sn12.32:8.3": "“Я понимаю: “Рождение уничтожено, святая жизнь прожита, сделано то, что следовало сделать, не будет более возвращения в какое-либо состояние существования” –",
  "sn12.32:8.4": "“Так спрошенный, почтенный, так бы ответил:",
  "sn12.32:8.5": "“С уничтожением источника, из которого проистекает рождение, я понял:",
  "sn12.32:8.6": "“Когда [причина] уничтожена, то [следствие] уничтожено”.",
  "sn12.32:8.7": "Поняв так, я понимаю: “Рождение уничтожено, святая жизнь прожита, сделано то, что следовало сделать, не будет более возвращения в какое-либо состояние существования”.",
  "sn12.32:8.8": "Будучи спрошенным так, почтенный, вот как я бы ответил”.",
  "sn12.32:9.1": "“Но, Сарипутта, если бы тебя спросили:",
  "sn12.32:9.2": "“Но, друг Сарипутта, что является источником рождения, что является его началом, из чего оно порождается и проистекает?” –",
  "sn12.32:9.3": "то, будучи спрошенным так, как бы ты ответил?”",
  "sn12.32:9.4": "“Если бы меня спросили так, почтенный, я бы ответил так:",
  "sn12.32:9.5": "“Но, друг Сарипутта, что является источником рождения, что является его началом, из чего оно порождается и проистекает?” –",
  "sn12.32:9.6": "“Так спрошенный, почтенный, так ответил бы:",
  "sn12.32:9.7": "“Рождение, друзья, имеет своим источником существование, существование является его началом, оно порождается и проистекает из существования”.",
  "sn12.32:9.8": "Будучи спрошенным так, почтенный, вот как я бы ответил”.",
  "sn12.32:10.1": "“Но, Сарипутта, если бы тебя спросили:",
  "sn12.32:10.2": "“Но, друг Сарипутта, что является источником существования…",
  "sn12.32:10.3": "?” – то, будучи спрошенным так, как бы ты ответил?”",
  "sn12.32:10.4": "“Если бы меня спросили так, почтенный, я бы ответил так:",
  "sn12.32:10.5": "“Существование, друзья, имеет своим источником цепляние…”.",
  "sn12.32:10.6": "",
  "sn12.32:10.7": "",
  "sn12.32:10.8": "",
  "sn12.32:11.1": "“Но, Сарипутта, если бы тебя спросили:",
  "sn12.32:11.2": "“Но, друг Сарипутта, что является источником цепляния… ?”",
  "sn12.32:11.3": "“Но, Сарипутта, если бы тебя спросили:",
  "sn12.32:11.4": "“Но, друг Сарипутта, что является источником жажды…?”",
  "sn12.32:11.5": "",
  "sn12.32:11.6": "",
  "sn12.32:11.7": "",
  "sn12.32:11.8": "“Если бы меня спросили так, почтенный, я бы ответил так:",
  "sn12.32:11.9": "“Жажда, друзья, имеет своим источником чувство, чувство является его началом, оно порождается и проистекает из чувства”.",
  "sn12.32:11.10": "Будучи спрошенным так, почтенный, вот как я бы ответил”.",
  "sn12.32:12.1": "“Но, Сарипутта, если бы тебя спросили:",
  "sn12.32:12.2": "“Друг Сарипутта, как ты узнал, как ты увидел, что наслаждения чувствами более не наличествует в тебе?” –",
  "sn12.32:12.3": "то, будучи спрошенным так, как бы ты ответил?”",
  "sn12.32:12.4": "“Если бы меня спросили так, почтенный,",
  "sn12.32:12.5": "я бы ответил так:",
  "sn12.32:12.6": "“Друзья, есть эти три чувства.",
  "sn12.32:12.7": "Какие три?",
  "sn12.32:12.8": "Приятное чувство, болезненное чувство, ни-приятное-ни-болезненное чувство.",
  "sn12.32:12.9": "Эти три чувства, друзья, ненадёжны.",
  "sn12.32:12.10": "Всё, что непостоянно – то болезненно.",
  "sn12.32:12.11": "Когда это было понято [мной], наслаждения чувствами более не наличествовало во мне”.",
  "sn12.32:12.12": "Будучи спрошенным так, почтенный, вот как я бы ответил”.",
  "sn12.32:13.1": "“Хорошо, хорошо, Сарипутта!",
  "sn12.32:13.2": "А вот ещё один способ объяснения вкратце того же самого:",
  "sn12.32:13.3": "“Всё, что чувствуется, то с болью-дискомфортом”.",
  "sn12.32:14.1": "Но, Сарипутта, если бы тебя спросили:",
  "sn12.32:14.2": "“Друг Сарипутта, посредством какого вида освобождения ты объявил об окончательном знании так:",
  "sn12.32:14.3": "“Я понимаю: “Рождение уничтожено, святая жизнь прожита, сделано то, что следовало сделать, не будет более возвращения в какое-либо состояние существования”?",
  "sn12.32:14.4": "то, будучи спрошенным так, как бы ты ответил?”",
  "sn12.32:14.5": "“Если бы меня спросили так, почтенный,",
  "sn12.32:14.6": "",
  "sn12.32:14.7": "",
  "sn12.32:14.8": "я бы ответил так:",
  "sn12.32:14.9": "“Друзья, посредством внутреннего освобождения, посредством уничтожения всяческого цепляния я пребываю осознанно таким образом, что пятна [загрязнений ума] не наводняют меня, и я не отношусь к себе с презрением”.",
  "sn12.32:14.10": "Будучи спрошенным так, почтенный, вот как я бы ответил”.",
  "sn12.32:15.1": "“Хорошо, хорошо, Сарипутта!",
  "sn12.32:15.2": "А вот ещё один способ объяснения вкратце того же самого:",
  "sn12.32:15.3": "“У меня нет замешательства в отношении пятен [загрязнений ума], о которых говорил Отшельник. У меня нет сомнений в отношении того, что они были отброшены мной”.",
  "sn12.32:15.4": "Так сказал Благословенный.",
  "sn12.32:15.5": "Сказав так, Счастливейший поднялся со своего сиденья и ушёл в свою хижину.",
  "sn12.32:16.1": "Затем, вскоре после того как Благословенный ушёл, Достопочтенный Сарипутта обратился к монахам так:",
  "sn12.32:16.2": "“Друзья, первый вопрос, который Благословенный задал мне, прежде не был продуман мной, поэтому я колебался с ответом.",
  "sn12.32:16.3": "Но когда Благословенный одобрил мой ответ, мысль пришла ко мне:",
  "sn12.32:16.4": "“Если бы Благословенный задавал мне вопросы на этот счёт в различных выражениях и разными способами целый день, то я мог бы отвечать ему целый день в различных выражениях и различными способами.",
  "sn12.32:16.5": "Если бы он задавал мне вопросы на этот счёт в различных выражениях и различными способами целую ночь…",
  "sn12.32:16.6": "ночь и день…",
  "sn12.32:16.7": "две ночи и дня…",
  "sn12.32:16.8": "",
  "sn12.32:16.9": "три…",
  "sn12.32:16.10": "",
  "sn12.32:16.11": "четыре…",
  "sn12.32:16.12": "",
  "sn12.32:16.13": "пять…",
  "sn12.32:16.14": "",
  "sn12.32:16.15": "шесть…",
  "sn12.32:16.16": "",
  "sn12.32:16.17": "семь дней и ночей – в течение семи дней и ночей я мог бы отвечать ему в различных выражениях и различными способами”.",
  "sn12.32:17.1": "Тогда монах Калара Кхаттий поднялся со своего сиденья и отправился к Благословенному.",
  "sn12.32:17.2": "Подойдя, он поклонился Благословенному, сел рядом и сказал:",
  "sn12.32:17.3": "“Почтенный, Достопочтенный Сарипутта произнёс свой львиный рык:",
  "sn12.32:17.4": "“Поэтому я колебался с ответом, но когда Благословенный одобрил мой ответ, мысль пришла ко мне:",
  "sn12.32:17.5": "“Если бы Благословенный задавал бы мне вопросы на этот счёт… целый день…",
  "sn12.32:17.6": "ночь…",
  "sn12.32:17.7": "ночь и день…",
  "sn12.32:17.8": "две ночи и дня…",
  "sn12.32:17.9": "три…",
  "sn12.32:17.10": "четыре…",
  "sn12.32:17.11": "пять…",
  "sn12.32:17.12": "шесть…",
  "sn12.32:17.13": "семь дней и ночей – в течение семи дней и ночей я мог бы отвечать ему в различных выражениях и различными способами”.",
  "sn12.32:18.1": "“Монах, Достопочтенный Сарипутта тщательно постиг этот элемент Дхаммы, благодаря тщательному постижению которого – если бы я задавал ему вопросы на этот счёт в различных выражениях и различными способами целый день…",
  "sn12.32:18.2": "ночь…",
  "sn12.32:18.3": "ночь и день…",
  "sn12.32:18.4": "две ночи и дня…",
  "sn12.32:18.5": "три…",
  "sn12.32:18.6": "четыре…",
  "sn12.32:18.7": "пять…",
  "sn12.32:18.8": "шесть…",
  "sn12.32:18.9": "семь дней и ночей – в течение семи дней и ночей он мог бы отвечать мне в различных выражениях и различными способами”.",
  "sn12.32:18.10": "Вторая."
}