{
 "sn12.42:0.1": "Связанные Наставления 12.42",
 "sn12.42:0.2": "Глава Гахапати",
 "sn12.42:0.3": "Сутта Пять ужасающих враждебностей Вторая",
 "sn12.42:1.1": "В Саваттхи.",
 "sn12.42:1.2": "“Когда в ученике Благородных успокоены пять ужасающих враждебностей, когда он обладает четырьмя факторами вступления в поток, когда он чётко увидел и тщательно проник мудростью в благородный метод – то тогда, если он хочет, он может заявить о себе:",
 "sn12.42:1.3": "“Я тот, кто покончил с адом… устремлённый к просветлению”.",
 "sn12.42:2.1": "И каковы эти пять ужасающих враждебностей, что успокоены [в нём]?",
 "sn12.42:2.2": "Монахи, тот, кто уничтожает жизнь…",
 "sn12.42:2.3": "Тот, кто берёт то, что [ему] не было дано…",
 "sn12.42:2.4": "Тот, кто пускается в неблагое сексуальное поведение…",
 "sn12.42:2.5": "Тот, кто говорит ложь…",
 "sn12.42:2.6": "Тот, кто потакает распитию вина, спиртного, опьяняющих напитков [или веществ], что создают основание для беспечности…",
 "sn12.42:2.7": "Таковы пять ужасающих враждебностей, что успокоены [в нём].",
 "sn12.42:3.1": "И каковы четыре фактора вступления в поток, которыми он обладает?",
 "sn12.42:3.2": "Вот ученик Благородных наделён подтверждённой верой в Будду…",
 "sn12.42:3.3": "Он наделён подтверждённой верой в Дхамму…",
 "sn12.42:3.4": "Он наделён подтверждённой верой в Сангху…",
 "sn12.42:3.5": "Он наделён добродетелями, которые дороги благородным…",
 "sn12.42:3.6": "Таковы четыре фактора вступления в поток, которыми он обладает.",
 "sn12.42:4.1": "И каков благородный метод, который он чётко увидел и [в который] тщательно проник мудростью?",
 "sn12.42:4.2": "Вот, монахи, ученик Благородных тщательно и пристально уделяет внимание самому зависимому возникновению так…",
 "sn12.42:4.3": "Таков благородный метод, который он чётко увидел и [в который] тщательно проник мудростью.",
 "sn12.42:5.1": "Когда, монахи, в ученике Благородных успокоены пять ужасающих враждебностей, когда он обладает четырьмя факторами вступления в поток, когда он чётко увидел и тщательно проник мудростью в благородный метод – то тогда, если он хочет, он может заявить о себе:",
 "sn12.42:5.2": "“Я тот, кто покончил с адом, покончил с миром животных, покончил с обителью духов, покончил с состояниями лишений, с плохими уделами, с нижними мирами. Я – вступивший в поток, не прикованный более к нижним мирам, непреклонный в своей участи, устремлённый к просветлению”.",
 "sn12.42:5.3": "Вторая."
}