{
 "sn12.31:0.1": "Связанные Наставления 12.31",
 "sn12.31:0.2": "Глава Каларакхаттия",
 "sn12.31:0.3": "Сутта Появившееся",
 "sn12.31:1.1": "Однажды Благословенный пребывал в Саваттхи.",
 "sn12.31:1.2": "Там он обратился к Достопочтенному Сарипутте так:",
 "sn12.31:1.3": "“Сарипутта, в “Вопросах Аджиты” Параяны было сказано:",
 "sn12.31:2.1": "“Постигшие Дхамму,",
 "sn12.31:2.2": "И многие ученики:",
 "sn12.31:2.3": "Об образе их поведения спрошу я,",
 "sn12.31:2.4": "Любезности ради, ответь же, почтенный”.",
 "sn12.31:3.1": "Как следует в подробностях понимать значение этого краткого утверждения?”",
 "sn12.31:3.2": "Когда так было сказано, Достопочтенный Сарипутта ничего не ответил.",
 "sn12.31:4.1": "Во второй раз Благословенный спросил Достопочтенного Сарипутту так…",
 "sn12.31:4.2": "Во второй раз, Достопочтенный Сарипутта ничего не ответил.",
 "sn12.31:4.3": "В третий раз Благословенный спросил Достопочтенного Сарипутту так:",
 "sn12.31:4.4": "“Сарипутта, в “Вопросах Аджиты” Параяны было сказано:",
 "sn12.31:5.1": "“Постигшие Дхамму,",
 "sn12.31:5.2": "И многие ученики:",
 "sn12.31:5.3": "Об образе их поведения спрошу я,",
 "sn12.31:5.4": "Любезности ради, ответь же, почтенный”.",
 "sn12.31:6.1": "Как следует в подробностях понимать значение этого краткого утверждения?”",
 "sn12.31:6.2": "В третий раз Достопочтенный Сарипутта ничего не ответил хранил молчание.",
 "sn12.31:7.1": "“Сарипутта, видишь ли ты [следующее]: “Это появилось”?",
 "sn12.31:7.2": "“Почтенный, [вот] кто-либо видит в соответствии с действительностью правильной мудростью: “Это появилось”.",
 "sn12.31:7.3": "Увидев в соответствии с действительностью правильной мудростью: “Это появилось”, он практикует ради разочарования [по отношению] к тому, что появилось, ради угасания и прекращения этого.",
 "sn12.31:7.4": "Он видит в соответствии с действительностью правильной мудростью: “Происхождение этого возникает посредством этого как питания”.",
 "sn12.31:7.5": "Увидев в соответствии с действительностью правильной мудростью: “Происхождение этого возникает посредством этого как питания”, он практикует ради разочарования [по отношению] к происхождению этого посредством питания, ради его угасания и прекращения.",
 "sn12.31:7.6": "Он видит в соответствии с действительностью правильной мудростью:",
 "sn12.31:7.7": "“С прекращением питания, это появившееся [также] подвержено прекращению”. Увидев в соответствии с действительностью правильной мудростью: “С прекращением питания, это появившееся [также] подвержено прекращению”, он практикует ради разочарования [по отношению] к тому, что подвержено прекращению, ради угасания и прекращения этого.",
 "sn12.31:7.8": "Вот каким образом кто-либо является учеником.",
 "sn12.31:8.1": "И кто, почтенный, является постигшим Дхамму?",
 "sn12.31:8.2": "Учитель, [вот] кто-либо видит в соответствии с действительностью правильной мудростью: “Это появилось”.",
 "sn12.31:8.3": "Увидев в соответствии с действительностью правильной мудростью: “Это появилось”, благодаря разочарованию [по отношению] к появившемуся, благодаря его угасанию и прекращению, он освобождён посредством не-цепляния.",
 "sn12.31:8.4": "Он видит в соответствии с действительностью правильной мудростью: “Происхождение этого возникает посредством этого как питания”.",
 "sn12.31:8.5": "Увидев это в соответствии с действительностью правильной мудростью: “Происхождение этого возникает посредством этого как питания”, благодаря разочарованию [по отношению] к происхождению этого посредством питания, благодаря его угасанию и прекращению, он освобождён посредством не-цепляния.",
 "sn12.31:8.6": "Он видит в соответствии с действительностью: “С прекращением питания, это появившееся [также] подвержено прекращению”. Увидев в соответствии с действительностью правильной мудростью:",
 "sn12.31:8.7": "“С прекращением питания, это появившееся [также] подвержено прекращению”, благодаря разочарованию [по отношению] к тому, что подвержено прекращению, благодаря угасанию и прекращению этого, он освобождён посредством не-цепляния.",
 "sn12.31:8.8": "Вот каким образом кто-либо является постигшим Дхамму.",
 "sn12.31:8.9": "Таким образом, почтенный, когда так было сказано в “Вопросах Аджиты” Параяны:",
 "sn12.31:9.1": "“Постигшие Дхамму,",
 "sn12.31:9.2": "И многие ученики:",
 "sn12.31:9.3": "Об образе их поведения спрошу я,",
 "sn12.31:9.4": "Любезности ради, ответь же, почтенный”.",
 "sn12.31:10.1": "то вот каким образом я понимаю в подробностях значение этого краткого утверждения”.",
 "sn12.31:11.1": "“Хорошо, хорошо, Сарипутта! Кто-либо видит в соответствии с действительностью…",
 "sn12.31:11.2": "Он видит в соответствии с действительностью правильной мудростью: “Происхождение этого возникает посредством этого как питания”.",
 "sn12.31:11.3": "Увидев в соответствии с действительностью правильной мудростью: “Происхождение этого возникает посредством этого как питания”,",
 "sn12.31:11.4": "он практикует ради разочарования [по отношению] к происхождению этого посредством питания, ради его угасания и прекращения.",
 "sn12.31:11.5": "Он видит в соответствии с действительностью правильной мудростью: “С прекращением питания, это появившееся [также] подвержено прекращению”.",
 "sn12.31:11.6": "Увидев в соответствии с действительностью правильной мудростью: “С прекращением питания, это появившееся [также] подвержено прекращению”, он практикует ради разочарования [по отношению] к тому, что подвержено прекращению, ради угасания и прекращения этого.",
 "sn12.31:11.7": "Вот, Сарипутта, каким образом кто-либо является учеником.",
 "sn12.31:12.1": "И кто, Сарипутта, является постигшим Дхамму?",
 "sn12.31:12.2": "“Это появилось”, Сарипутта, как-есть видит правильным пониманием (мудростью).",
 "sn12.31:12.3": "Увидев в соответствии с действительностью правильной мудростью: “Это появилось”, благодаря разочарованию [по отношению] к появившемуся, благодаря его угасанию и прекращению, он освобождён посредством не-цепляния.",
 "sn12.31:12.4": "Он видит в соответствии с действительностью правильной мудростью: “Происхождение этого возникает посредством этого как питания”.",
 "sn12.31:12.5": "Увидев это в соответствии с действительностью правильной мудростью: “Происхождение этого возникает посредством этого как питания”, благодаря разочарованию [по отношению] к происхождению этого посредством питания, благодаря его угасанию и прекращению, он освобождён посредством не-цепляния.",
 "sn12.31:12.6": "Он видит в соответствии с действительностью: “С прекращением питания, это появившееся [также] подвержено прекращению”. Увидев в соответствии с действительностью правильной мудростью:",
 "sn12.31:12.7": "“С прекращением питания, это появившееся [также] подвержено прекращению”, благодаря разочарованию [по отношению] к тому, что подвержено прекращению, благодаря угасанию и прекращению этого, он освобождён посредством не-цепляния.",
 "sn12.31:12.8": "Вот, Сарипутта, каким образом кто-либо является постигшим Дхамму.",
 "sn12.31:12.9": "“Сарипутта, в “Вопросах Аджиты” Параяны было сказано:",
 "sn12.31:13.1": "“Постигшие Дхамму,",
 "sn12.31:13.2": "И многие ученики:",
 "sn12.31:13.3": "Об образе их поведения спрошу я,",
 "sn12.31:13.4": "Любезности ради, ответь же, почтенный”.",
 "sn12.31:14.1": "Вот каким образом следует понимать в подробностях значение этого краткого утверждения”.",
 "sn12.31:14.2": "Первая."
}