{
 "sn12.35:0.1": "Связанные Наставления 12.35",
 "sn12.35:0.2": "Глава Каларакхаттия",
 "sn12.35:0.3": "Сутта С невежеством как условием Первая",
 "sn12.35:1.1": "В Саваттхи.",
 "sn12.35:1.2": "“Монахи, c невежеством как условием, волевые формирователи [возникают].",
 "sn12.35:1.3": "С волевыми формирователями как условием, сознание [возникает]…",
 "sn12.35:1.4": "Таково происхождение всей этой груды боли”.",
 "sn12.35:1.5": "Когда так было сказано, один монах обратился к Благословенному:",
 "sn12.35:1.6": "“Почтенный, что такое старение-и-смерть и для кого есть старение-и-смерть?”",
 "sn12.35:1.7": "“Это неправильный вопрос” – ответил Благословенный. “Монах, когда кто-либо утверждает так: “Что такое старение-и-смерть и для кого есть старение-и-смерть?” или же так: “Старение-и-смерть является одним, а тот, для кого есть это старение-и-смерть, является иным” – то оба эти утверждения совпадают в сути, а отличаются только в формулировке.",
 "sn12.35:1.8": "Если [у кого-либо] есть воззрение: “Душа и тело суть одно и то же”, то нет жития святой жизнью.",
 "sn12.35:1.9": "Если [у кого-либо] есть воззрение: “Душа – это одно, а тело – это иное”, то нет жития святой жизнью.",
 "sn12.35:1.10": "Не склоняясь ни к одной из этих крайностей, Татхагата учит Дхамме срединным способом:",
 "sn12.35:1.11": "“С рождением как условием, старение-и-смерть [возникает]”.",
 "sn12.35:2.1": "“Почтенный, что такое рождение и для кого есть рождение?”",
 "sn12.35:2.2": "“Это неправильный вопрос”…",
 "sn12.35:2.3": "",
 "sn12.35:2.4": "",
 "sn12.35:2.5": "",
 "sn12.35:2.6": "",
 "sn12.35:3.1": "“Почтенный, что такое существование и для кого есть существование?”",
 "sn12.35:3.2": "“Это неправильный вопрос”…",
 "sn12.35:3.3": "",
 "sn12.35:3.4": "",
 "sn12.35:3.5": "",
 "sn12.35:3.6": "",
 "sn12.35:3.7": "",
 "sn12.35:3.8": "",
 "sn12.35:3.9": "",
 "sn12.35:3.10": "",
 "sn12.35:3.11": "",
 "sn12.35:3.12": "",
 "sn12.35:3.13": "",
 "sn12.35:4.1": "“Почтенный, что такое волевые формирователи и для кого есть волевые формирователи?”",
 "sn12.35:4.2": "“Это неправильный вопрос” – ответил Благословенный. “Монах, когда кто-либо утверждает так: “Что такое волевые формирователи и для кого есть волевые формирователи?” или же так: “Волевые формирователи являются одним, а тот, для кого есть эти волевые формирователи, является иным” – то оба эти утверждения совпадают в сути, а отличаются только в формулировке.",
 "sn12.35:4.3": "Если [у кого-либо] есть воззрение: “Душа и тело суть одно и то же”, то нет жития святой жизнью.",
 "sn12.35:4.4": "Если [у кого-либо] есть воззрение: “Душа – это одно, а тело – это иное”, то нет жития святой жизнью.",
 "sn12.35:4.5": "Не склоняясь ни к одной из этих крайностей, Татхагата учит Дхамме срединным способом:",
 "sn12.35:4.6": "“С невежеством как условием, волевые формирователи [возникают]”.",
 "sn12.35:5.1": "Но с безостаточным угасанием и прекращением невежества, каких бы видов искривлений, изворотов, колебаний ни было, [как то] –",
 "sn12.35:5.2": "“Что такое старение-и-смерть и для кого есть старение-и-смерть?..",
 "sn12.35:5.3": "",
 "sn12.35:6.1": "",
 "sn12.35:6.2": "",
 "sn12.35:6.3": "",
 "sn12.35:7.1": "",
 "sn12.35:7.2": "",
 "sn12.35:7.3": "",
 "sn12.35:7.4": "",
 "sn12.35:7.5": "",
 "sn12.35:7.6": "",
 "sn12.35:7.7": "",
 "sn12.35:7.8": "",
 "sn12.35:7.9": "",
 "sn12.35:8.1": "",
 "sn12.35:8.2": "Что такое волевые формирователи и для кого есть волевые формирователи?” или же “Волевые формирователи – это одно, а тот, для кого есть эти волевые формирователи – иное” или “Душа и тело суть одно” или “Душа – это одно, а тело – иное” –",
 "sn12.35:8.3": "всё это отбрасывается, обрубается под корень, делается подобным обрубку пальмы, уничтожается так, что более не может возникнуть в будущем”.",
 "sn12.35:8.4": "Пятая."
}