{
 "sn12.33:0.1": "Связанные Наставления 12.33",
 "sn12.33:0.2": "Глава Каларакхаттия",
 "sn12.33:0.3": "Сутта Предметы знания Первая",
 "sn12.33:1.1": "В Саваттхи.",
 "sn12.33:1.2": "“Монахи, я научу вас сорока четырём предметам знания.",
 "sn12.33:1.3": "Слушайте внимательно, я буду говорить”.",
 "sn12.33:1.4": "“Да, почтенный” – ответили те монахи.",
 "sn12.33:1.5": "Благословенный сказал:",
 "sn12.33:2.1": "“Монахи, и каковы сорок четыре предмета знания?",
 "sn12.33:2.2": "Знание старения-и-смерти, знание его источника, знание его прекращения, знание пути, ведущего к его исчезновению.",
 "sn12.33:2.3": "Знание рождения…",
 "sn12.33:2.4": "Знание существования…",
 "sn12.33:2.5": "Знания цепляния…",
 "sn12.33:2.6": "Знание жажды…",
 "sn12.33:2.7": "Знание чувства…",
 "sn12.33:2.8": "Знание контакта…",
 "sn12.33:2.9": "Знание шести сфер чувств…",
 "sn12.33:2.10": "Знание имени-и-формы…",
 "sn12.33:2.11": "Знание сознания…",
 "sn12.33:2.12": "Знание волевых формирователей, знание их источника, знание их прекращения, знание пути, ведущего к их исчезновению.",
 "sn12.33:2.13": "Таковы, монахи, сорок четыре предмета знания.",
 "sn12.33:3.1": "И что такое, монахи, старение и смерть?",
 "sn12.33:3.2": "Старение различных существ в различных классах существ: их становление старыми, разбитость зубов, седина волос, морщинистость кожи, упадок жизненной силы, ослабевание качеств –",
 "sn12.33:3.3": "это называется старением.",
 "sn12.33:3.4": "Исчезание различных существ из различных классов существ, их умирание, распад, исчезновение, смертность, кончина, окончание времени [срока жизни], распад совокупностей, оставление тела –",
 "sn12.33:3.5": "это называется смертью.",
 "sn12.33:3.6": "Таким образом, это старение и эта смерть",
 "sn12.33:3.7": "вместе называются старением-и-смертью.",
 "sn12.33:4.1": "С возникновением рождения существует возникновение старения-и-смерти.",
 "sn12.33:4.2": "С прекращением рождения существует прекращение старения-и-смерти.",
 "sn12.33:4.3": "Этот самый Благородный Восьмеричный Путь является путём, ведущим к прекращению старения-и-смерти, то есть:",
 "sn12.33:4.4": "Правильный взгляд… правильное объединение опыта.",
 "sn12.33:5.1": "Когда, монахи, ученик Благородных так понимает старение-и-смерть, его возникновение, его исчезновение, и путь, ведущий к его исчезновению, то это является его знанием принципа.",
 "sn12.33:5.2": "Посредством этого принципа в отношении [всего] увиденного, познанного, мгновенно достигнутого, постигнутого, он применяет [этот] метод к прошлому и к будущему так:",
 "sn12.33:6.1": "“Какие бы жрецы и отшельники в прошлом ни познавали бы напрямую старение-и-смерть, его возникновение, его исчезновение, и путь, ведущий к его исчезновению, все они напрямую познали это точно таким же образом, как и я сейчас.",
 "sn12.33:7.1": "Какие бы жрецы и отшельники в будущем ни познают напрямую старение-и-смерть, его возникновение, его исчезновение, и путь, ведущий к его исчезновению, все они напрямую познают это точно таким же образом, как и я сейчас”.",
 "sn12.33:7.2": "Таково его знание наследования.",
 "sn12.33:8.1": "Когда, монахи, ученик Благородных очистил и выправил эти два вида знания –",
 "sn12.33:8.2": "знание принципа и знание наследования –",
 "sn12.33:8.3": "то тогда он зовётся учеником Благородных, который совершенен в воззрениях, совершенен в видении, который пришёл к этой истинной Дхамме, который видит эту истинную Дхамму, который обладает знанием ученика, истинным знанием ученика, который вступил в поток Дхаммы – Благородный с проницательной мудростью, тот, кто стоит прямо возле дверей к Бессмертному.",
 "sn12.33:9.1": "И что такое, монахи, рождение?…",
 "sn12.33:9.2": "И что такое, монахи, существование?…",
 "sn12.33:9.3": "И что такое, монахи, цепляние?…",
 "sn12.33:9.4": "И что такое, монахи, жажда?",
 "sn12.33:9.5": "И что такое, монахи, чувство?…",
 "sn12.33:9.6": "И что такое, монахи, контакт?…",
 "sn12.33:9.7": "И что такое, монахи, шесть сфер чувств?…",
 "sn12.33:9.8": "И что такое, монахи, имя-и-форма?…",
 "sn12.33:9.9": "И что такое, монахи, сознание?…",
 "sn12.33:9.10": "И что такое, монахи, волевые формирователи?",
 "sn12.33:9.11": "Есть три вида волевых формирователей:",
 "sn12.33:9.12": "телесные волевые формирователи, словесные волевые формирователи, умственные волевые формирователи.",
 "sn12.33:9.13": "Эти называются волевыми формирователями.",
 "sn12.33:10.1": "С возникновением невежества происходит возникновение волевых формирователей.",
 "sn12.33:10.2": "С прекращением невежества происходит прекращение волевых формирователей.",
 "sn12.33:10.3": "Этот самый Благородный Восьмеричный Путь является путём, ведущим к прекращению волевых формирователей, то есть:",
 "sn12.33:10.4": "Правильный взгляд… правильное объединение опыта.",
 "sn12.33:11.1": "Когда, монахи, ученик Благородных так понимает волевые формирователи, их возникновение, их исчезновение, и путь, ведущий к их исчезновению, то это является его знанием принципа.",
 "sn12.33:11.2": "Посредством этого принципа в отношении [всего] увиденного, познанного, мгновенно достигнутого, постигнутого, он применяет [этот] метод к прошлому и к будущему так:",
 "sn12.33:12.1": "“Какие бы жрецы и отшельники в прошлом ни познавали бы напрямую волевые формирователи, их возникновение, их исчезновение, и путь, ведущий к их исчезновению, все они напрямую познали это точно таким же образом, как и я сейчас.",
 "sn12.33:13.1": "Какие бы жрецы и отшельники в будущем ни познают напрямую волевые формирователи, их возникновение, их исчезновение, и путь, ведущий к их исчезновению, все они напрямую познают это точно таким же образом, как и я сейчас”.",
 "sn12.33:13.2": "Таково его знание наследования.",
 "sn12.33:14.1": "Когда, монахи, ученик Благородных очистил и выправил эти два вида знания –",
 "sn12.33:14.2": "знание принципа и знание наследования –",
 "sn12.33:14.3": "то тогда он зовётся учеником Благородных, который совершенен в воззрениях, совершенен в видении, который пришёл к этой истинной Дхамме, который видит эту истинную Дхамму, который обладает знанием ученика, истинным знанием ученика, который вступил в поток Дхаммы – Благородный с проницательной мудростью, тот, кто стоит прямо возле дверей к Бессмертному”.",
 "sn12.33:14.4": "Третья."
}