{
 "sn12.24:0.1": "Связанные Наставления 12.24",
 "sn12.24:0.2": "Глава Дасабала",
 "sn12.24:0.3": "Сутта Анньятиттхия",
 "sn12.24:1.1": "В Раджагахе в Бамбуковой Роще.",
 "sn12.24:1.2": "И тогда, утром, Достопочтенный Сарипутта оделся и, взяв чашу и одеяние, вошёл в Раджхагаху собирать подаяния.",
 "sn12.24:1.3": "И тогда мысль пришла к нему:",
 "sn12.24:1.4": "“Слишком рано ходить по Раджагахе в поисках подаяний.",
 "sn12.24:1.5": "Что если я отправлюсь в парк, [где собираются] странники-приверженцы других учений”.",
 "sn12.24:2.1": "И тогда Достопочтенный Сарипутта отправился в парк, [где собираются] странники-приверженцы других учений. Он обменялся с теми странниками вежливыми приветствиями",
 "sn12.24:2.2": "и, после обмена вежливыми приветствиями и любезностями, сел рядом. Тогда странники обратились к нему:",
 "sn12.24:3.1": "“Друг Сарипутта, некоторые жрецы и отшельники, сторонники [доктрины] деяния, утверждают, что боль создана собой.",
 "sn12.24:3.2": "Некоторые жрецы и отшельники, сторонники [доктрины] деяния, утверждают, что боль создана другим.",
 "sn12.24:3.3": "Некоторые жрецы и отшельники, сторонники [доктрины] деяния, утверждают, что боль создана и собой и другим.",
 "sn12.24:3.4": "Некоторые жрецы и отшельники, сторонники [доктрины] деяния, утверждают, что боль возникла случайно, не будучи созданной ни собой, ни другим.",
 "sn12.24:3.5": "Итак, друг Сарипутта, что же отшельник Готама говорит об этом? Чему он учит?",
 "sn12.24:3.6": "Как нам отвечать, если бы нам пришлось говорить о том, что говорил отшельник Готама, так чтобы не сказать того, что было бы противоположным действительности. Как нам следует объяснять в соответствии с Дхаммой, так чтобы наше утверждение не повлекло бы за собой уместной почвы для критики?”",
 "sn12.24:4.1": "“Друзья, Благословенный сказал, что боль является возникшей зависимо.",
 "sn12.24:4.2": "Зависимым от чего?",
 "sn12.24:4.3": "Зависимым от контакта.",
 "sn12.24:4.4": "Если кто-либо сказал бы так, то он утверждал бы то, как это было сказано Благословенным, и не исказил бы его слов, [так что это было бы] противоположным действительности. Он объяснял бы в соответствии с Дхаммой так, что его утверждение не повлекло бы за собой уместной почвы для критики.",
 "sn12.24:5.1": "В этом отношении, друзья, в случае с теми жрецами и отшельниками, сторонниками [доктрины] деяния, которые утверждают, что боль создана собой – это обусловлено контактом.",
 "sn12.24:5.2": "Также, в отношении тех жрецов и отшельников, сторонников [доктрины] деяния, которые утверждают, что боль создана другим…",
 "sn12.24:5.3": "и собой и другим…",
 "sn12.24:5.4": "возникло случайно, не будучи созданным ни собой, ни другим – это также обусловлено контактом.",
 "sn12.24:6.1": "В этом отношении, друзья, в случае с теми жрецами и отшельниками, сторонниками [доктрины] деяния, которые утверждают, что боль создана собой – не может быть такого, чтобы они испытывали бы [что-либо] без контакта.",
 "sn12.24:6.2": "Также, в отношении тех жрецов и отшельников, сторонников [доктрины] деяния, которые утверждают, что боль создана другим…",
 "sn12.24:6.3": "и собой и другим…",
 "sn12.24:6.4": "возникло случайно, не будучи созданным ни собой, ни другим – не может быть такого, чтобы они испытывали бы [что-либо] без контакта”.",
 "sn12.24:7.1": "Достопочтенный Ананда услышал эту беседу между Достопочтенным Сарипуттой и странниками-приверженцами других учений.",
 "sn12.24:7.2": "И затем, после того, как он походил по Раджагахе в поисках подаяний и вернулся с хождения за подаяниями, после обеда он отправился к Благословенному, поклонился ему, сел рядом.",
 "sn12.24:7.3": "Сев рядом, рассказал Благословенному всю беседу между Достопочтенным Сарипуттой и странниками-приверженцами других учений.",
 "sn12.24:8.1": "“Хорошо, хорошо, Ананда! Всякий, кто отвечал бы правдиво, ответил бы точно также, как это сделал Сарипутта.",
 "sn12.24:8.2": "[Ведь] я говорил, Ананда, что боль является возникшей зависимо.",
 "sn12.24:8.3": "Зависимым от чего?",
 "sn12.24:8.4": "Зависимым от контакта.",
 "sn12.24:8.5": "Если кто-либо сказал бы так, то он утверждал бы то, как это было сказано мной, и не исказил бы моих слов, [так что это было бы] противоположным действительности. Он объяснял бы в соответствии с Дхаммой так, что его утверждение не повлекло бы за собой уместной почвы для критики.",
 "sn12.24:9.1": "В этом отношении, Ананда, в случае с теми жрецами и отшельниками, сторонниками [доктрины] деяния, которые утверждают, что боль создана собой – это обусловлено контактом.",
 "sn12.24:9.2": "Также, в отношении тех жрецов и отшельников, сторонников [доктрины] деяния, которые утверждают, что боль создана другим…",
 "sn12.24:9.3": "и собой и другим…",
 "sn12.24:9.4": "возникло случайно, не будучи созданным ни собой, ни другим – это также обусловлено контактом.",
 "sn12.24:10.1": "В этом отношении, Ананда, в случае с теми жрецами и отшельниками, сторонниками [доктрины] деяния, которые утверждают, что боль создана собой – не может быть такого, чтобы они испытывали бы [что-либо] без контакта.",
 "sn12.24:10.2": "Также, в отношении тех жрецов и отшельников, сторонников [доктрины] деяния, которые утверждают, что боль создана другим…",
 "sn12.24:10.3": "и собой и другим…",
 "sn12.24:10.4": "возникло случайно, не будучи созданным ни собой, ни другим – не может быть такого, чтобы они испытывали бы [что-либо] без контакта.",
 "sn12.24:11.1": "Однажды, Ананда, я проживал здесь же, в Раджагахе в Бамбуковой Роще в Беличьем Заповеднике.",
 "sn12.24:11.2": "И тогда утром я оделся и, взяв чашу и одеяние, я вошёл в Раджагаху собирать подаяния.",
 "sn12.24:11.3": "И тогда мысль пришла ко мне:",
 "sn12.24:11.4": "“Слишком рано ходить по Раджагахе в поисках подаяний.",
 "sn12.24:11.5": "Что если я отправлюсь в парк, [где собираются] странники-приверженцы других учений…",
 "sn12.24:12.1": "И тогда я отправился в парк, [где собираются] странники-приверженцы других учений. Приблизился к ним, обменялся с теми странниками вежливыми приветствиями",
 "sn12.24:12.2": "и, после обмена вежливыми приветствиями и любезностями, сел рядом. Тогда странники так обратились:",
 "sn12.24:13.1": "“Друг Готама, некоторые жрецы и отшельники, сторонники [доктрины] деяния, утверждают, что боль создана собой.",
 "sn12.24:13.2": "Некоторые жрецы и отшельники, сторонники [доктрины] деяния, утверждают, что боль создана другим.",
 "sn12.24:13.3": "Некоторые жрецы и отшельники, сторонники [доктрины] деяния, утверждают, что боль создана и собой и другим.",
 "sn12.24:13.4": "Некоторые жрецы и отшельники, сторонники [доктрины] деяния, утверждают, что боль возникла случайно, не будучи созданной ни собой, ни другим.",
 "sn12.24:13.5": "Итак, уважаемый Готама, говорит об этом? Чему он учит?",
 "sn12.24:13.6": "Как нам отвечать, если бы нам пришлось говорить о том, что говорил уважаемый Готама, так чтобы не сказать того, что было бы противоположным действительности. Как нам следует объяснять в соответствии с Дхаммой, так чтобы наше утверждение не повлекло бы за собой уместной почвы для критики?”",
 "sn12.24:14.1": "“Так спрошенный, Ананда, тем странникам отшельникам я это сказал:",
 "sn12.24:14.2": "“Боль, товарищи, является возникшей зависимо, сказано мной.",
 "sn12.24:14.3": "Зависимым от чего?",
 "sn12.24:14.4": "Зависимым от контакта.",
 "sn12.24:14.5": "Если кто-либо сказал бы так, то он утверждал бы то, как это было сказано мной, и не исказил бы моих слов, [так что это было бы] противоположным действительности. Он объяснял бы в соответствии с Дхаммой так, что его утверждение не повлекло бы за собой уместной почвы для критики.",
 "sn12.24:15.1": "В этом отношении, друзья, в случае с теми жрецами и отшельниками, сторонниками [доктрины] деяния, которые утверждают, что боль создана собой – это обусловлено контактом.",
 "sn12.24:15.2": "Также, в отношении тех…",
 "sn12.24:15.3": "Также, в отношении тех…",
 "sn12.24:15.4": "возникло случайно, не будучи созданным ни собой, ни другим – это также обусловлено контактом.",
 "sn12.24:16.1": "В этом отношении, друзья, в случае с теми жрецами и отшельниками, сторонниками [доктрины] деяния, которые утверждают, что боль создана собой – не может быть такого, чтобы они испытывали бы [что-либо] без контакта.",
 "sn12.24:16.2": "Также, в отношении тех…",
 "sn12.24:16.3": "Также, в отношении тех…",
 "sn12.24:16.4": "возникло случайно, не будучи созданным ни собой, ни другим – не может быть такого, чтобы они испытывали бы [что-либо] без контакта”.",
 "sn12.24:17.1": "“Как удивительно, почтенный! Как поразительно, почтенный,",
 "sn12.24:17.2": "что всё значение может быть объяснено одной единственной фразой!",
 "sn12.24:17.3": "А можно ли это же самое значение объяснить в подробностях так, чтобы это было глубоким и глубоким в следствиях?”",
 "sn12.24:18.1": "“Что ж, Ананда, проясни этот вопрос сам”.",
 "sn12.24:18.2": "“Почтенный, если бы они спросили меня:",
 "sn12.24:18.3": "“Друг Ананда, каков источник старения-и-смерти, каково его происхождение, от чего оно появилось и зародилось?” –",
 "sn12.24:18.4": "то, будучи спрошенным так, я бы ответил:",
 "sn12.24:18.5": "“Друзья, старение-и-смерть имеют рождение своим источником, рождение своим происхождением; оно появилось и зародилось из рождения”.",
 "sn12.24:18.6": "Будучи спрошенным так, вот как я бы ответил.",
 "sn12.24:19.1": "Учитель, если бы они спросили меня:",
 "sn12.24:19.2": "“Друг Ананда, каков источник рождения…?",
 "sn12.24:19.3": "то, будучи спрошенным так, я бы ответил:",
 "sn12.24:19.4": "“Друзья, рождение имеет существование своим источником, существование своим происхождением; оно появилось и зародилось из существования…",
 "sn12.24:19.5": "",
 "sn12.24:20.1": "",
 "sn12.24:20.2": "существование имеет цепляние своим источником…",
 "sn12.24:20.3": "",
 "sn12.24:20.4": "",
 "sn12.24:20.5": "",
 "sn12.24:21.1": "",
 "sn12.24:21.2": "цепляние имеет жажду своим источником…",
 "sn12.24:21.3": "жажда имеет чувство своим источником…",
 "sn12.24:21.4": "чувство имеет контакт своим источником…",
 "sn12.24:21.5": "",
 "sn12.24:21.6": "",
 "sn12.24:21.7": "",
 "sn12.24:21.8": "контакт имеет шесть сфер чувств своим источником, шесть сфер чувств своим происхождением; он появился и зародился из шести сфер чувств.",
 "sn12.24:21.9": "Но с безостаточным угасанием и прекращением шести сфер чувств для контакта, происходит прекращение контакта.",
 "sn12.24:21.10": "С прекращением контакта – прекращение чувства.",
 "sn12.24:21.11": "С прекращением чувства – прекращение жажды.",
 "sn12.24:21.12": "С прекращением жажды – прекращение цепляния.",
 "sn12.24:21.13": "С прекращением цепляния – прекращение cуществования.",
 "sn12.24:21.14": "С прекращением cуществования – прекращение рождения.",
 "sn12.24:21.15": "С прекращением рождения старение-и-смерть, страдание, плач, боль, недовольство и тоска прекращаются.",
 "sn12.24:21.16": "Таково прекращение всей этой груды боли”.",
 "sn12.24:21.17": "Будучи спрошенным так, вот как я бы ответил”.",
 "sn12.24:21.18": "Четвёртая."
}