{
  "sn12.23:0.1": "Связанные Наставления 12.23",
  "sn12.23:0.2": "Глава",
  "sn12.23:0.3": "Сутта Непосредственная причина",
  "sn12.23:1.1": "В Саваттхи.",
  "sn12.23:1.2": "“Монахи, я говорю вам, что уничтожение пятен [загрязнений ума] возможно [только] у того, кто знает и видит, а не у того, кто не знает и не видит.",
  "sn12.23:1.3": "И что же он знает, что же он видит, благодаря чему происходит уничтожение пятен?",
  "sn12.23:1.4": "“Такова форма, таково её происхождение, таково её исчезновение;",
  "sn12.23:1.5": "таково чувство…",
  "sn12.23:1.6": "таково восприятие…",
  "sn12.23:1.7": "таковы формации…",
  "sn12.23:1.8": "таково сознание, таково его происхождение, таково его исчезновение” – у того, кто знает так, у того, кто видит так, происходит уничтожение пятен.",
  "sn12.23:1.9": "Я говорю вам, монахи, что знание уничтожения [пятен] в отношении уничтожения [пятен] имеет непосредственную причину.",
  "sn12.23:2.1": "Не так оно, чтобы у него не было непосредственной причины.",
  "sn12.23:2.2": "И какова непосредственная причина для знания уничтожения?",
  "sn12.23:2.3": "[На это] следует ответить так: “Освобождение”.",
  "sn12.23:2.4": "Я говорю вам, монахи, что у освобождения также есть непосредственная причина. Не так оно, чтобы у него не было непосредственной причины.",
  "sn12.23:2.5": "И какова непосредственная причина для освобождения?",
  "sn12.23:2.6": "[На это] следует ответить так: “Бесстрастие”.",
  "sn12.23:2.7": "Я говорю вам, монахи, что у бесстрастия также есть непосредственная причина. Не так оно, чтобы у него не было непосредственной причины.",
  "sn12.23:2.8": "И какова непосредственная причина для бесстрастия?",
  "sn12.23:2.9": "[На это] следует ответить так: “Разочарование”.",
  "sn12.23:2.10": "Я говорю вам, монахи, что у разочарования также есть непосредственная причина. Не так оно, чтобы у него не было непосредственной причины.",
  "sn12.23:2.11": "И какова непосредственная причина для разочарования?",
  "sn12.23:2.12": "[На это] следует ответить так: “Знание и видение вещей в соответствии с действительностью”.",
  "sn12.23:2.13": "Я говорю вам, монахи, что у знания и видения вещей в соответствии с действительностью также есть непосредственная причина. Не так оно, чтобы у него не было непосредственной причины.",
  "sn12.23:2.14": "И какова непосредственная причина для знания и видения вещей в соответствии с действительностью?",
  "sn12.23:2.15": "[На это] следует ответить так: “Сосредоточение”.",
  "sn12.23:2.16": "Я говорю вам, монахи, что у сосредоточения также есть непосредственная причина. Не так оно, чтобы у него не было непосредственной причины.",
  "sn12.23:3.1": "И какова непосредственная причина для сосредоточения?",
  "sn12.23:3.2": "[На это] следует ответить так: “Приятное чувство”.",
  "sn12.23:3.3": "Я говорю вам, монахи, что у счастья также есть непосредственная причина. Не так оно, чтобы у него не было непосредственной причины.",
  "sn12.23:3.4": "И какова непосредственная причина для счастья?",
  "sn12.23:3.5": "[На это] следует ответить так: “Безмятежность”.",
  "sn12.23:3.6": "Я говорю вам, монахи, что у безмятежности также есть непосредственная причина. Не так оно, чтобы у неё не было непосредственной причины.",
  "sn12.23:3.7": "И какова непосредственная причина для безмятежности?",
  "sn12.23:3.8": "[На это] следует ответить так: “Восторг”.",
  "sn12.23:3.9": "Я говорю вам, монахи, что у восторга также есть непосредственная причина. Не так оно, чтобы у него не было непосредственной причины.",
  "sn12.23:3.10": "И какова непосредственная причина для восторга?",
  "sn12.23:3.11": "[На это] следует ответить так: “Радость”.",
  "sn12.23:3.12": "Я говорю вам, монахи, что у радости также есть непосредственная причина. Не так оно, чтобы у неё не было непосредственной причины.",
  "sn12.23:3.13": "И какова непосредственная причина для радости?",
  "sn12.23:3.14": "[На это] следует ответить так: “Вера”.",
  "sn12.23:3.15": "Я говорю вам, монахи, что у веры также есть непосредственная причина. Не так оно, чтобы у неё не было непосредственной причины.",
  "sn12.23:4.1": "И какова непосредственная причина для веры?",
  "sn12.23:4.2": "[На это] следует ответить так: “Боль”.",
  "sn12.23:4.3": "Я говорю вам, монахи, что у боли также есть непосредственная причина. Не так оно, чтобы у него не было непосредственной причины.",
  "sn12.23:4.4": "И какова непосредственная причина для боли?",
  "sn12.23:4.5": "[На это] следует ответить так: “Рождение”.",
  "sn12.23:4.6": "Я говорю вам, монахи, что у рождения также есть непосредственная причина. Не так оно, чтобы у него не было непосредственной причины.",
  "sn12.23:4.7": "И какова непосредственная причина для рождения?",
  "sn12.23:4.8": "[На это] следует ответить так: “Существование”.",
  "sn12.23:4.9": "Я говорю вам, монахи, что у существования также есть непосредственная причина. Не так оно, чтобы у него не было непосредственной причины.",
  "sn12.23:4.10": "И какова непосредственная причина для существования?",
  "sn12.23:4.11": "[На это] следует ответить так: “Поддерживание”.",
  "sn12.23:4.12": "Я говорю вам, монахи, что у поддерживание также есть непосредственная причина. Не так оно, чтобы у него не было непосредственной причины.",
  "sn12.23:4.13": "И какова непосредственная причина для поддерживания?",
  "sn12.23:4.14": "[На это] следует ответить так: “Цепляние”.",
  "sn12.23:4.15": "Я говорю вам, монахи, что у цепляния также есть непосредственная причина. Не так оно, чтобы у неё не было непосредственной причины.",
  "sn12.23:5.1": "И какова непосредственная причина для цепляния?",
  "sn12.23:5.2": "[На это] следует ответить так: “Чувство”.",
  "sn12.23:5.3": "Для чувства [на это] следует ответить так: контакт.",
  "sn12.23:5.4": "Для контакта – шесть сфер чувств.",
  "sn12.23:5.5": "Для шести сфер чувств – имя-и-форма. ",
  "sn12.23:5.6": "Для имени-и-формы – сознание. ",
  "sn12.23:5.7": "Для сознания – волевые формирователи.",
  "sn12.23:5.8": "Я говорю вам, монахи, что у волевых формирователей также есть непосредственная причина. Не так оно, чтобы у них не было непосредственной причины. ",
  "sn12.23:5.9": "И какова непосредственная причина для волевых формирователей? ",
  "sn12.23:5.10": "[На это] следует ответить так: “Невежество”.",
  "sn12.23:6.1": "Так, монахи, с невежеством как непосредственной причиной, волевые формирователи [возникают].",
  "sn12.23:6.2": "С волевыми формирователями как непосредственной причиной, сознание [возникает].",
  "sn12.23:6.3": "С сознанием как непосредственной причиной, имя-и-форма [возникает].",
  "sn12.23:6.4": "С именем-и-формой как непосредственной причиной, шесть сфер чувств [возникают].",
  "sn12.23:6.5": "С шестью сферами чувств как непосредственной причиной, контакт [возникает].",
  "sn12.23:6.6": "С контактом как непосредственной причиной, чувство [возникает].",
  "sn12.23:6.7": "С чувством как непосредственной причиной, цепляние [возникает].",
  "sn12.23:6.8": "С цеплянием как непосредственной причиной, поддерживание [возникает].",
  "sn12.23:6.9": "С поддерживанием как непосредственной причиной, существование [возникает].",
  "sn12.23:6.10": "С существованием как непосредственной причиной, рождение [возникает].",
  "sn12.23:6.11": "С рождением как непосредственной причиной, страдание [возникает].",
  "sn12.23:6.12": "Со страданием как непосредственной причиной, вера [возникает].",
  "sn12.23:6.13": "С верой как непосредственной причиной, радость [возникает].",
  "sn12.23:6.14": "С радостью как непосредственной причиной, восторг [возникает].",
  "sn12.23:6.15": "С восторгом как непосредственной причиной, безмятежность [возникает].",
  "sn12.23:6.16": "С безмятежностью как непосредственной причиной, приятное чувство [возникает].",
  "sn12.23:6.17": "С приятным чувством как непосредственной причиной, сосредоточение [возникает].",
  "sn12.23:6.18": "С сосредоточением как непосредственной причиной, знание и видение вещей… [возникает].",
  "sn12.23:6.19": "Со знанием и видением вещей… как непосредственной причиной, разочарование [возникает].",
  "sn12.23:6.20": "С разочарованием как непосредственной причиной, бесстрастие [возникает].",
  "sn12.23:6.21": "С бесстрастием как непосредственной причиной, освобождение [возникает].",
  "sn12.23:6.22": "С освобождением как непосредственной причиной, знание уничтожения [возникает].",
  "sn12.23:7.1": "Подобно тому, монахи, как ливень проливается тяжёлыми каплями на вершину горы, и водяные потоки устремляются вниз по склону, заполняя расселины, канавки и протоки; а по заполнении этих – заполняют пруды; а по заполнении этих – заполняют озёра; а по заполнении этих – заполняют ручьи; а по заполнении этих – заполняют реки; а по заполнении этих – заполняют великий океан; ",
  "sn12.23:8.1": "то точно также с невежеством как непосредственной причиной, волевые формирователи [возникают]… С освобождением как непосредственной причиной, знание уничтожения [возникает]”.",
  "sn12.23:8.2": "Третья"
}