{
  "sn12.13:0.1": "Связанные Наставления 12.13",
  "sn12.13:0.2": "Глава Ахара",
  "sn12.13:0.3": "СуттаЖрецы и отшельники",
  "sn12.13:1.1": "В Саваттхи.",
  "sn12.13:1.2": "“Монахи, те жрецы и отшельники, которые не понимают старения-и-смерти, его происхождения, его прекращения, и пути, ведущего к его прекращению; которые",
  "sn12.13:1.3": "не понимают рождения…",
  "sn12.13:1.4": "существования…",
  "sn12.13:1.5": "цепляния…",
  "sn12.13:1.6": "жажды…",
  "sn12.13:1.7": "чувства…",
  "sn12.13:1.8": "контакта…",
  "sn12.13:1.9": "шести сфер чувств…",
  "sn12.13:1.10": "имени-и-формы…",
  "sn12.13:1.11": "сознания…",
  "sn12.13:1.12": "волевых формирователей, их происхождения, их прекращения, и пути, ведущего к их прекращению –",
  "sn12.13:1.13": "таких я не считаю жрецами среди жрецов и отшельниками среди отшельников, и эти почтенные не входят, познав это для себя самостоятельно посредством прямого знания в этой самой жизни, и не пребывают в цели отшельничества или в цели жречества.",
  "sn12.13:2.1": "Но, монахи, те жрецы и отшельники, которые понимают старение-и-смерть, его происхождение, его прекращение, и путь, ведущий к его прекращению;",
  "sn12.13:2.2": "которые понимают рождение…",
  "sn12.13:2.3": "существования…",
  "sn12.13:2.4": "цепляния…",
  "sn12.13:2.5": "жажды…",
  "sn12.13:2.6": "чувства…",
  "sn12.13:2.7": "контакта…",
  "sn12.13:2.8": "шести сфер чувств…",
  "sn12.13:2.9": "имени-и-формы…",
  "sn12.13:2.10": "сознания…",
  "sn12.13:2.11": "волевые формирователи, их происхождение, их прекращение, и путь, ведущий к их прекращению –",
  "sn12.13:2.12": "таких я считаю жрецами среди жрецов и отшельниками среди отшельников, и эти почтенные, познав это для себя самостоятельно посредством прямого знания в этой самой жизни, входят и пребывают в цели отшельничества или в цели жречества”.",
  "sn12.13:2.13": "Третья."
}