{
  "sn12.18:0.1": "Связанные Наставления 12.18",
  "sn12.18:0.2": "Глава Ахара",
  "sn12.18:0.3": "Сутта Тимбарука",
  "sn12.18:1.1": "В Саваттхи.",
  "sn12.18:1.2": "И тогда странник Тимбарука подошёл к Благословенному и обменялся с ним вежливыми приветствиями.",
  "sn12.18:1.3": "После обмена вежливыми приветствиями и любезностями он сел рядом и сказал:",
  "sn12.18:2.1": "“Так как же, Мастер Готама, удовольствие и боль созданы собой?”",
  "sn12.18:2.2": "“Не так оно, Тимбарука” – сказал Благословенный.",
  "sn12.18:2.3": "“В таком случае, Мастер Готама, удовольствие и боль созданы другим?”",
  "sn12.18:2.4": "“Не так оно, Тимбарука” – сказал Благословенный.",
  "sn12.18:2.5": "“Так не выходит ли, Мастер Готама, что удовольствие и боль созданы и собой и другим?”",
  "sn12.18:2.6": "“Не так оно, Тимбарука” – сказал Благословенный.",
  "sn12.18:2.7": "“Значит, Мастер Готама, удовольствие и боль возникли случайным образом, будучи созданными ни собой, ни другим?”",
  "sn12.18:2.8": "“Не так оно, Тимбарука” – сказал Благословенный.",
  "sn12.18:2.9": "“Так не выходит ли, Мастер Готама, что удовольствия и боли нет?”",
  "sn12.18:2.10": "“Не так оно, Тимбарука, что удовольствия и боли нет.",
  "sn12.18:2.11": "Удовольствие и боль есть”.",
  "sn12.18:2.12": "“Значит, Мастер Готама не знает и не видит удовольствия и боли?”",
  "sn12.18:2.13": "“Не так оно, Тимбарука, что я не знаю и не вижу удовольствия и боли.",
  "sn12.18:2.14": "Я знаю удовольствие и боль,",
  "sn12.18:2.15": "я вижу удовольствие и боль”.",
  "sn12.18:3.1": "“Будучи спрошенным: “Так как же, Мастер Готама, удовольствие и боль созданы собой…",
  "sn12.18:3.2": "другим…",
  "sn12.18:3.3": "собой и другим…",
  "sn12.18:3.4": "ни собой, ни другим?” в каждом случае Вы говорите так: “Не так оно, Тимбарука”.",
  "sn12.18:3.5": "Будучи спрошенным: “Так не выходит ли, Мастер Готама, что удовольствия и боли нет?” Вы говорите: “Не так оно, Тимбарука, что удовольствия и боли нет.",
  "sn12.18:3.6": "Удовольствие и боль есть”.",
  "sn12.18:3.7": "Будучи спрошенным: “Значит, Мастер Готама не знает и не видит удовольствия и боли?” Вы говорите: “Не так оно, Тимбарука, что я не знаю и не вижу удовольствия и боли.",
  "sn12.18:3.8": "Я знаю удовольствие и боль,",
  "sn12.18:3.9": "я вижу удовольствие и боль”.",
  "sn12.18:3.10": "Господин, пусть Благословенный объяснит мне удовольствие и боль.",
  "sn12.18:3.11": "Пусть Благословенный научит меня [пониманию] удовольствия и боли”.",
  "sn12.18:4.1": "“Тимбарука, [если кто-либо считает]: “Чувство и тот, кто чувствует – это одно и то же”, [то он утверждает так], подразумевая кого-то, существующего с [самого] начала: “Удовольствие и боль созданы собой”. [Но] я не говорю так.",
  "sn12.18:4.2": "Но, Тимбарука, [если кто-либо считает]: “Чувство – это одно, а тот, кто чувствует – это иное”, [то он утверждает так], подразумевая того, кто пронзаем [конкретным] чувством: “Удовольствие и боль созданы другим”. [Но] и так я тоже не говорю.",
  "sn12.18:4.3": "Не склоняясь ни к одной из этих крайностей, Татхагата учит Дхамме срединным способом:",
  "sn12.18:4.4": "“С невежеством как условием, волевые формирователи [возникают]…",
  "sn12.18:4.5": "",
  "sn12.18:4.6": "…Таково происхождение всей этой груды боли.",
  "sn12.18:4.7": "Но с безостаточным угасанием и прекращением невежества происходит прекращение волевых формирователей…",
  "sn12.18:4.8": "",
  "sn12.18:4.9": "…Таково прекращение всей этой груды боли”.",
  "sn12.18:5.1": "Когда так было сказано Тимбарука обратился к Благословенному:",
  "sn12.18:5.2": "“Великолепно, Мастер Готама! Великолепно, Мастер Готама!",
  "sn12.18:5.3": "Я принимаю прибежище в Мастере Готаме, прибежище в Дхамме, и прибежище в Сангхе монахов.",
  "sn12.18:5.4": "Пусть Мастер Готама помнит меня как мирского последователя, принявшего прибежище с этого дня и на всю жизнь”.",
  "sn12.18:5.5": "Восьмая."
}