{
  "sn12.71:0.1": "Связанные Наставления 12.71",
  "sn12.71:0.2": "Глава Саманабрахмана",
  "sn12.71:0.3": "Сутта Старение и смерть",
  "sn12.71:1.1": "Так я слышал.",
  "sn12.71:1.2": "Однажды Благословенный пребывал в Саваттхи в роще Джеты в монастыре Анатхапиндики.",
  "sn12.71:1.3": "Там Благословенный сказал:",
  "sn12.71:1.4": "“Монахи, те жрецы и отшельники, которые не понимают старения-и-смерти, его возникновения, его прекращения, и пути, ведущего к его прекращению –",
  "sn12.71:1.5": "таких я не считаю жрецами среди жрецов и отшельниками среди отшельников, и эти почтенные не входят, познав это для себя самостоятельно посредством прямого знания в этой самой жизни, и не пребывают в цели отшельничества или в цели жречества.",
  "sn12.71:2.1": "Но, монахи, те жрецы и отшельники, которые понимают старение-и-смерть, его возникновение, его прекращение, и путь, ведущий к его прекращению –",
  "sn12.71:2.2": "тех я считаю жрецами среди жрецов и отшельниками среди отшельников, и эти почтенные, познав это для себя самостоятельно посредством прямого знания в этой самой жизни, входят и пребывают в цели отшельничества или в цели жречества”.",
  "sn12.71:2.3": "(Сутта один.)",
  "sn12.71:2.4": "Первая."
}