{
  "sn12.1:0.1": "Связанные Наставления 12.1",
  "sn12.1:0.2": "Глава Буддха ",
  "sn12.1:0.3": "Сутта Зависимое возникновение ",
  "sn12.1:1.1": "Так я слышал. ",
  "sn12.1:1.2": "Однажды Благословенный пребывал в Саваттхи в роще Джеты в монастыре Анатхапиндики. ",
  "sn12.1:1.3": "Там Благословенный обратился к монахам так: ",
  "sn12.1:1.4": "“Монахи!” ",
  "sn12.1:1.5": "“Достопочтенный!” – отвечали те монахи. ",
  "sn12.1:1.6": "Благословенный сказал так: ",
  "sn12.1:1.7": "“Монахи, я научу вас зависимому возникновению. ",
  "sn12.1:1.8": "Слушайте внимательно, я буду говорить”. ",
  "sn12.1:1.9": "“Да, почтенный” – ответили те монахи. ",
  "sn12.1:1.10": "Благословенный сказал: ",
  "sn12.1:2.1": "“И что такое, монахи, зависимое возникновение? ",
  "sn12.1:2.2": "С невежеством как условием, волевые формирователи [возникают]1. ",
  "sn12.1:2.3": "С волевыми формирователями как условием, сознание [возникает]. ",
  "sn12.1:2.4": "С сознанием как условием, имя-и-форма [возникает]. ",
  "sn12.1:2.5": "С именем-и-формой как условием, шесть сфер чувств [возникают]. ",
  "sn12.1:2.6": "С шестью сферами чувств как условием, контакт [возникает]. ",
  "sn12.1:2.7": "С контактом как условием, чувство [возникает]. ",
  "sn12.1:2.8": "С чувством как условием, жажда [возникает]. ",
  "sn12.1:2.9": "С жаждой как условием, цепляние [возникает]. ",
  "sn12.1:2.10": "С цеплянием как условием, существование [возникает]. ",
  "sn12.1:2.11": "С существованием как условием, рождение [возникает]. ",
  "sn12.1:2.12": "С рождением как условием, старение-и-смерть, печаль, стенание, боль, недовольство и отчаяние возникают. ",
  "sn12.1:2.13": "Таково происхождение всей этой груды страданий. ",
  "sn12.1:2.14": "Это, монахи, называется зависимым возникновением. ",
  "sn12.1:3.1": "Но с безостаточным угасанием и прекращением невежества происходит прекращение волевых формирователей. ",
  "sn12.1:3.2": "С прекращением волевых формирователей [происходит] прекращение сознания. ",
  "sn12.1:3.3": "С прекращением сознания [происходит] прекращение имени-и-формы. ",
  "sn12.1:3.4": "С прекращением имени-и-формы [происходит] прекращение шести сфер чувств. ",
  "sn12.1:3.5": "С прекращением шести сфер чувств [происходит] прекращение контакта. ",
  "sn12.1:3.6": "С прекращением контакта [происходит] прекращение чувства. ",
  "sn12.1:3.7": "С прекращением чувства [происходит] прекращение жажды. ",
  "sn12.1:3.8": "С прекращением жажды [происходит] прекращение цепляния. ",
  "sn12.1:3.9": "С прекращением цепляния [происходит] прекращение существования. ",
  "sn12.1:3.10": "С прекращением существования [происходит] прекращение рождения. ",
  "sn12.1:3.11": "С прекращением рождения, старение-и-смерть, печаль, стенание, боль, недовольство и отчаяние прекращаются. ",
  "sn12.1:3.12": "Таково прекращение всей этой груды страданий”. ",
  "sn12.1:3.13": "Так сказал Благословенный. ",
  "sn12.1:3.14": "Воодушевлённые, монахи восхитились словами Благословенного. ",
  "sn12.1:3.15": "Первая."
}