{
 "sn12.55:0.1": "Связанные Наставления 12.55",
 "sn12.55:0.2": "Глава Дуккха",
 "sn12.55:0.3": "Сутта Большое дерево Первая",
 "sn12.55:1.1": "В Саваттхи.",
 "sn12.55:1.2": "“Монахи, когда кто-либо пребывает в созерцании наслаждения в вещах, к которым можно прицепиться, жажда возрастает.",
 "sn12.55:1.3": "С жаждой как условием, цепляние [возникает].",
 "sn12.55:1.4": "С цеплянием как условием, существование [возникает]…",
 "sn12.55:1.5": "Таково происхождение всей этой груды боли.",
 "sn12.55:2.1": "Представьте, монахи, большое дерево,",
 "sn12.55:2.2": "и все его уходящие вниз и по бокам корни направляли бы сок вверх.",
 "sn12.55:2.3": "Так, будучи поддерживаемым этим соком, подпитываемым им, это большое дерево простояло бы долгое время.",
 "sn12.55:2.4": "Точно также, когда кто-либо пребывает в созерцании наслаждения в вещах, к которым можно прицепиться, жажда возрастает.",
 "sn12.55:2.5": "С жаждой как условием, цепляние [возникает]…",
 "sn12.55:2.6": "боль, недовольство и отчаяние возникают. Таково происхождение всей этой груды боли.",
 "sn12.55:3.1": "Монахи, когда кто-либо пребывает в созерцании опасности в вещах, к которым можно прицепиться, жажда прекращается.",
 "sn12.55:3.2": "С прекращением жажды происходит прекращение цепляния.",
 "sn12.55:3.3": "С прекращением цепляния – прекращение существования…",
 "sn12.55:3.4": "Таково прекращение всей этой груды боли.",
 "sn12.55:4.1": "Представьте, монахи, большое дерево.",
 "sn12.55:4.2": "И мимо проходил бы человек с лопатой и ведром.",
 "sn12.55:4.3": "Он бы срубил это дерево под корень, выкопал бы его, вытащил бы корни, [включая] даже небольшие корешки и корневые нити.",
 "sn12.55:4.4": "Он бы разрезал дерево на части, расколол бы [эти] части на куски и превратил бы в щепки. Затем он бы высушил эти щепки на ветру и солнце, сжёг бы их в костре и собрал бы золу.",
 "sn12.55:4.5": "Сделав так, он бы развеял золу по ветру или же бросил бы её в поток быстрой реки.",
 "sn12.55:4.6": "Таким образом, это большое дерево было бы срублено под корень, сделано подобным обрубку пальмы, уничтожено так, что более не сможет возникнуть в будущем.",
 "sn12.55:4.7": "Точно также, когда кто-либо пребывает в созерцании опасности в вещах, к которым можно прицепиться, жажда прекращается.",
 "sn12.55:4.8": "С прекращением жажды происходит прекращение цепляния…",
 "sn12.55:4.9": "",
 "sn12.55:4.10": "Таково прекращение всей этой груды страданий”.",
 "sn12.55:4.11": "Пятая."
}