{
 "sn12.29:0.1": "Связанные Наставления 12.29",
 "sn12.29:0.2": "Глава Дасабала",
 "sn12.29:0.3": "Сутта Шаманы-Брахманы",
 "sn12.29:1.1": "В Саваттхи.",
 "sn12.29:1.2": "Там…",
 "sn12.29:1.3": "“Монахи, те жрецы и отшельники, которые не полностью понимают старения-и-смерти, его происхождения, его прекращения, и пути, ведущего к его прекращению; которые не полностью понимают рождения…",
 "sn12.29:1.4": "существования…",
 "sn12.29:1.5": "цепляния…",
 "sn12.29:1.6": "жажды…",
 "sn12.29:1.7": "чувства…",
 "sn12.29:1.8": "контакта…",
 "sn12.29:1.9": "шести сфер чувств…",
 "sn12.29:1.10": "имени-и-формы…",
 "sn12.29:1.11": "сознания…",
 "sn12.29:1.12": "волевых формирователей,",
 "sn12.29:1.13": "их происхождения,",
 "sn12.29:1.14": "их прекращения,",
 "sn12.29:1.15": "и пути, ведущего к их прекращению –",
 "sn12.29:1.16": "таких я не считаю жрецами среди жрецов и отшельниками среди отшельников, и эти почтенные не входят, познав это для себя самостоятельно посредством прямого знания в этой самой жизни, и не пребывают в цели отшельничества или в цели жречества.",
 "sn12.29:2.1": "Но, монахи, те жрецы и отшельники, которые полностью понимают старение-и-смерть, его происхождение, его прекращение, и путь, ведущий к его прекращению; которые полностью понимают рождение…",
 "sn12.29:2.2": "существования…",
 "sn12.29:2.3": "цепляния…",
 "sn12.29:2.4": "жажды…",
 "sn12.29:2.5": "чувства…",
 "sn12.29:2.6": "контакта…",
 "sn12.29:2.7": "шести сфер чувств…",
 "sn12.29:2.8": "имени-и-формы…",
 "sn12.29:2.9": "сознания…",
 "sn12.29:2.10": "волевые формирователи, их происхождение, их прекращение, и путь, ведущий к их прекращению –",
 "sn12.29:2.11": "таких я считаю жрецами среди жрецов и отшельниками среди отшельников, и эти почтенные, познав это для себя самостоятельно посредством прямого знания в этой самой жизни, входят и пребывают в цели отшельничества или в цели жречества”.",
 "sn12.29:2.12": "Девятая."
}