{
  "sn12.53:0.1": "Связанные Наставления 12.53",
  "sn12.53:0.2": "Глава Дуккха",
  "sn12.53:0.3": "Сутта Путы Первая",
  "sn12.53:1.1": "В Саваттхи.",
  "sn12.53:1.2": "“Монахи, когда кто-либо пребывает в созерцании наслаждения в вещах, которые могут опутать, жажда возрастает.",
  "sn12.53:1.3": "С жаждой как условием, цепляние [возникает].",
  "sn12.53:1.4": "С цеплянием как условием, существование [возникает].",
  "sn12.53:1.5": "С существованием как условием, рождение [возникает].",
  "sn12.53:1.6": "С рождением как условием, старение-и-смерть, печаль, стенание, боль, недовольство и отчаяние возникают.",
  "sn12.53:1.7": "Таково происхождение всей этой груды страданий.",
  "sn12.53:2.1": "Представьте, монахи, масляную лампу, что горела бы в зависимости от масла и фитиля,",
  "sn12.53:2.2": "и человек подливал бы в неё масло и подгонял фитиль время от времени.",
  "sn12.53:2.3": "Так, будучи поддерживаемой этим маслом, подпитываемой им, эта масляная лампа горела бы в течение долгого времени.",
  "sn12.53:2.4": "Точно также, когда кто-либо пребывает в созерцании наслаждения в вещах, которые могут опутать, жажда возрастает.",
  "sn12.53:2.5": "С жаждой как условием, цепляние [возникает]…",
  "sn12.53:2.6": "",
  "sn12.53:2.7": "",
  "sn12.53:2.8": "боль, недовольство и отчаяние возникают.",
  "sn12.53:2.9": "Таково происхождение всей этой груды боли.",
  "sn12.53:3.1": "Монахи, когда кто-либо пребывает в созерцании опасности в вещах, которые могут опутать, жажда прекращается.",
  "sn12.53:3.2": "С прекращением жажды происходит прекращение цепляния.",
  "sn12.53:3.3": "С прекращением цепляния – прекращение существования. С",
  "sn12.53:3.4": "прекращением существования – прекращение рождения.",
  "sn12.53:3.5": "С прекращением рождения, старение-и-смерть, печаль, стенание, боль, недовольство и отчаяние прекращаются.",
  "sn12.53:3.6": "Таково прекращение всей этой груды боли.",
  "sn12.53:4.1": "Представьте, монахи, масляную лампу, что горела бы в зависимости от масла и фитиля,",
  "sn12.53:4.2": "и человек не подливал бы в неё масло и не подгонял бы фитиль время от времени.",
  "sn12.53:4.3": "Так, когда прежний запас топлива истощится, эта масляная лампа, не подпитываемая более каким-либо топливом, не имея поддержки, погаснет.",
  "sn12.53:4.4": "Точно также, когда кто-либо пребывает в созерцании опасности в вещах, которые могут опутать, жажда прекращается…",
  "sn12.53:4.5": "",
  "sn12.53:4.6": "боль, недовольство и отчаяние прекращаются. Таково прекращение всей этой груды боли”.",
  "sn12.53:4.7": "Третья."
}