{
  "sn12.68:0.1": "Связанные Наставления 2.1.7.8",
  "sn12.68:0.2": "Большая Глава",
  "sn12.68:0.3": "Сутта Косамби",
  "sn12.68:1.1": "Однажды Достопочтенный Мусила, Достопочтенный Савиттха, Достопочтенный Нарада и Достопочтенный Ананда пребывали в Косамби в парке Гхоситы. ",
  "sn12.68:1.2": "И тогда Достопочтенный Савиттха обратился к Достопочтенному Мусиле:",
  "sn12.68:1.3": "“Друг Мусила, не опираясь на веру, не опираясь на личные предпочтения, не опираясь на устную традицию, не опираясь на обоснованные рассмотрения, не опираясь на согласие с мнением после размышления над ним – имеет ли Достопочтенный Мусила такое личное знание: ",
  "sn12.68:1.4": "“С рождением как условием, старение и смерть [возникают]?”",
  "sn12.68:1.5": "“Друг Савиттха, не опираясь на веру, не опираясь на личные предпочтения, не опираясь на устную традицию, не опираясь на обоснованные рассмотрения, не опираясь на согласие с мнением после размышления над ним, я знаю так, я вижу так: ",
  "sn12.68:1.6": "“С рождением как условием, старение-и-смерть [возникает]”.",
  "sn12.68:2.1": "“Друг Мусила, не опираясь на веру… – имеет ли Достопочтенный Мусила такое личное знание: ",
  "sn12.68:2.2": "“С существованием как условием, рождение [возникает]?”… ",
  "sn12.68:2.3": "",
  "sn12.68:2.4": "",
  "sn12.68:2.5": "",
  "sn12.68:2.6": "",
  "sn12.68:2.7": "",
  "sn12.68:2.8": "",
  "sn12.68:2.9": "",
  "sn12.68:2.10": "",
  "sn12.68:2.11": " …“С невежеством как условием, волевые формирователи [возникают]?”.",
  "sn12.68:2.12": "“Друг Савиттха, не опираясь на веру… я знаю так, я вижу так: ",
  "sn12.68:2.13": "“С невежеством как условием, волевые формирователи [возникают]”.",
  "sn12.68:3.1": "“Друг Мусила, не опираясь на веру… – имеет ли Достопочтенный Мусила такое личное знание: ",
  "sn12.68:3.2": "“С прекращением рождения, старение-и-смерть прекращается?”… ",
  "sn12.68:3.3": "",
  "sn12.68:3.4": "",
  "sn12.68:4.1": "",
  "sn12.68:4.2": "",
  "sn12.68:4.3": "",
  "sn12.68:4.4": "",
  "sn12.68:4.5": "",
  "sn12.68:4.6": "",
  "sn12.68:4.7": "",
  "sn12.68:4.8": "",
  "sn12.68:4.9": "",
  "sn12.68:4.10": "",
  "sn12.68:4.11": " …“С прекращением невежества волевые формирователи прекращаются?”",
  "sn12.68:4.12": "“Друг Савиттха, не опираясь на веру… я знаю так, я вижу так: ",
  "sn12.68:4.13": "“С прекращением невежества волевые формирователи прекращаются”.",
  "sn12.68:5.1": "“Друг Мусила, не опираясь на веру, не опираясь на личные предпочтения, не опираясь на устную традицию, не опираясь на обоснованные рассмотрения, не опираясь на согласие с мнением после размышления над ним – имеет ли Достопочтенный Мусила такое личное знание: ",
  "sn12.68:5.2": "“Ниббана – это прекращение существования”?",
  "sn12.68:5.3": "“Друг Савиттха, не опираясь на веру… я знаю так, я вижу так: ",
  "sn12.68:5.4": "“Ниббана – это прекращение существования”.",
  "sn12.68:6.1": "“В таком случае, Достопочтенный Мусила – арахант, чьи пятна [загрязнений ума] уничтожены”.",
  "sn12.68:6.2": "Когда так было сказано, Достопочтенный Мусила ничего не ответил. ",
  "sn12.68:7.1": "Тогда Достопочтенный Нарада сказал Достопочтенному Савиттхе: ",
  "sn12.68:7.2": "“Друг Савиттха, было бы хорошо, если бы мне задали эти же вопросы. ",
  "sn12.68:7.3": "Задай мне эти же вопросы, ",
  "sn12.68:7.4": "и я отвечу тебе”.",
  "sn12.68:7.5": "“В таком случае, пусть Достопочтенный Нарада соизволит ответить на эти вопросы. ",
  "sn12.68:7.6": "Я задам Достопочтенному Нараде эти вопросы, ",
  "sn12.68:7.7": "и пусть он ответит мне. ",
  "sn12.68:8.1": "Друг Нарада, не опираясь на веру… – имеет ли Достопочтенный Нарада такое личное знание: ",
  "sn12.68:8.2": "“С рождением как условием, старение и смерть [возникают]”… ",
  "sn12.68:8.3": "",
  "sn12.68:8.4": "",
  "sn12.68:9.1": "",
  "sn12.68:9.2": "",
  "sn12.68:9.3": "",
  "sn12.68:9.4": "",
  "sn12.68:9.5": "",
  "sn12.68:10.1": "",
  "sn12.68:10.2": "",
  "sn12.68:10.3": "",
  "sn12.68:10.4": "",
  "sn12.68:11.1": "",
  "sn12.68:11.2": "",
  "sn12.68:11.3": "",
  "sn12.68:11.4": "",
  "sn12.68:11.5": "",
  "sn12.68:12.1": "",
  "sn12.68:12.2": "…“Ниббана – это прекращение существования”?",
  "sn12.68:12.3": "“Друг Савиттха, не опираясь на веру… я знаю так, я вижу так: ",
  "sn12.68:12.4": "“Ниббана – это прекращение существования”.",
  "sn12.68:13.1": "“В таком случае, Достопочтенный Нарада – арахант, чьи пятна [загрязнений ума] уничтожены”.",
  "sn12.68:13.2": "“Друг, хотя я чётко увидел в соответствии с действительностью правильной мудростью: “Ниббана – это прекращение существования”, [всё же], я не арахант, чьи пятна [загрязнений ума] уничтожены. ",
  "sn12.68:13.3": "Представь, друг, как если бы в пустыне у дороги стоял бы колодец, но в нём не было бы ни верёвки, ни ведра. ",
  "sn12.68:13.4": "И мимо проходил бы человек, подавленный и страдающий от жары, уставший, обезвоженный, жаждущий пить. ",
  "sn12.68:13.5": "Он заглянул бы в колодец, и знание возникло бы в нём: “Там есть вода”. Но он не мог бы коснуться её телом. ",
  "sn12.68:13.6": "Точно также, друг, хотя я чётко увидел в соответствии с действительностью правильной мудростью: “Ниббана – это прекращение существования”, [всё же], я не арахант, чьи пятна [загрязнений ума] уничтожены”.",
  "sn12.68:14.1": "Когда так было сказано, Достопочтенный Ананда спросил Достопочтенного Савиттху: ",
  "sn12.68:14.2": "“Когда он говорит так, друг Савиттха, что бы ты сказал о Достопочтенном Нараде?”",
  "sn12.68:14.3": "“Когда он говорит так, друг Ананда, я бы ничего не сказал о Достопочтенном Нараде, кроме хорошего и благого”.",
  "sn12.68:14.4": "Восьмая."
}