{
 "sn12.28:0.1": "Связанные Наставления 12.28",
 "sn12.28:0.2": "Глава Дасабала",
 "sn12.28:0.3": "Сутта Монах",
 "sn12.28:1.1": "В Саваттхи.",
 "sn12.28:1.2": "Там…",
 "sn12.28:1.3": "“Вот, монахи, монах понимает старение-и-смерть, его происхождение, его исчезновение, и путь, ведущий к его исчезновению. Он понимает рождение…",
 "sn12.28:1.4": "существование…",
 "sn12.28:1.5": "цепляние…",
 "sn12.28:1.6": "жажду…",
 "sn12.28:1.7": "чувство…",
 "sn12.28:1.8": "контакт…",
 "sn12.28:1.9": "шесть сфер чувств…",
 "sn12.28:1.10": "имя-и-форму…",
 "sn12.28:1.11": "сознание…",
 "sn12.28:1.12": "волевые формирователи, их происхождение, их исчезновение, и путь, ведущий к их прекращению.",
 "sn12.28:2.1": "И что такое, монахи, старение и смерть?",
 "sn12.28:2.2": "Старение различных существ в различных классах существ: их становление старыми, разбитость зубов, седина волос, морщинистость кожи, упадок жизненной силы, ослабевание качеств –",
 "sn12.28:2.3": "это называется старением.",
 "sn12.28:2.4": "Исчезание различных существ из различных классов существ, их умирание, распад, исчезновение, смертность, кончина, окончание времени [срока жизни], распад совокупностей, оставление тела –",
 "sn12.28:2.5": "это называется смертью.",
 "sn12.28:2.6": "Таким образом, это старение и эта смерть",
 "sn12.28:2.7": "вместе называются старением-и-смертью.",
 "sn12.28:2.8": "С возникновением рождения происходит возникновение старения-и-смерти.",
 "sn12.28:2.9": "С прекращением рождения происходит прекращение старения-и-смерти.",
 "sn12.28:2.10": "И именно этот самый Благородный Восьмеричный Путь является путём, ведущим к прекращению старения-и-смерти,",
 "sn12.28:2.11": "то есть: Правильный взгляд, правильное намерение-заготовка, правильная речь, правильные действия, правильные быт, правильное старание, правильное памятование, правильное объединение опыта.",
 "sn12.28:3.1": "И что такое, монахи, рождение?",
 "sn12.28:3.2": "И что такое, монахи, существование?",
 "sn12.28:3.3": "И что такое, монахи, цепляние?",
 "sn12.28:3.4": "И что такое, монахи, жажда?",
 "sn12.28:3.5": "И что такое, монахи, чувство?",
 "sn12.28:3.6": "И что такое, монахи, контакт?",
 "sn12.28:3.7": "И что такое, монахи, шесть сфер чувств?",
 "sn12.28:3.8": "И что такое, монахи, имя-и-форма?",
 "sn12.28:3.9": "И что такое, монахи, сознание?",
 "sn12.28:4.1": "И что такое, монахи, волевые формирователи?",
 "sn12.28:4.2": "Есть три вида волевых формирователей:",
 "sn12.28:4.3": "телесные волевые формирователи, словесные волевые формирователи, умственные волевые формирователи.",
 "sn12.28:4.4": "Эти называются волевыми формирователями.",
 "sn12.28:4.5": "С возникновением невежества происходит возникновение волевых формирователей.",
 "sn12.28:4.6": "С прекращением невежества происходит прекращение волевых формирователей.",
 "sn12.28:4.7": "И именно этот самый Благородный Восьмеричный Путь является путём, ведущим к прекращению волевых формирователей…",
 "sn12.28:4.8": "В частности — Правильный взгляд… правильное объединение опыта.",
 "sn12.28:5.1": "Когда, монахи, монах понимает старение-и-смерть, его происхождение, его исчезновение, и путь, ведущий к его исчезновению. Он понимает рождение…",
 "sn12.28:5.2": "существование…",
 "sn12.28:5.3": "цепляние…",
 "sn12.28:5.4": "жажду…",
 "sn12.28:5.5": "чувство…",
 "sn12.28:5.6": "контакт…",
 "sn12.28:5.7": "шесть сфер чувств…",
 "sn12.28:5.8": "имя-и-форму…",
 "sn12.28:5.9": "сознание…",
 "sn12.28:5.10": "волевые формирователи,",
 "sn12.28:5.11": "их происхождение,",
 "sn12.28:5.12": "их исчезновение,",
 "sn12.28:5.13": "и путь, ведущий к их прекращению –",
 "sn12.28:5.14": "то тогда он зовётся монахом, который совершенен в воззрениях, совершенен в видении, который пришёл к этой истинной Дхамме, который видит эту истинную Дхамму, который обладает знанием ученика, истинным знанием ученика, который вступил в поток Дхаммы – Благородный с проницательной мудростью, тот, кто стоит прямо возле дверей к Бессмертному”.",
 "sn12.28:5.15": "Восьмая."
}