{
 "sn12.46:0.1": "Связанные Наставления 12.46",
 "sn12.46:0.2": "Глава Гахапати",
 "sn12.46:0.3": "Сутта Некий брахман",
 "sn12.46:1.1": "В Саваттхи.",
 "sn12.46:1.2": "И тогда один брахман подошёл к Благословенному и обменялся с ним вежливыми приветствиями.",
 "sn12.46:1.3": "После обмена вежливыми приветствиями и любезностями он сел рядом и сказал ему:",
 "sn12.46:2.1": "“Так как же, Мастер Готама, тот, кто совершает действие, является тем же, кто и переживает [результат]?”",
 "sn12.46:2.2": "“Тот, кто совершает действие, является тем же, кто и переживает [результат]: это, брахман, одна крайность”.",
 "sn12.46:3.1": "“В таком случае, Мастер Готама, тот, кто совершает действие, является одним, а тот, кто переживает [результат] – другим?”",
 "sn12.46:3.2": "“Тот, кто совершает действие, является одним, а тот, кто переживает [результат] – другим: это, брахман, другая крайность.",
 "sn12.46:3.3": "Не склоняясь ни к одной из этих крайностей, Татхагата учит Дхамме срединным способом:",
 "sn12.46:3.4": "“С невежеством как условием, волевые формирователи [возникают]…",
 "sn12.46:3.5": "",
 "sn12.46:3.6": "Таково происхождение всей этой груды боли.",
 "sn12.46:3.7": "Но с безостаточным угасанием и прекращением невежества происходит прекращение волевых формирователей…",
 "sn12.46:3.8": "",
 "sn12.46:3.9": "…Таково прекращение всей этой груды боли”.",
 "sn12.46:4.1": "Когда так было сказано, тот брахман обратился к Благословенному:",
 "sn12.46:4.2": "“Великолепно, Мастер Готама! Великолепно, Мастер Готама!…",
 "sn12.46:4.3": "Пусть Мастер Готама помнит меня как мирского последователя, принявшего прибежище с этого дня и на всю жизнь”.",
 "sn12.46:4.4": "Шестая."
}