{
 "sn12.83:0.1": "Связанные Наставления 12.83-92",
 "sn12.83:0.2": "Сокращение Антара",
 "sn12.83:0.3": "Десятка Сутт начинающихся с Учитель Вторая",
 "sn12.83:1.1": "Рождение, монахи, как-есть незнающий невидящий…",
 "sn12.84:1.1": "Бхаву, монахи, как-есть незнающий невидящий…",
 "sn12.85:1.1": "Поддерживание, монахи, как-есть незнающий невидящий…",
 "sn12.86:1.1": "Цепляние, монахи, как-есть незнающий невидящий…",
 "sn12.87:1.1": "Ведание, монахи, как-есть незнающий невидящий…",
 "sn12.88:1.1": "Касание, монахи, как-есть незнающий невидящий…",
 "sn12.89:1.1": "Шестеричную область, монахи, как-есть незнающий невидящий…",
 "sn12.90:1.1": "Имя-рупа, монахи, как-есть незнающий невидящий…",
 "sn12.91:1.1": "Внимание, монахи, как-есть незнающий невидящий…",
 "sn12.92:1.1": "Отождествления, монахи, как-есть незнающий невидящий для знания отождествлений как-есть должен найти учителя;",
 "sn12.92:1.2": "Скапливание отождествлений, монахи, как-есть незнающий невидящий для знания скапливания отождествлений как-есть должен найти учителя;",
 "sn12.92:1.3": "Истечение отождествлений, монахи, как-есть незнающий невидящий для знания истечения отождествлений как-есть должен найти учителя;",
 "sn12.92:1.4": "К истечению отождествлений ведущую практику, монахи, как-есть незнающий невидящий для знания к истечению отождествлений ведущей практики как-есть должен найти учителя;",
 "sn12.92:1.5": "Одниннадцатая.",
 "sn12.92:1.6": "(Все по Четырём Благородным Истинам должны быть сделанны.)"
}