{
  "sn12.4:0.1": "Связанные Наставления 12.4",
  "sn12.4:0.2": "Глава Буддха ",
  "sn12.4:0.3": "Сутта Випасси ",
  "sn12.4:1.1": "В Саваттхи. ",
  "sn12.4:1.2": "“Монахи, до его просветления, когда он всё ещё был не полностью просветлённым бодхисаттой, мысль пришла к Випасси, Благословенному, Араханту, Полностью Просветлённому: ",
  "sn12.4:1.3": "“Увы, этот мир попал в беду в том [смысле], что он рождается, стареет и умирает, он прекращается и перерождается, ",
  "sn12.4:1.4": "и всё же не понимает спасения от этого страдания, [причиняемого] старением-и-смертью. ",
  "sn12.4:1.5": "Так когда же будет выявлено спасение от этого страдания, [причиняемого] старением-и-смертью? ",
  "sn12.4:2.1": "И тогда, монахи, мысль пришла бодхисатте Випасси: ",
  "sn12.4:2.2": "“Что наличествует, так что возникает старение-и-смерть? Чем обусловлено старение-и-смерть?” ",
  "sn12.4:2.3": "И тогда, монахи, через тщательно [направленное] внимание, постижение посредством мудрости возникло у бодхисатты Випасси: ",
  "sn12.4:2.4": "“Когда есть рождение, то старение-и-смерть возникает. Старение-и-смерть имеет рождение своим условием”. ",
  "sn12.4:3.1": "Затем, монахи, мысль пришла бодхисатте Випасси: ",
  "sn12.4:3.2": "“Что наличествует, так что возникает рождение? Чем обусловлено рождение?” ",
  "sn12.4:3.3": "И тогда, монахи, через тщательно [направленное] внимание, постижение посредством мудрости возникло у бодхисатты Випасси: ",
  "sn12.4:3.4": "“Когда есть существование, то рождение возникает. Рождение имеет существование своим условием”. ",
  "sn12.4:4.1": "Затем, монахи, мысль пришла бодхисатте Випасси: ",
  "sn12.4:4.2": "“Что наличествует, так что возникает существование? Чем обусловлено существование?” ",
  "sn12.4:4.3": "И тогда, монахи, через тщательно [направленное] внимание, постижение посредством мудрости возникло у бодхисатты Випасси: ",
  "sn12.4:4.4": "“Когда есть цепляние, то существование возникает. Существование имеет цепляние своим условием”. ",
  "sn12.4:5.1": "Затем, монахи, мысль пришла бодхисатте Випасси: ",
  "sn12.4:5.2": "“Что наличествует, так что возникает цепляние? Чем обусловлено цепляние?” ",
  "sn12.4:5.3": "И тогда, монахи, через тщательно [направленное] внимание, постижение посредством мудрости возникло у бодхисатты Випасси: ",
  "sn12.4:5.4": "“Когда есть жажда, то цепляние возникает. Цепляние имеет жажду своим условием”. ",
  "sn12.4:6.1": "Затем, монахи, мысль пришла бодхисатте Випасси: ",
  "sn12.4:6.2": "“Что наличествует, так что возникает жажда? Чем обусловлена жажда?” ",
  "sn12.4:6.3": "И тогда, монахи, через тщательно [направленное] внимание, постижение посредством мудрости возникло у бодхисатты Випасси: ",
  "sn12.4:6.4": "“Когда есть чувство, то жажда возникает. Жажда имеет чувство своим условием”. ",
  "sn12.4:7.1": "Затем, монахи, мысль пришла бодхисатте Випасси: ",
  "sn12.4:7.2": "“Что наличествует, так что возникает чувство? Чем обусловлено чувство?” ",
  "sn12.4:7.3": "И тогда, монахи, через тщательно [направленное] внимание, постижение посредством мудрости возникло у бодхисатты Випасси: ",
  "sn12.4:7.4": "“Когда есть контакт, то чувство возникает. Чувство имеет контакт своим условием”. ",
  "sn12.4:8.1": "Затем, монахи, мысль пришла бодхисатте Випасси: ",
  "sn12.4:8.2": "“Что наличествует, так что возникает контакт? Чем обусловлен контакт?” ",
  "sn12.4:8.3": "И тогда, монахи, через тщательно [направленное] внимание, постижение посредством мудрости возникло у бодхисатты Випасси: ",
  "sn12.4:8.4": "“Когда есть шесть сфер чувств, то контакт возникает. Контакт имеет шесть сфер чувств своим условием”. ",
  "sn12.4:9.1": "Затем, монахи, мысль пришла бодхисатте Випасси: ",
  "sn12.4:9.2": "“Что наличествует, так что возникают шесть сфер чувств? Чем обусловлены шесть сфер чувств?” ",
  "sn12.4:9.3": "И тогда, монахи, через тщательно [направленное] внимание, постижение посредством мудрости возникло у бодхисатты Випасси: ",
  "sn12.4:9.4": "“Когда есть имя-и-форма, то шесть сфер чувств возникают. Шесть сфер чувств имеют имя-и-форму своим условием”. ",
  "sn12.4:10.1": "Затем, монахи, мысль пришла бодхисатте Випасси: ",
  "sn12.4:10.2": "“Что наличествует, так что возникает имя-и-форма? Чем обусловлена имя-и-форма?” ",
  "sn12.4:10.3": "И тогда, монахи, через тщательно [направленное] внимание, постижение посредством мудрости возникло у бодхисатты Випасси: ",
  "sn12.4:10.4": "“Когда есть сознание, то имя-и-форма возникает. Имя-и-форма имеет сознание своим условием”. ",
  "sn12.4:11.1": "Затем, монахи, мысль пришла бодхисатте Випасси: ",
  "sn12.4:11.2": "“Что наличествует, так что возникает сознание? Чем обусловлено сознание?” ",
  "sn12.4:11.3": "И тогда, монахи, через тщательно [направленное] внимание, постижение посредством мудрости возникло у бодхисатты Випасси: ",
  "sn12.4:11.4": "“Когда есть волевые формирователи, то сознание возникает. Сознание имеет волевые формирователи своим условием”. ",
  "sn12.4:12.1": "Затем, монахи, мысль пришла бодхисатте Випасси: ",
  "sn12.4:12.2": "“Что наличествует, так что возникают волевые формирователи? Чем обусловлены волевые формирователи?” ",
  "sn12.4:12.3": "И тогда, монахи, через тщательно [направленное] внимание, постижение посредством мудрости возникло у бодхисатты Випасси: ",
  "sn12.4:12.4": "“Когда есть невежество, то волевые формирователи возникают. Волевые формирователи имеют невежество своим условием”. ",
  "sn12.4:13.1": "Так, с невежеством как условием, волевые формирователи [возникают]. ",
  "sn12.4:13.2": "С волевыми формирователями как условием, сознание [возникает]… ",
  "sn12.4:13.3": "Таково происхождение всей этой груды страданий. ",
  "sn12.4:13.4": "“Возникновение, возникновение” – так, монахи, в отношении вещей, неслыханных прежде, видение возникло у бодхисатты Випасси, знание, мудрость, истинное знание и свет. ",
  "sn12.4:14.1": "Затем, монахи, мысль пришла бодхисатте Випасси: ",
  "sn12.4:14.2": "“Что не наличествует, так что не возникает старение-и-смерть? С прекращением чего происходит прекращение старения-и-смерти?” ",
  "sn12.4:14.3": "И тогда, монахи, через тщательно [направленное] внимание, постижение посредством мудрости возникло у бодхисатты Випасси: ",
  "sn12.4:14.4": "“Когда нет рождения, то старение-и-смерть не возникает. С прекращением рождения происходит прекращение старения-и-смерти”. ",
  "sn12.4:15.1": "Затем, монахи, мысль пришла бодхисатте Випасси: ",
  "sn12.4:15.2": "“Что не наличествует, так что не возникает рождение? С прекращением чего происходит прекращение рождения?” ",
  "sn12.4:15.3": "И тогда, монахи, через тщательно [направленное] внимание, постижение посредством мудрости возникло у бодхисатты Випасси: ",
  "sn12.4:15.4": "“Когда нет существования, то рождение не возникает. С прекращением существования происходит прекращение рождения”. ",
  "sn12.4:16.1": "Затем, монахи, мысль пришла бодхисатте Випасси: ",
  "sn12.4:16.2": "“Что не наличествует, так что не возникает существование? С прекращением чего происходит прекращение существования?” ",
  "sn12.4:16.3": "И тогда, монахи, через тщательно [направленное] внимание, постижение посредством мудрости возникло у бодхисатты Випасси: ",
  "sn12.4:16.4": "“Когда нет цепляния, то cуществования не возникает. С прекращением цепляния происходит прекращение cуществования”. ",
  "sn12.4:17.1": "Затем, монахи, мысль пришла бодхисатте Випасси: ",
  "sn12.4:17.2": "“Что не наличествует, так что не возникает цепляние? С прекращением чего происходит прекращение цепляния?” ",
  "sn12.4:17.3": "И тогда, монахи, через тщательно [направленное] внимание, постижение посредством мудрости возникло у бодхисатты Випасси: ",
  "sn12.4:17.4": "“Когда нет жажды, то цепляния не возникает. С прекращением жажды происходит прекращение цепляния”. ",
  "sn12.4:18.1": "Затем, монахи, мысль пришла бодхисатте Випасси: ",
  "sn12.4:18.2": "“Что не наличествует, так что не возникает жажда? С прекращением чего происходит прекращение жажды?” ",
  "sn12.4:18.3": "И тогда, монахи, через тщательно [направленное] внимание, постижение посредством мудрости возникло у бодхисатты Випасси: ",
  "sn12.4:18.4": "“Когда нет чувства, то жажды не возникает. ",
  "sn12.4:19.1": "С прекращением чувства происходит прекращение жажды”. ",
  "sn12.4:19.2": "Затем, монахи, мысль пришла бодхисатте Випасси: ",
  "sn12.4:19.3": "“Что не наличествует, так что не возникает чувство? С прекращением чего происходит прекращение чувства?” И тогда, монахи, через тщательно [направленное] внимание, постижение посредством мудрости возникло у бодхисатты Випасси: ",
  "sn12.4:19.4": "“Когда нет контакта, то чувства не возникает. С прекращением контакта происходит прекращение чувства”. ",
  "sn12.4:20.1": "Затем, монахи, мысль пришла бодхисатте Випасси: ",
  "sn12.4:20.2": "“Что не наличествует, так что не возникает контакта? С прекращением чего происходит прекращение контакта?” ",
  "sn12.4:20.3": "И тогда, монахи, через тщательно [направленное] внимание, постижение посредством мудрости возникло у бодхисатты Випасси: ",
  "sn12.4:20.4": "“Когда нет шести сфер чувств, то контакта не возникает. С прекращением шести сфер чувств происходит прекращение контакта”. ",
  "sn12.4:21.1": "Затем, монахи, мысль пришла бодхисатте Випасси: ",
  "sn12.4:21.2": "“Что не наличествует, так что не возникают шесть сфер чувств? С прекращением чего происходит прекращение шести сфер чувств?” ",
  "sn12.4:21.3": "И тогда, монахи, через тщательно [направленное] внимание, постижение посредством мудрости возникло у бодхисатты Випасси: ",
  "sn12.4:21.4": "“Когда нет имени-и-формы, то шести сфер чувств не возникает. С прекращением имени-и-формы происходит прекращение шести сфер чувств”. ",
  "sn12.4:22.1": "Затем, монахи, мысль пришла бодхисатте Випасси: ",
  "sn12.4:22.2": "“Что не наличествует, так что не возникает имя-и-форма? С прекращением чего происходит прекращение имени-и-формы?” ",
  "sn12.4:22.3": "И тогда, монахи, через тщательно [направленное] внимание, постижение посредством мудрости возникло у бодхисатты Випасси: ",
  "sn12.4:22.4": "“Когда нет сознания, то имени-и-формы не возникает. С прекращением сознания происходит прекращение имени-и-формы”. ",
  "sn12.4:23.1": "Затем, монахи, мысль пришла бодхисатте Випасси: ",
  "sn12.4:23.2": "“Что не наличествует, так что не возникает сознание? С прекращением чего происходит прекращение сознания?” ",
  "sn12.4:23.3": "И тогда, монахи, через тщательно [направленное] внимание, постижение посредством мудрости возникло у бодхисатты Випасси: ",
  "sn12.4:23.4": "“Когда нет волевых формирователей, то сознания не возникает. С прекращением волевых формирователей происходит прекращение сознания”. ",
  "sn12.4:24.1": "Затем, монахи, мысль пришла бодхисатте Випасси: ",
  "sn12.4:24.2": "“Что не наличествует, так что не возникают волевые формирователи? С прекращением чего происходит прекращение волевых формирователей?” ",
  "sn12.4:24.3": "И тогда, монахи, через тщательно [направленное] внимание, постижение посредством мудрости возникло у бодхисатты Випасси: ",
  "sn12.4:24.4": "“Когда нет невежества, то волевых формирователей не возникает. С прекращением невежества происходит прекращение волевых формирователей”. ",
  "sn12.4:25.1": "Так, с безостаточным угасанием и прекращением невежества происходит прекращение волевых формирователей. ",
  "sn12.4:25.2": "С прекращением волевых формирователей [происходит] прекращение сознания… ",
  "sn12.4:25.3": "Таково прекращение всей этой груды страданий. ",
  "sn12.4:25.4": "“Прекращение, прекращение” – так, монахи, в отношении вещей, неслыханных прежде, видение возникло у бодхисатты Випасси, знание, мудрость, истинное знание и свет”. ",
  "sn12.4:25.5": "Четвёртая. ",
  "sn12.4:26.1": "(Семи Буддхам так должно быть расширено.)"
}