{
 "sn12.93-103:0.1": "Связанные Наставления 12.93-213",
 "sn12.93-103:0.2": "Сокращение Антара",
 "sn12.93-103:0.3": "Сокращение Двенадцать Сутт Начинающихся с Тренировка",
 "sn12.93-103:1.1": "Старение-умирание, монахи, как-есть незнающий невидящий для знания старения-умирания как-есть необходима тренировка.",
 "sn12.93-103:2.1": "(Сокращение. Четырьмя Истинами должно быть сделано.)",
 "sn12.104-114:1.1": "Старение-умирание, монахи, незнающий…",
 "sn12.104-114:1.2": "необходима тренировка…",
 "sn12.115-125:1.1": "Старение-умирание, монахи, незнающий…",
 "sn12.115-125:1.2": "необходимо намерение-импульс…",
 "sn12.126-136:1.1": "Старение-умирание, монахи, незнающий…",
 "sn12.126-136:1.2": "необходимо ¿активное участие…",
 "sn12.137-147:1.1": "Старение-умирание, монахи, незнающий…",
 "sn12.137-147:1.2": "необходимо ¿неотступание…",
 "sn12.148-158:1.1": "Старение-умирание, монахи, незнающий…",
 "sn12.148-158:1.2": "необходим пыл…",
 "sn12.159-169:1.1": "Старение-умирание, монахи, незнающий…",
 "sn12.159-169:1.2": "необходима ¿энергия…",
 "sn12.170-180:1.1": "Старение-умирание, монахи, незнающий…",
 "sn12.170-180:1.2": "необходима ¿настойчивость…",
 "sn12.181-191:1.1": "Старение-умирание, монахи, незнающий…",
 "sn12.181-191:1.2": "необходимо памятование…",
 "sn12.192-202:1.1": "Старение-умирание, монахи, незнающий…",
 "sn12.192-202:1.2": "необходима сознательность…",
 "sn12.203-213:1.1": "Старение-умирание, монахи, незнающий…",
 "sn12.203-213:1.2": "необходима не-беспечность…",
 "sn12.203-213:1.3": "Сокращение Антара Девятое.",
 "sn12.203-213:2.0": "Оглавление",
 "sn12.203-213:2.1": "",
 "sn12.203-213:2.2": "",
 "sn12.203-213:2.3": "",
 "sn12.203-213:2.4": "",
 "sn12.203-213:2.5": "",
 "sn12.203-213:2.6": "",
 "sn12.203-213:2.7": "",
 "sn12.203-213:3.1": "",
 "sn12.203-213:3.2": "",
 "sn12.203-213:3.3": "",
 "sn12.203-213:3.4": "",
 "sn12.203-213:3.5": "",
 "sn12.203-213:3.6": ""
}