{
 "sn12.20:0.1": "Связанные Наставления 12.20",
 "sn12.20:0.2": "Глава Ахара",
 "sn12.20:0.3": "Сутта Условия",
 "sn12.20:1.1": "Располагается в Саваттхи.",
 "sn12.20:1.2": "“Монахи, я научу вас зависимому возникновению и зависимо возникшим феноменам.",
 "sn12.20:1.3": "Слушайте внимательно, я буду говорить”.",
 "sn12.20:1.4": "“Да, почтенный” – ответили те монахи.",
 "sn12.20:1.5": "Благословенный сказал:",
 "sn12.20:2.1": "“И что такое, монахи, зависимое возникновение?",
 "sn12.20:2.2": "“С рождением как условием, старение-и-смерть [возникает]”:",
 "sn12.20:2.3": "есть ли появление [в мире] Татхагат или нет появления [в мире] Татхагат, этот элемент всё равно имеет место быть, [эта] устойчивость Дхаммы, чёткая последовательность Дхаммы, особая обусловленность.",
 "sn12.20:2.4": "Татхагата пробудился в это и пробился к этому.",
 "sn12.20:2.5": "Сделав так, он объяснил, научил, провозгласил, утвердил, раскрыл, рассмотрел и прояснил это.",
 "sn12.20:2.6": "И он говорит: “Смотрите!",
 "sn12.20:2.7": "С рождением как условием, монахи, старение-и-смерть [возникает]”.",
 "sn12.20:3.1": "“С существованием как условием, рождение [возникает]…",
 "sn12.20:3.2": "“С цеплянием как условием, существование [возникает]…",
 "sn12.20:3.3": "“С жаждой как условием, цепляние [возникает]…",
 "sn12.20:3.4": "“С чувством как условием, жажда [возникает]…",
 "sn12.20:3.5": "“С контактом как условием, чувство [возникает]…",
 "sn12.20:3.6": "“С шестью сферами чувств как условием, контакт [возникает]…",
 "sn12.20:3.7": "“С именем-и-формой как условием, шесть сфер чувств [возникают]…",
 "sn12.20:3.8": "“С сознанием как условием, имя-и-форма [возникает]…",
 "sn12.20:3.9": "“С волевыми формирователями как условием, сознание [возникает]…",
 "sn12.20:3.10": "“С невежеством как условием, волевые формирователи [возникают]”:",
 "sn12.20:3.11": "есть ли появление [в мире] Татхагат или нет появления [в мире] Татхагат, этот элемент всё равно имеет место быть, [эта] устойчивость Дхаммы, чёткая последовательность Дхаммы, особая обусловленность.",
 "sn12.20:3.12": "Татхагата пробудился в это и пробился к этому.",
 "sn12.20:3.13": "Сделав так, он объяснил, научил, провозгласил, утвердил, раскрыл, рассмотрел и прояснил это.",
 "sn12.20:3.14": "И он говорит: “Смотрите!",
 "sn12.20:3.15": "С невежеством как условием, волевые формирователи [возникают]”.",
 "sn12.20:3.16": "Так, монахи, реальность этого, безошибочность, не-иначесть, особая обусловленность:",
 "sn12.20:3.17": "это называется зависимым возникновением.",
 "sn12.20:4.1": "И что такое, монахи, зависимо возникшие феномены?",
 "sn12.20:4.2": "Старение-и-смерть, монахи, является непостоянным, обусловленным, возникшим зависимо, подверженным уничтожению, исчезновению, угасанию и прекращению.",
 "sn12.20:4.3": "Рождение является непостоянным…",
 "sn12.20:4.4": "Существование является непостоянным…",
 "sn12.20:4.5": "Цепляние является непостоянным…",
 "sn12.20:4.6": "Жажда является непостоянной…",
 "sn12.20:4.7": "Чувство является непостоянным…",
 "sn12.20:4.8": "Контакт является непостоянным…",
 "sn12.20:4.9": "Шесть сфер чувств являются непостоянными…",
 "sn12.20:4.10": "Имя-и-форма является непостоянной…",
 "sn12.20:4.11": "Сознание является непостоянным…",
 "sn12.20:4.12": "Волевые формирователи являются непостоянными…",
 "sn12.20:4.13": "Невежество является непостоянным, обусловленным, возникшим зависимо, подверженным уничтожению, исчезновению, угасанию и прекращению.",
 "sn12.20:4.14": "Всё это, монахи, называется зависимо возникшими феноменами.",
 "sn12.20:5.1": "Когда, монахи, ученик Благородных чётко увидел правильной мудростью в соответствии с действительностью зависимое возникновение и эти зависимо возникшие феномены, то не может быть такого, чтобы он убегал в прошлое с такими думами:",
 "sn12.20:5.2": "“Был ли я в прошлом? Не было ли меня в прошлом? Чем я был в прошлом? Каким я был в прошлом? Будучи чем я был таким в прошлом?”",
 "sn12.20:5.3": "Или же убегал бы в будущее с такими думами:",
 "sn12.20:5.4": "“Буду ли я в будущем? Не будет ли меня в будущем? Чем я буду в будущем? Каким я буду в будущем? Будучи чем я буду таким в будущем?”",
 "sn12.20:5.5": "Или же вместо этого чтобы он был бы внутренне запутан в настоящем:",
 "sn12.20:5.6": "“Есть ли я? Нет ли меня? Что я? Каков я? Откуда взялось это существо, [которое и есть я]? Куда оно уйдёт?”",
 "sn12.20:5.7": "такого не может быть.",
 "sn12.20:5.8": "И почему?",
 "sn12.20:5.9": "Потому что, монахи, ученик Благородных чётко увидел правильной мудростью в соответствии с действительностью это зависимое возникновение и эти зависимо возникшие феномены”.",
 "sn12.20:5.10": "Десятая.",
 "sn12.20:5.11": "Глава Ахара Вторая.",
 "sn12.20:6.0": "Оглавление",
 "sn12.20:6.1": "",
 "sn12.20:6.2": "",
 "sn12.20:6.3": "",
 "sn12.20:6.4": "",
 "sn12.20:6.5": "",
 "sn12.20:6.6": ""
}