{
 "sn12.50:0.1": "Связанные Наставления 12.50",
 "sn12.50:0.2": "Глава Гахапати",
 "sn12.50:0.3": "Сутта Последователь Благородного Вторая",
 "sn12.50:1.1": "В Саваттхи.",
 "sn12.50:1.2": "“Монахи, обученный последователь Благородного не думает:",
 "sn12.50:1.3": "“Что существует, так чтобы это возникло? C возникновением чего это возникает?",
 "sn12.50:1.4": "Что существует, так чтобы отождествления… внимание… имя-и-форма возникла? Что существует, так чтобы шесть сфер чувств… контакт… чувство… жажда… цепляние… существование… рождение… старение-и-смерть возникло?”",
 "sn12.50:2.1": "Но, монахи, обученный последователь Благородного обладает знанием об этом, которое независимо от [мнений] других:",
 "sn12.50:2.2": "“Когда есть это, возникает и то. С возникновением этого, появляется и то.",
 "sn12.50:2.3": "Когда есть неведение - есть отождествления.",
 "sn12.50:2.4": "Когда есть отождествления - есть внимание.",
 "sn12.50:2.5": "Когда есть сознание, имя-и-форма возникает. Когда есть имя-и-форма…",
 "sn12.50:2.6": "шесть сфер чувств…",
 "sn12.50:2.7": "контакт…",
 "sn12.50:2.8": "чувство…",
 "sn12.50:2.9": "жажда…",
 "sn12.50:2.10": "цепляние…",
 "sn12.50:2.11": "существование…",
 "sn12.50:2.12": "Когда есть рождение, старение-и-смерть возникает”.",
 "sn12.50:2.13": "Когда есть рождение - есть старение-умирание.",
 "sn12.50:2.14": "Он понимает так:",
 "sn12.50:2.15": "“Вот каким образом возникает мир”.",
 "sn12.50:3.1": "Монахи, обученный последователь Благородного не думает:",
 "sn12.50:3.2": "“Чего не существует, так что это не возникает? C прекращением чего это прекращается?",
 "sn12.50:3.3": "Чего не существует, так чтобы отождествления… внимание…имя-и-форма не возникала? Чего не существует, так чтобы шесть сфер чувств… контакт… чувство… жажда… \\",
 "sn12.50:3.4": "цепляние…",
 "sn12.50:3.5": "существование…",
 "sn12.50:3.6": "рождение…",
 "sn12.50:3.7": "старение-и-смерть не возникало?”",
 "sn12.50:4.1": "Но, монахи, обученный последователь Благородного обладает знанием об этом, которое независимо от [мнений] других:",
 "sn12.50:4.2": "“Когда нет этого, нет и того. С прекращением этого, прекращается и то.",
 "sn12.50:4.3": "Когда нет неведения - нет отождествлений.",
 "sn12.50:4.4": "Когда нет отождествлений - нет внимания.",
 "sn12.50:4.5": "Когда нет сознания, имя-и-форма не возникает. Когда нет имени-и-формы…",
 "sn12.50:4.6": "шести сфер чувств…",
 "sn12.50:4.7": "нет рождения - нет старости-умирания.",
 "sn12.50:4.8": "Он понимает так:",
 "sn12.50:4.9": "“Вот каким образом мир прекращается”.",
 "sn12.50:5.1": "Монахи, когда последователь Благородного таким образом понимает в соответствии с действительностью происхождение и исчезновение мира – то тогда он зовётся последователем Благородного, который наделён взглядом, наделён видением, который пришёл к этой истинной Дхамме, который видит эту истинную Дхамму, который обладает знанием ученика, истинным знанием ученика, который вступил в поток Дхаммы – Благородный с проницательной мудростью, тот, кто стоит прямо возле дверей к Бессмертному”.",
 "sn12.50:5.2": "Десятая.",
 "sn12.50:5.3": "Глава Гахапати Пятая.",
 "sn12.50:6.0": "Оглавление",
 "sn12.50:6.1": "",
 "sn12.50:6.2": "",
 "sn12.50:6.3": "",
 "sn12.50:6.4": "",
 "sn12.50:6.5": "",
 "sn12.50:6.6": ""
}