{
  "sn12.10:0.1": "Связанные Наставления 12.10",
  "sn12.10:0.2": "Глава Буддха ",
  "sn12.10:0.3": "Сутта Готама ",
  "sn12.10:1.1": "Монахи, до моего просветления, когда я всё ещё был не полностью просветлённым бодхисаттой, мысль пришла ко мне: ",
  "sn12.10:1.2": "“Увы, этот мир попал в беду в том [смысле], что он рождается, стареет и умирает, он прекращается и перерождается, ",
  "sn12.10:1.3": "и всё же не понимает спасения от этой боли, [причиняемого] старением-и-смертью. ",
  "sn12.10:1.4": "Так когда же будет выявлено спасение от этой боли, [причиняемого] старением-и-смертью? ",
  "sn12.10:2.1": "И тогда, монахи, мысль пришла ко мне: ",
  "sn12.10:2.2": "“Что наличествует, так что возникает старение-и-смерть? Чем обусловлено старение-и-смерть?” ",
  "sn12.10:2.3": "И тогда, монахи, через тщательно [направленное] внимание, постижение посредством мудрости возникло во мне: ",
  "sn12.10:2.4": "“Когда есть рождение, то старение-и-смерть возникает. Старение-и-смерть имеет рождение своим условием”. ",
  "sn12.10:3.1": "Затем, монахи, мысль пришла ко мне: ",
  "sn12.10:3.2": "“Что наличествует, так что возникает рождение? ",
  "sn12.10:3.3": "существование… ",
  "sn12.10:3.4": "цепляние… ",
  "sn12.10:3.5": "жажда… ",
  "sn12.10:3.6": "чувство… ",
  "sn12.10:3.7": "контакт… ",
  "sn12.10:3.8": "шесть сфер чувств… ",
  "sn12.10:3.9": "имя-и-форма… ",
  "sn12.10:3.10": "сознание… ",
  "sn12.10:3.11": "“Что наличествует, так что возникают волевые формирователи? Чем обусловлены волевые формирователи?” ",
  "sn12.10:3.12": "И тогда, монахи, через тщательно [направленное] внимание, постижение посредством мудрости возникло во мне: ",
  "sn12.10:3.13": "“Когда есть невежество, то волевые формирователи возникают. Волевые формирователи имеют невежество своим условием”. ",
  "sn12.10:4.1": "Так, с невежеством как условием, волевые формирователи [возникают]. ",
  "sn12.10:4.2": "С волевыми формирователями как условием, сознание [возникает]… ",
  "sn12.10:4.3": "Таково происхождение всей этой груды боли. ",
  "sn12.10:4.4": "“Возникновение, возникновение” – так, монахи, в отношении вещей, неслыханных прежде, видение возникло во мне, знание, мудрость, истинное знание и свет. ",
  "sn12.10:5.1": "Затем, монахи, мысль пришла ко мне: ",
  "sn12.10:5.2": "“Что не наличествует, так что не возникает старение-и-смерть? С прекращением чего происходит прекращение старения-и-смерти?” ",
  "sn12.10:5.3": "И тогда, монахи, через тщательно [направленное] внимание, постижение посредством мудрости возникло во мне: ",
  "sn12.10:5.4": "“Когда нет рождения, то старение-и-смерть не возникает. С прекращением рождения происходит прекращение старения-и-смерти”. ",
  "sn12.10:6.1": "Затем, монахи, мысль пришла ко мне: ",
  "sn12.10:6.2": "“Что не наличествует, так что не возникает рождение… ",
  "sn12.10:6.3": "существование… ",
  "sn12.10:6.4": "цепляние… ",
  "sn12.10:6.5": "жажда… ",
  "sn12.10:6.6": "чувство… ",
  "sn12.10:6.7": "контакт… ",
  "sn12.10:6.8": "шесть сфер чувств… ",
  "sn12.10:6.9": "имя-и-форма… ",
  "sn12.10:6.10": "сознание… ",
  "sn12.10:6.11": "“Что не наличествует, так что не возникают волевые формирователи? С прекращением чего происходит прекращение волевых формирователей?” ",
  "sn12.10:6.12": "И тогда, монахи, через тщательно [направленное] внимание, постижение посредством мудрости возникло во мне: ",
  "sn12.10:6.13": "“Когда нет невежества, то волевых формирователей не возникает. С прекращением невежества происходит прекращение волевых формирователей”. ",
  "sn12.10:7.1": "Так, с безостаточным угасанием и прекращением невежества происходит прекращение волевых формирователей. ",
  "sn12.10:7.2": "С прекращением волевых формирователей [происходит] прекращение сознания… ",
  "sn12.10:7.3": "Таково прекращение всей этой груды боли. ",
  "sn12.10:7.4": "“Прекращение, прекращение” – так, монахи, в отношении вещей, неслыханных прежде, видение возникло во мне, знание, мудрость, истинное знание и свет”. . ",
  "sn12.10:7.5": "Десятая. ",
  "sn12.10:7.6": "Глава Буддха Первая. ",
  "sn12.10:8.0": "Оглавление ",
  "sn12.10:8.1": "Разьяснение, разбор и практика, ",
  "sn12.10:8.2": "Выпасси, Сикхи и Вессабху; ",
  "sn12.10:8.3": "Какусандха, Конагамана, Кассапа, ",
  "sn12.10:8.4": "И Великий Мудрец Сакьев Готама."
}