{
 "sn12.57:0.1": "Связанные Наставления 12.57",
 "sn12.57:0.2": "Глава Дуккха",
 "sn12.57:0.3": "Сутта Молодое деревце",
 "sn12.57:1.1": "В Саваттхи.",
 "sn12.57:1.2": "“Монахи, когда кто-либо пребывает в созерцании наслаждения в вещах, которые могут опутать, жажда возрастает.",
 "sn12.57:1.3": "С жаждой как условием, цепляние [возникает].",
 "sn12.57:1.4": "Таково происхождение всей этой груды страданий.",
 "sn12.57:2.1": "Представьте, монахи, молодое деревце.",
 "sn12.57:2.2": "И время от времени человек подметал бы участок возле корней, время от времени посыпал бы его хорошей почвой, время от времени поливал бы его.",
 "sn12.57:2.3": "Так, будучи поддерживаемым этой заботой, подпитываемым ей, это молодое деревце стало бы расти, увеличиваться и разрастаться.",
 "sn12.57:2.4": "Точно также, когда кто-либо пребывает в созерцании наслаждения в вещах, которые могут опутать, жажда возрастает.",
 "sn12.57:2.5": "С жаждой как условием, цепляние [возникает]…",
 "sn12.57:2.6": "Таково происхождение всей этой груды боли.",
 "sn12.57:3.1": "Монахи, когда кто-либо пребывает в созерцании опасности в вещах, которые могут опутать, жажда прекращается.",
 "sn12.57:3.2": "С прекращением жажды происходит прекращение цепляния…",
 "sn12.57:3.3": "Таково прекращение всей этой груды боли.",
 "sn12.57:4.1": "Представьте, монахи, молодое деревце.",
 "sn12.57:4.2": "И мимо проходил бы человек с лопатой и ведром…",
 "sn12.57:4.3": "или же бросил бы её в поток быстрой реки.",
 "sn12.57:4.4": "Таким образом, это молодое деревце было бы срублено под корень, сделано подобным обрубку пальмы, уничтожено так, что более не сможет возникнуть в будущем.",
 "sn12.57:4.5": "Точно также, когда кто-либо пребывает в созерцании опасности в вещах, которые могут опутать, жажда прекращается…",
 "sn12.57:4.6": "",
 "sn12.57:4.7": "Таково прекращение всей этой груды боли”.",
 "sn12.57:4.8": "Седьмая."
}