{
  "sn12.12:0.1": "Связанные Наставления 12.12",
  "sn12.12:0.2": "Глава Ахара",
  "sn12.12:0.3": "Сутта К Пхаггуне",
  "sn12.12:1.1": "В Саваттхи.",
  "sn12.12:1.2": "“Монахи, есть четыре вида питания для поддержания существ, которые родились, и для поддержания существ, которые ищут место для рождения.",
  "sn12.12:1.3": "Какие четыре?",
  "sn12.12:1.4": "[Первый вид – это] физическая еда – грубая или утончённая; второй [вид] – контакт; третий [вид] – умственное намерение; четвёртый [вид] – сознание.",
  "sn12.12:1.5": "Таковы четыре [вида] питания для обеспечения существ, которые родились, и для поддержания существ, которые ищут место для того, чтобы родиться.",
  "sn12.12:2.1": "Когда так было сказано, Достопочтенный Молия Пхаггуна обратился к Благословенному:",
  "sn12.12:2.2": "“Почтенный, кто кормится сознанием как [видом] питания?”",
  "sn12.12:2.3": "“Это неправильный вопрос” – ответил Благословенный.",
  "sn12.12:2.4": "“Я не говорю “кормится”.",
  "sn12.12:2.5": "Если бы я сказал “кормится”, тогда бы вопрос “Кто кормится сознанием?” был бы верным.",
  "sn12.12:2.6": "Но я не говорю так.",
  "sn12.12:2.7": "Поскольку я не говорю так,",
  "sn12.12:2.8": "то правильный вопрос таков:",
  "sn12.12:2.9": "“Сознание как питание для чего?”",
  "sn12.12:2.10": "И правильный ответ таков:",
  "sn12.12:2.11": "“Сознание как питание для воспроизводства будущего прихода к существованию. Из шести сфер чувств как необходимого условия возникает контакт”.",
  "sn12.12:3.1": "“Почтенный, кто делает контакт?”",
  "sn12.12:3.2": "“Это неправильный вопрос” – ответил Благословенный.",
  "sn12.12:3.3": "“Я не говорю “делает контакт”.",
  "sn12.12:3.4": "Если бы я сказал “делает контакт”, тогда бы вопрос",
  "sn12.12:3.5": "“Кто делает контакт?” был бы верным.",
  "sn12.12:3.6": "Но я не говорю так.",
  "sn12.12:3.7": "Поскольку я не говорю так, то правильный вопрос таков:",
  "sn12.12:3.8": "“Из какого необходимого условия возникает контакт?”",
  "sn12.12:3.9": "И правильный ответ таков:",
  "sn12.12:3.10": "“Из шести сфер чувств как необходимого условия возникает контакт. Из контакта как необходимого условия возникает чувство”.",
  "sn12.12:4.1": "“Почтенный, кто чувствует?”",
  "sn12.12:4.2": "“Это неправильный вопрос” – ответил Благословенный.",
  "sn12.12:4.3": "“Я не говорю “чувствует”.",
  "sn12.12:4.4": "Если бы я сказал “чувствует”, тогда бы вопрос",
  "sn12.12:4.5": "“Кто чувствует?” был бы верным.",
  "sn12.12:4.6": "Но я не говорю так.",
  "sn12.12:4.7": "Поскольку я не говорю так, то правильный вопрос таков:",
  "sn12.12:4.8": "“Из какого необходимого условия возникает чувство?”",
  "sn12.12:4.9": "И правильный ответ таков:",
  "sn12.12:4.10": "“Из контакта как необходимого условия возникает чувство. Из чувства как необходимого условия возникает цепляние ”.",
  "sn12.12:5.1": "“Почтенный, кто цепляется?”",
  "sn12.12:5.2": "“Это неправильный вопрос” – ответил Благословенный.",
  "sn12.12:5.3": "“Я не говорю “цепляется”.",
  "sn12.12:5.4": "Если бы я сказал “жаждет”, тогда бы вопрос",
  "sn12.12:5.5": "“Кто жаждет?” был бы верным.",
  "sn12.12:5.6": "Но я не говорю так.",
  "sn12.12:5.7": "Поскольку я не говорю так, то правильный вопрос таков:",
  "sn12.12:5.8": "“Из какого необходимого условия возникает жажда?”",
  "sn12.12:5.9": "И правильный ответ таков:",
  "sn12.12:5.10": "“Из чувства как необходимого условия возникает цепляние. Из цепляния как необходимого условия возникает поддерживание”.",
  "sn12.12:6.1": "“Почтенный, кто поддерживает?”",
  "sn12.12:6.2": "“Это неправильный вопрос ” – ответил Благословенный.",
  "sn12.12:6.3": "“Я не говорю “поддерживает”.",
  "sn12.12:6.4": "Если бы я сказал “удерживает”, тогда бы вопрос",
  "sn12.12:6.5": "“Кто поддерживает?” был бы верным.",
  "sn12.12:6.6": "Но я не говорю так.",
  "sn12.12:6.7": "Поскольку я не говорю так, то правильный вопрос таков:",
  "sn12.12:6.8": "“Из какого необходимого условия возникает поддерживание?”",
  "sn12.12:6.9": "И правильный ответ таков:",
  "sn12.12:6.10": "“Из цепляния как необходимого условия возникает поддерживание.",
  "sn12.12:6.11": "Из поддерживания как необходимого условия возникает приход к существованию…",
  "sn12.12:6.12": "Таково возникновение всей этой груды горя и страдания.",
  "sn12.12:7.1": "И с безостаточным угасанием и прекращением шести сфер чувств происходит прекращение контакта.",
  "sn12.12:7.2": "С прекращением контакта происходит прекращение чувства.",
  "sn12.12:7.3": "С прекращением чувства происходит прекращение цепляние.",
  "sn12.12:7.4": "С прекращением цепляния происходит прекращение поддерживания.",
  "sn12.12:7.5": "С прекращением поддерживания происходит прекращение прихода к существованию.",
  "sn12.12:7.6": "С прекращением прихода к существованию происходит прекращение рождения.",
  "sn12.12:7.7": "С прекращением рождения происходит прекращение старения и смерти, печали, стенания, боли, беспокойства и отчаяния.",
  "sn12.12:7.8": "Таково прекращение всей этой груды горя и страдания”.",
  "sn12.12:7.9": "Вторая."
}