{
 "sn12.36:0.1": "Связанные Наставления 12.36",
 "sn12.36:0.2": "Глава Каларакхаттия",
 "sn12.36:0.3": "Сутта С невежеством как условием Первая",
 "sn12.36:1.1": "В Саваттхи.",
 "sn12.36:1.2": "“Монахи, c невежеством как условием, волевые формирователи [возникают].",
 "sn12.36:1.3": "С волевыми формирователями как условием, сознание [возникает]…",
 "sn12.36:1.4": "Таково происхождение всей этой груды боли”.",
 "sn12.36:2.1": "“Монахи, когда кто-либо утверждает так: “Что такое старение-и-смерть и для кого есть старение-и-смерть?” или же так: “Старение-и-смерть является одним, а тот, для кого есть это старение-и-смерть, является иным” – то оба эти утверждения совпадают в сути, а отличаются только в формулировке.",
 "sn12.36:2.2": "Если [у кого-либо] есть воззрение: “Душа и тело суть одно и то же”, то нет жития святой жизнью.",
 "sn12.36:2.3": "Если [у кого-либо] есть воззрение: “Душа – это одно, а тело – это иное”, то нет жития святой жизнью.",
 "sn12.36:2.4": "Не склоняясь ни к одной из этих крайностей, Татхагата учит Дхамме срединным способом:",
 "sn12.36:2.5": "“С рождением как условием, старение-и-смерть [возникает]”.",
 "sn12.36:3.1": "“Что такое рождение и для кого есть рождение?”",
 "sn12.36:3.2": "Что такое существование…",
 "sn12.36:3.3": "",
 "sn12.36:3.4": "",
 "sn12.36:3.5": "",
 "sn12.36:3.6": "",
 "sn12.36:3.7": "",
 "sn12.36:3.8": "",
 "sn12.36:3.9": "",
 "sn12.36:3.10": "“Монахи, когда кто-либо утверждает так: “Что такое волевые формирователи и для кого есть волевые формирователи?” или же так: “Волевые формирователи являются одним, а тот, для кого есть эти волевые формирователи, является иным” – то оба эти утверждения совпадают в сути, а отличаются только в формулировке.",
 "sn12.36:3.11": "Если [у кого-либо] есть воззрение: “Душа и тело суть одно и то же”, то нет жития святой жизнью.",
 "sn12.36:3.12": "Если [у кого-либо] есть воззрение: “Душа – это одно, а тело – это иное”, то нет жития святой жизнью.",
 "sn12.36:3.13": "Не склоняясь ни к одной из этих крайностей, Татхагата учит Дхамме срединным способом:",
 "sn12.36:3.14": "“С невежеством как условием, волевые формирователи [возникают]”.",
 "sn12.36:4.1": "Но с безостаточным угасанием и прекращением невежества, каких бы видов искривлений, изворотов, колебаний ни было, [как то] –",
 "sn12.36:4.2": "“Что такое старение-и-смерть и для кого есть старение-и-смерть?…",
 "sn12.36:4.3": "",
 "sn12.36:5.1": "",
 "sn12.36:5.2": "",
 "sn12.36:5.3": "",
 "sn12.36:5.4": "",
 "sn12.36:5.5": "",
 "sn12.36:5.6": "",
 "sn12.36:5.7": "",
 "sn12.36:5.8": "",
 "sn12.36:5.9": "",
 "sn12.36:5.10": "",
 "sn12.36:5.11": "Что такое волевые формирователи и для кого есть волевые формирователи?” или же “Волевые формирователи – это одно, а тот, для кого есть эти волевые формирователи – иное” или “Душа и тело суть одно” или “Душа – это одно, а тело – иное” –",
 "sn12.36:5.12": "всё это отбрасывается, обрубается под корень, делается подобным обрубку пальмы, уничтожается так, что более не может возникнуть в будущем”.",
 "sn12.36:5.13": "Шестая."
}