{
 "sn12.21:0.1": "Связанные Наставления 12.21",
 "sn12.21:0.2": "Глава Дасабала",
 "sn12.21:0.3": "Сутта Десять сил Первая",
 "sn12.21:1.1": "В Саваттхи.",
 "sn12.21:1.2": "“Монахи, обладая десятью силами и четырьмя опорами уверенности в себе, Татхагата занимает место быка-вожака стада, рычит львиным рыком на собраниях и приводит в движение колесо Брахмы:",
 "sn12.21:1.3": "“Такова форма, таково её происхождение, таково её исчезновение.",
 "sn12.21:1.4": "Таково чувство…",
 "sn12.21:1.5": "восприятие…",
 "sn12.21:1.6": "формации [ума]…",
 "sn12.21:1.7": "сознание, таково его происхождение, таково его исчезновение.",
 "sn12.21:1.8": "Таким образом, когда это существует – возникает и то. С возникновением этого, возникает то.",
 "sn12.21:1.9": "Когда этого не существует, то не возникает и того. С прекращением этого, прекращается то.",
 "sn12.21:1.10": "То есть, с невежеством как условием, волевые формирователи [возникают]…",
 "sn12.21:1.11": "",
 "sn12.21:1.12": "…Таково происхождение всей этой груды боли.",
 "sn12.21:1.13": "Но с безостаточным угасанием и прекращением невежества происходит прекращение волевых формирователей…",
 "sn12.21:1.14": "",
 "sn12.21:1.15": "…Таково прекращение всей этой груды боли”.",
 "sn12.21:1.16": "Первая."
}