{
 "sn12.37:0.1": "Связанные Наставления 12.37",
 "sn12.37:0.2": "Глава Каларакхаттия",
 "sn12.37:0.3": "Сутта Не ваше",
 "sn12.37:1.1": "В Саваттхи.",
 "sn12.37:1.2": "“Монахи, это тело не ваше, но и не принадлежит другим.",
 "sn12.37:1.3": "Это старая камма, которую следует видеть как порождённую и созданную намерением, как нечто, что ощущалось бы.",
 "sn12.37:2.1": "Поэтому, монахи, обученный ученик Благородных тщательно и пристально уделяет внимание самому зависимому возникновению так:",
 "sn12.37:2.2": "“Когда есть это, появляется и то. С возникновением этого, возникает то.",
 "sn12.37:2.3": "Когда этого нет, не появляется и то. С прекращением этого, прекращается и то.",
 "sn12.37:2.4": "То есть, С невежеством как условием, волевые формирователи [возникают].",
 "sn12.37:2.5": "С волевыми формирователями как условием, сознание [возникает]…",
 "sn12.37:2.6": "Таково происхождение всей этой груды боли.",
 "sn12.37:2.7": "Но с безостаточным угасанием и прекращением невежества происходит прекращение волевых формирователей.",
 "sn12.37:2.8": "С прекращением волевых формирователей [происходит] прекращение сознания…",
 "sn12.37:2.9": "Таково прекращение всей этой груды боли”.",
 "sn12.37:2.10": "Седьмая."
}