{
 "sn12.49:0.1": "Связанные Наставления 12.49",
 "sn12.49:0.2": "Глава Гахапати",
 "sn12.49:0.3": "Сутта Последователь Благородного Первая",
 "sn12.49:1.1": "В Саваттхи.",
 "sn12.49:1.2": "“Монахи, обученный последователь Благородного не думает:",
 "sn12.49:1.3": "Что—",
 "sn12.49:1.4": "“Что существует, так чтобы это возникло? C возникновением чего это возникает?",
 "sn12.49:1.5": "Что существует, так чтобы отождествления… внимание… имя-и-форма возникла? Что существует, так чтобы шесть сфер чувств… контакт… чувство… жажда… цепляние… существование… рождение… старение-и-смерть возникло?”",
 "sn12.49:2.1": "Но, монахи, обученный последователь Благородного обладает знанием об этом, которое независимо от [мнений] других:",
 "sn12.49:2.2": "“Когда есть это, возникает и то. С возникновением этого, появляется и то.",
 "sn12.49:2.3": "Когда есть неведение - есть отождествления.",
 "sn12.49:2.4": "Когда есть отождествления - есть внимание.",
 "sn12.49:2.5": "Когда есть сознание, имя-и-форма возникает. Когда есть имя-и-форма…",
 "sn12.49:2.6": "шесть сфер чувств…",
 "sn12.49:2.7": "контакт…",
 "sn12.49:2.8": "чувство…",
 "sn12.49:2.9": "жажда…",
 "sn12.49:2.10": "цепляние…",
 "sn12.49:2.11": "существование…",
 "sn12.49:2.12": "Когда есть рождение, старение-и-смерть возникает”.",
 "sn12.49:2.13": "Когда есть рождение - есть старение-умирание.",
 "sn12.49:2.14": "Он понимает так:",
 "sn12.49:2.15": "“Вот каким образом возникает мир”.",
 "sn12.49:3.1": "Монахи, обученный последователь Благородного не думает:",
 "sn12.49:3.2": "Что—",
 "sn12.49:3.3": "“Чего не существует, так что это не возникает? C прекращением чего это прекращается?",
 "sn12.49:3.4": "Чего не существует, так чтобы отождествления… внимание…имя-и-форма не возникала? Чего не существует, так чтобы шесть сфер чувств… контакт… чувство… жажда… цепляние… существование… рождение… старение-и-смерть не возникало?”",
 "sn12.49:4.1": "Но, монахи, обученный последователь Благородного обладает знанием об этом, которое независимо от [мнений] других:",
 "sn12.49:4.2": "“Когда нет этого, нет и того. С прекращением этого, прекращается и то.",
 "sn12.49:4.3": "Когда нет неведения - нет отождествлений.",
 "sn12.49:4.4": "Когда нет отождествлений - нет внимания.",
 "sn12.49:4.5": "Когда нет сознания, имя-и-форма не возникает. Когда нет имени-и-формы…",
 "sn12.49:4.6": "шести сфер чувств…",
 "sn12.49:4.7": "существования…",
 "sn12.49:4.8": "нет рождения.",
 "sn12.49:4.9": "Когда нет рождения, старение-и-смерть не возникает”.",
 "sn12.49:4.10": "Он понимает так:",
 "sn12.49:4.11": "“Вот каким образом мир прекращается”.",
 "sn12.49:5.1": "Монахи, когда последователь Благородного таким образом понимает в соответствии с действительностью происхождение и исчезновение мира – то тогда он зовётся последователем Благородного, который наделён взглядом, наделён видением, который пришёл к этой истинной Дхамме, который видит эту истинную Дхамму, который обладает знанием ученика, истинным знанием ученика, который вступил в поток Дхаммы – Благородный с проницательной мудростью, тот,",
 "sn12.49:5.2": "кто стоит прямо возле дверей к Бессмертному”.",
 "sn12.49:5.3": "Девятая."
}