{
 "sn12.51:0.1": "Связанные Наставления 12.51",
 "sn12.51:0.2": "Глава Дуккха",
 "sn12.51:0.3": "Сутта Тщательное исследование",
 "sn12.51:1.1": "Так я слышал.",
 "sn12.51:1.2": "Однажды Благословенный пребывал в Саваттхи в роще Джеты в монастыре Анатхапиндики.",
 "sn12.51:1.3": "Там Благословенный обратился к монахам так:",
 "sn12.51:1.4": "“Монахи!”",
 "sn12.51:1.5": "“Достопочтенный!” – отвечали те монахи.",
 "sn12.51:1.6": "Благословенный сказал:",
 "sn12.51:2.1": "“Монахи, когда монах осуществляет тщательное исследование, то каким образом он должен тщательно исследовать так, чтобы полностью уничтожить страдание?”",
 "sn12.51:2.2": "“Почтенный, наши учения укоренены в Благословенном, направляемы Благословенным, находят пристанище в Благословенном. Было бы хорошо, если бы Благословенный [сам] прояснил значение этого утверждения. Услышав это из его уст, монахи запомнят это”.",
 "sn12.51:2.3": "“Тогда слушайте внимательно, монахи. Я буду говорить”.",
 "sn12.51:2.4": "“Да, почтенный” – ответили монахи.",
 "sn12.51:2.5": "Благословенный сказал:",
 "sn12.51:3.1": "“Монахи, когда он осуществляет тщательное исследование, монах тщательно исследует так:",
 "sn12.51:3.2": "“Различные виды боли возникают в мире, [возглавляемые] старением-и-смертью:",
 "sn12.51:3.3": "в чём же источник этой боли, в чём его происхождение, откуда она родилась и произвелась?",
 "sn12.51:3.4": "Что наличествует, так чтобы старение-и-смерть возникло? Когда чего не наличествует, что старения-и-смерти не возникает?”",
 "sn12.51:3.5": "По мере того как он тщательно исследует [это], он понимает так:",
 "sn12.51:3.6": "“Различные виды боли возникают в мире [возглавляемые] старением-и-смертью: эта боль имеет рождение своим источником, рождение своим происхождением, они родились и произвелись из рождения.",
 "sn12.51:3.7": "Когда есть рождение, старение-и-смерть возникает. Когда нет рождения, старения-и-смерти не возникает”.",
 "sn12.51:4.1": "Он понимает старение-и-смерть, его происхождение, его прекращение, и [то, что] путь, ведущий к этому, соответствует его прекращению. Он практикует таким образом и ведёт себя соответствующе.",
 "sn12.51:4.2": "Такой [монах] зовётся монахом, который практикует ради абсолютно полного прекращения боли, ради прекращения старения-и-смерти.",
 "sn12.51:5.1": "Затем, исследуя далее, он тщательно исследует так:",
 "sn12.51:5.2": "“Каков источник этого рождения?…",
 "sn12.51:5.3": "",
 "sn12.51:5.4": "",
 "sn12.51:5.5": "",
 "sn12.51:6.1": "",
 "sn12.51:6.2": "",
 "sn12.51:7.1": "",
 "sn12.51:7.2": "Каков источник этого существования?…",
 "sn12.51:7.3": "Каков источник этого цепляния?…",
 "sn12.51:7.4": "Каков источник этой жажды?…",
 "sn12.51:7.5": "Каков источник этого чувства?…",
 "sn12.51:7.6": "Каков источник этого контакта?…",
 "sn12.51:7.7": "Каков источник этих шести сфер чувств?…",
 "sn12.51:7.8": "Каков источник этой имени-и-формы?…",
 "sn12.51:7.9": "Каков источник этого сознания?…",
 "sn12.51:7.10": "Каков источник этих волевых формирователей, каково их происхождение, откуда они родились и произвелись?",
 "sn12.51:7.11": "Что наличествует, так чтобы волевые формирователи возникли? Когда чего не наличествует, так что волевых формирователей не возникает?”",
 "sn12.51:7.12": "По мере того как он тщательно исследует [это], он понимает так:",
 "sn12.51:7.13": "“Волевые формирователи имеют невежество своим источником, невежество своим происхождением, они родились и произвелись из невежества.",
 "sn12.51:7.14": "Когда есть невежество, волевые формирователи возникают. Когда нет невежества, волевых формирователей не возникает”.",
 "sn12.51:8.1": "Он понимает волевые формирователи, их происхождение, их прекращение и [то, что] путь, ведущий к этому, соответствует их прекращению. Он практикует таким образом и ведёт себя соответствующе.",
 "sn12.51:8.2": "Такой [монах] зовётся монахом, который практикует ради абсолютно полного прекращения боли, ради прекращения волевых формирователей.",
 "sn12.51:9.1": "Монахи, если погружённый в невежество, порождает благотворный волевой формирователь, сознание направляется к благому.",
 "sn12.51:9.2": "Если он порождает пагубный волевой формирователь, сознание направляется к пагубному.",
 "sn12.51:9.3": "Если он порождает непоколебимый волевой формирователь, сознание направляется к непоколебимости.",
 "sn12.51:9.4": "Но когда монах отбросил невежество и зародил истинное знание, то тогда, с угасанием невежества и возникновением истинного знания, он не порождает благотворного волевого формирователя или же пагубного волевого формирователя или же непоколебимого волевого формирователя.",
 "sn12.51:9.5": "Так как он не порождает и не формирует волевых формирователей, он ни к чему не цепляется в мире.",
 "sn12.51:9.6": "Не цепляясь, он не становится взволнованным. Будучи невзволнованным, он лично достигает ниббаны.",
 "sn12.51:9.7": "Он понимает: “Рождение уничтожено, святая жизнь прожита, сделано то, что следовало сделать, не будет более возвращения в какое-либо состояние существования”.",
 "sn12.51:10.1": "Если он чувствует приятное чувство, он понимает: “Оно непостоянно”. Он понимает: “За него не стоит цепляться”. Он понимает: “Им не стоит наслаждаться”. Если он чувствует болезненное чувство, он понимает: “Оно непостоянно”. Он понимает:",
 "sn12.51:10.2": "“За него не стоит цепляться”. Он понимает: “Им не стоит наслаждаться”.",
 "sn12.51:10.3": "Если он чувствует ни-приятное-ни-болезненное чувство, он понимает: “Оно непостоянно”. Он понимает: “За него не стоит цепляться”. Он понимает: “Им не стоит наслаждаться”.",
 "sn12.51:10.4": "Если он чувствует приятное чувство, он чувствует его [будучи] отсоединённым [от него].",
 "sn12.51:10.5": "Если он чувствует болезненное чувство, он чувствует его [будучи] отсоединённым [от него].",
 "sn12.51:10.6": "Если он чувствует ни-приятное-ни-болезненное чувство, он чувствует его [будучи] отсоединённым [от него].",
 "sn12.51:11.1": "Когда он чувствует чувство, прекращающееся вместе с телом, он понимает: “Я чувствую чувство, прекращающееся вместе с телом”.",
 "sn12.51:11.2": "Когда он чувствует чувство, прекращающееся вместе с жизнью, он понимает: “Я чувствую чувство, прекращающееся вместе с жизнью”. Он понимает: “После распада тела, после истощения жизни, всё, что чувствуется, при отсутствии наслаждения в этом, прямо здесь и угаснет. Одни лишь телесные останки останутся”.",
 "sn12.51:12.1": "Представьте, монахи, как если бы человек вынул бы горячий [глиняный] горшок из гончарской печи для обжига и поставил бы его на ровную [поверхность] земли:",
 "sn12.51:12.2": "его тепло тут же бы иссякло, и одни глиняные черепки бы остались.",
 "sn12.51:12.3": "Точно также, когда он чувствует чувство, прекращающееся вместе с телом… прекращающееся вместе с жизнью… он понимает:",
 "sn12.51:12.4": "“После распада тела, после истощения жизни, всё, что чувствуется, при отсутствии наслаждения в этом, прямо здесь и угаснет. Одни лишь телесные останки останутся”.",
 "sn12.51:13.1": "Как вы думаете, монахи,",
 "sn12.51:13.2": "может ли монах, чьи пятна [загрязнений ума] уничтожены, породить благотворный волевой формирователь или же пагубный волевой формирователь или же непоколебимый волевой формирователь?”",
 "sn12.51:13.3": "“Нет, почтенный”.",
 "sn12.51:14.1": "“Когда нет абсолютно никаких волевых формирователей, с прекращением волевых формирователей можно ли распознать сознание?”",
 "sn12.51:14.2": "“Нет, почтенный”.",
 "sn12.51:15.1": "“Когда нет абсолютно никакого сознания, с прекращением сознания можно ли распознать имя-и-форму?”",
 "sn12.51:15.2": "“Нет, почтенный”.",
 "sn12.51:16.1": "“Когда нет абсолютно никакой имени-и-формы…",
 "sn12.51:16.2": "“Нет, почтенный”.",
 "sn12.51:17.1": "“Когда нет абсолютно никаких шести сфер чувств…",
 "sn12.51:17.2": "“Нет, почтенный”.",
 "sn12.51:18.1": "“Когда нет абсолютно никакого контакта…",
 "sn12.51:18.2": "“Нет, почтенный”.",
 "sn12.51:19.1": "“Когда нет абсолютно никакого чувства…",
 "sn12.51:19.2": "“Нет, почтенный”.",
 "sn12.51:20.1": "“Когда нет абсолютно никакой жажды…",
 "sn12.51:20.2": "“Нет, почтенный”.",
 "sn12.51:21.1": "“Когда нет абсолютно никакого цепляния…",
 "sn12.51:21.2": "“Нет, почтенный”.",
 "sn12.51:22.1": "“Когда нет абсолютно никакого существования…",
 "sn12.51:22.2": "“Нет, почтенный”.",
 "sn12.51:23.1": "“Когда нет абсолютно никакого рождения, с прекращением рождения можно ли распознать старение-и-смерть?”",
 "sn12.51:23.2": "“Нет, почтенный”.",
 "sn12.51:24.1": "“Хорошо, хорошо, монахи! Всё именно так и не иначе!",
 "sn12.51:24.2": "Укрепите доверие ко мне в отношении этого, монахи, настройтесь на это. Станьте свободными от замешательства и сомнений в отношении этого.",
 "sn12.51:24.3": "Именно это и есть окончание боли”.",
 "sn12.51:24.4": "Первая."
}