{
  "sn12.47:0.1": "Связанные Наставления 12.47",
  "sn12.47:0.2": "Глава Гахапати",
  "sn12.47:0.3": "Сутта Джануссони",
  "sn12.47:1.1": "В Саваттхи.",
  "sn12.47:1.2": "И тогда брахман Джануссони подошёл к Благословенному и обменялся с ним вежливыми приветствиями. После обмена вежливыми приветствиями и любезностями он сел рядом и сказал ему:",
  "sn12.47:2.1": "“Так как же, Мастер Готама, всё существует?”",
  "sn12.47:2.2": "“Всё существует” – это, брахман, одна крайность”.",
  "sn12.47:3.1": "“В таком случае, Мастер Готама, всё не существует?”",
  "sn12.47:3.2": "“Всё не существует” – это, брахман, другая крайность.",
  "sn12.47:3.3": "Не склоняясь ни к одной из этих крайностей, Татхагата учит Дхамме срединным способом:",
  "sn12.47:3.4": "“С невежеством как условием, волевые формирователи [возникают]…",
  "sn12.47:3.5": "",
  "sn12.47:3.6": "Таково происхождение всей этой груды боли.",
  "sn12.47:3.7": "Но с безостаточным угасанием и прекращением невежества происходит прекращение волевых формирователей…",
  "sn12.47:3.8": "",
  "sn12.47:3.9": "Таково прекращение всей этой груды боли”.",
  "sn12.47:4.1": "Когда так было сказано, брахман Джануссони обратился к Благословенному:",
  "sn12.47:4.2": "“Великолепно, Мастер Готама! Великолепно, Мастер Готама!",
  "sn12.47:4.3": "принявшего прибежище с этого дня и на всю жизнь”.",
  "sn12.47:4.4": "Седьмая."
}