{
  "sn12.19:0.1": "Связанные Наставления 12.19 ",
  "sn12.19:0.2": "2. Питание ",
  "sn12.19:0.3": "Глупец и мудрец ",
  "sn12.19:1.1": "В Саваттхи. ",
  "sn12.19:1.2": "Благословенный сказал: “Монахи, глупец охвачен невежеством и опутан жаждой, и из-за этого его тело возникло. ",
  "sn12.19:1.3": "Так, есть это тело и внешняя имя-и-форма: такова эта двойка. В зависимости от этой двойки существует контакт. Есть всего лишь шесть сфер чувств, контактируя через которые, или через одну из которых, глупец испытывает удовольствие и боль. ",
  "sn12.19:2.1": "Монахи, мудрец охвачен невежеством и опутан жаждой, и из-за этого его тело возникло. ",
  "sn12.19:2.2": "Так, есть это тело и внешняя имя-и-форма: такова эта двойка. В зависимости от этой двойки существует контакт. Есть всего лишь шесть сфер чувств, контактируя через которые, или через одну из которых, мудрец испытывает удовольствие и боль. ",
  "sn12.19:3.1": "Так в чём же, монахи, разница, в чём несоответствие, в чём отличие между глупцом и мудрецом?” ",
  "sn12.19:3.2": "“Почтенный, наши учения укоренены в Благословенном, направляемы Благословенным, находят пристанище в Благословенном. Было бы хорошо, если бы Благословенный сам прояснил значение этого утверждения. Услышав это из его уст, монахи запомнят это”. ",
  "sn12.19:4.1": "“Тогда слушайте внимательно, монахи. Я буду говорить”. ",
  "sn12.19:4.2": "“Да, почтенный” – ответили монахи. ",
  "sn12.19:4.3": "Благословенный сказал: ",
  "sn12.19:5.1": "“Монахи, глупец охвачен невежеством и опутан жаждой, и из-за этого его тело возникло. У глупца это невежество не было отброшено, и та жажда не была полностью уничтожена. ",
  "sn12.19:5.2": "И почему? ",
  "sn12.19:5.3": "Потому что глупец не жил святой жизнью ради полного уничтожения страданий. ",
  "sn12.19:5.4": "Таким образом, после распада тела, глупец отправляется к другому телу. ",
  "sn12.19:5.5": "Отправляясь к другому телу, он не освобождён от рождения, старения и смерти. Он не освобождён от печали, стенания, боли, недовольства и отчаяния. ",
  "sn12.19:5.6": "Он не освобождён от страданий, я говорю вам. ",
  "sn12.19:6.1": "Монахи, мудрец охвачен невежеством и опутан жаждой, и из-за этого его тело возникло. У мудреца это невежество было отброшено, и та жажда была полностью уничтожена. ",
  "sn12.19:6.2": "И почему? ",
  "sn12.19:6.3": "Потому что мудрец жил святой жизнью ради полного уничтожения страданий. ",
  "sn12.19:6.4": "Таким образом, после распада тела, мудрец не отправляется к другому телу. ",
  "sn12.19:6.5": "Не отправляясь к другому телу, он освобождён от рождения, старения и смерти. Он освобождён от печали, стенания, боли, недовольства и отчаяния. ",
  "sn12.19:6.6": "Он освобождён от страданий, я говорю вам. ",
  "sn12.19:6.7": "В этом, монахи, разница, несоответствие, отличие между глупцом и мудрецом, то есть, житие святой жизнью”. "
}