{
  "sn12.54:0.1": "Связанные Наставления 12.54",
  "sn12.54:0.2": "Глава Дуккха",
  "sn12.54:0.3": "Сутта Путы Первая",
  "sn12.54:1.1": "В Саваттхи.",
  "sn12.54:1.2": "Представьте, монахи, масляную лампу, что горела бы в зависимости от масла и фитиля,",
  "sn12.54:1.3": "и человек подливал бы в неё масло и подгонял фитиль время от времени.",
  "sn12.54:1.4": "Так, будучи поддерживаемой этим маслом, подпитываемой им, эта масляная лампа горела бы в течение долгого времени.",
  "sn12.54:1.5": "Точно также, когда кто-либо пребывает в созерцании наслаждения в вещах, которые могут опутать, жажда возрастает.",
  "sn12.54:1.6": "С жаждой как условием, цепляние [возникает]…",
  "sn12.54:1.7": "Таково происхождение всей этой груды боли.",
  "sn12.54:2.1": "Представьте, монахи, масляную лампу, что горела бы в зависимости от масла и фитиля,",
  "sn12.54:2.2": "и человек не подливал бы в неё масло и не подгонял бы фитиль время от времени.",
  "sn12.54:2.3": "Так, когда прежний запас топлива истощится, эта масляная лампа, не подпитываемая более каким-либо топливом, не имея поддержки, погаснет.",
  "sn12.54:2.4": "Точно также, когда кто-либо пребывает в созерцании опасности в вещах, которые могут опутать, жажда прекращается…",
  "sn12.54:2.5": "",
  "sn12.54:2.6": "боль, недовольство и отчаяние прекращаются. Таково прекращение всей этой груды боли”.",
  "sn12.54:2.7": "Четвёртая."
}