{
  "sn12.2:0.1": "Связанные Наставления 12.2",
  "sn12.2:0.2": "1. Глава Будда",
  "sn12.2:0.3": "Вибханга Сутта",
  "sn12.2:1.1": "В Саватхи располагается.",
  "sn12.2:1.2": "“Зависимую Последовательность вам, монахи, объясню и разберу.",
  "sn12.2:1.3": "Услышьте то, хорошо обдумайте, буду говорить”.",
  "sn12.2:1.4": "“Так, почтенный” те монахи Благословенному ответили.",
  "sn12.2:1.5": "Благословенный это сказал:",
  "sn12.2:2.1": "“И что такое, монахи, зависимая последовательность?",
  "sn12.2:2.2": "Не-различением обусловлены, монахи, составляющие;",
  "sn12.2:2.3": "составляющими обусловлено внимание;",
  "sn12.2:2.4": "вниманием обусловлена имя-материя;",
  "sn12.2:2.5": "именем-материей обусловлена шестеричная-область;",
  "sn12.2:2.6": "шестеричной областью обусловлено касание;",
  "sn12.2:2.7": "касанием обусловлено ведание (чувствование);",
  "sn12.2:2.8": "веданием обусловлено цепляние;",
  "sn12.2:2.9": "цеплянием обусловлено поддерживание;",
  "sn12.2:2.10": "поддерживанием обусловлена вовлеченность;",
  "sn12.2:2.11": "вовлеченностью обусловлено рождение;",
  "sn12.2:2.12": "рождением обусловлено старение-умирание - страдание, плач, боль, стресс, тоска появляются.",
  "sn12.2:2.13": "Так этого полного боли-блока есть скапливание.",
  "sn12.2:3.1": "И что такое, монахи, старение-умирание?",
  "sn12.2:3.2": "Которая таких-то таких-то существ в таком-то таком-то собрании существ старение, старость, разбитость, седина, морщинистость, уменьшение срока жизни, перезревание способностей-сил (индрий),",
  "sn12.2:3.3": "это называется старение.",
  "sn12.2:3.4": "Который таких-то таких-то существ из такого-то такого-то собрании существ падёж (джут), тленность, распад-поломка, крайнее пристанище, смерть, умирание, приход времени, блоков поломка, трупа (кадавра)-оставление (…),",
  "sn12.2:3.5": "это называется умирание.",
  "sn12.2:3.6": "Вот это старость и это умирание.",
  "sn12.2:3.7": "Это называется, монахи, старение-умирание.",
  "sn12.2:4.1": "И что такое, монахи, рождение?",
  "sn12.2:4.2": "Которое таких-то таких-то существ в таком-то таком-то собрании существ рождение (начинание, начатие), зачатие, нисхождение, опускание, блоков появление, областей обретение,",
  "sn12.2:4.3": "Это называется, монахи, рождение.",
  "sn12.2:5.1": "И что такое, монахи, вовлеченность?",
  "sn12.2:5.2": "Это три, монахи, вовлеченности—",
  "sn12.2:5.3": "желание-вовлеченность, материе-вовлеченность, нематерие-вовлеченность.",
  "sn12.2:5.4": "Это называется, монахи, вовлеченность.",
  "sn12.2:6.1": "И что такое, монахи, поддерживание (подпитывание, 'поддавание')?",
  "sn12.2:6.2": "Это четыре, монахи, поддерживания—",
  "sn12.2:6.3": "желания-поддерживание, взглядо-поддерживание, повадко-обето-поддерживание, самости (сущности)-утверждение-поддерживание.",
  "sn12.2:6.4": "Это называется, монахи, поддерживание.",
  "sn12.2:7.1": "И что такое, монахи, цепляние?",
  "sn12.2:7.2": "Это шесть, монахи, цепляний—",
  "sn12.2:7.3": "объекто-цепляние, звуко-цепляние, запахо-цепляние, вкусо-цепляние, касания-цепляние, явления-цепляние.",
  "sn12.2:7.4": "Это называется, монахи, цепляние.",
  "sn12.2:8.1": "И что такое, монахи, чувствование (ведание)?",
  "sn12.2:8.2": "Это шесть, монахи, чувствований —",
  "sn12.2:8.3": "Глаза-затронутостью-рожденное чувствование, ухо-затронутостью-рожденное чувствование, носо-затронутостью-рожденное чувствование, языко-затронутостью-рожденное чувствование, тело-затронутостью-рожденное чувствование, умо-представление-затронутостью-рожденное чувствование.",
  "sn12.2:8.4": "Это называется, монахи, чувствование.",
  "sn12.2:9.1": "И что такое, монахи, касание?",
  "sn12.2:9.2": "Это шесть, монахи, касания-массивов —",
  "sn12.2:9.3": "Глазо-затронутость, уха-затронутость, носа-затронутость, языка-затронутость, тела-затронутость, ума-затронутость.",
  "sn12.2:9.4": "Это называется, монахи, затронутость.",
  "sn12.2:10.1": "И что такое, монахи, шестеричная-область?",
  "sn12.2:10.2": "Глаза-область, уха-область, носа-область, языка-область, тела-область, ума-область—",
  "sn12.2:10.3": "это называется, монахи, шестерично-область.",
  "sn12.2:11.1": "И что такое, монахи, имя-материя?",
  "sn12.2:11.2": "Ведание, сознавание, осмысливание, касание, мыследеятельность (представления-воображения-делание)—",
  "sn12.2:11.3": "это называется имя.",
  "sn12.2:11.4": "И четыре великие стихии, и четырёх великих стихий поддерживающаяся материя-энергия, четырём великим стихиям поддающийся объект.",
  "sn12.2:11.5": "Это называется материя-энергия.",
  "sn12.2:11.6": "Это есть имя и это есть рупа.",
  "sn12.2:11.7": "Это называется, монахи, имя-материя.",
  "sn12.2:12.1": "И что такое, монахи, внимание (распознавание)?",
  "sn12.2:12.2": "Это шесть, монахи, массивов внимания—",
  "sn12.2:12.3": "Глазо-внимание, ухо-внимание, носо-внимание, языко-внимание, тело-внимание, умо-внимание.",
  "sn12.2:12.4": "Это называется, монахи, внимание.",
  "sn12.2:13.1": "И что такое, монахи, составляющие?",
  "sn12.2:13.2": "Эти три, монахи, составляющие—",
  "sn12.2:13.3": "тело-составляющее, рече-составляющее, умо-состояния-составляющее.",
  "sn12.2:13.4": "Это зовутся, монахи, составляющими.",
  "sn12.2:14.1": "И что такое, монахи, неразличение (не-знание)?",
  "sn12.2:14.2": "Которое, монахи, о боли не знание, о боли-скапливании не знание, о боли-устранении не знание, о к боли-устранению-ведущей практики не знание.",
  "sn12.2:14.3": "Это называется, монахи, неразличение.",
  "sn12.2:15.1": "Итак, монахи, неразличением обусловлены составляющие;",
  "sn12.2:15.2": "составляющими обусловлено внимание …",
  "sn12.2:15.3": "так этого полного боли-блока есть скапливание.",
  "sn12.2:15.4": "Но именно от неразличения без-остатка-без-очарованности-устранение - составляющих-устранение;",
  "sn12.2:15.5": "от устранения составляющих внимания-устранение…",
  "sn12.2:15.6": "так этого полного боли-блока есть устранение”.",
  "sn12.2:15.7": "Вторая."
}