{
 "sn12.44:0.1": "Связанные Наставления 12.44",
 "sn12.44:0.2": "Глава Гахапати",
 "sn12.44:0.3": "Сутта Мир",
 "sn12.44:1.1": "В Саваттхи.",
 "sn12.44:1.2": "“Монахи, я научу вас скапливанию и захождению света-мира.",
 "sn12.44:1.3": "Слушайте внимательно, я буду говорить”.",
 "sn12.44:1.4": "“Да, почтенный” – ответили монахи.",
 "sn12.44:1.5": "Благословенный сказал:",
 "sn12.44:2.1": "“И каково, монахи, скапливание мира?",
 "sn12.44:2.2": "В зависимости от глаза и форм возникает сознание глаза. Встреча [этих] трёх – это контакт.",
 "sn12.44:2.3": "С контактом как условием, чувство [возникает].",
 "sn12.44:2.4": "С чувством как условием, жажда [возникает].",
 "sn12.44:2.5": "С жаждой как условием, цепляние [возникает].",
 "sn12.44:2.6": "С цеплянием как условием, существование [возникает].",
 "sn12.44:2.7": "С существованием как условием, рождение [возникает].",
 "sn12.44:2.8": "С рождением как условием, старение-и-смерть, печаль, стенание, боль, недовольство и отчаяние возникают.",
 "sn12.44:2.9": "Таково, монахи, скапливание мира.",
 "sn12.44:3.1": "В зависимости от уха и звуков…",
 "sn12.44:3.2": "В зависимости от носа и запахов…",
 "sn12.44:3.3": "В зависимости от языка и вкусов…",
 "sn12.44:3.4": "В зависимости от тела и тактильных ощущений…",
 "sn12.44:3.5": "В зависимости от ума и явлений возникает сознание ума. Встреча [этих] трёх – это контакт.",
 "sn12.44:3.6": "С контактом как условием, чувство [возникает]…",
 "sn12.44:3.7": "С рождением как условием, старение-и-смерть, печаль, стенание, боль, недовольство и отчаяние возникают.",
 "sn12.44:3.8": "Таково, монахи, скапливание мира.",
 "sn12.44:4.1": "И каково, монахи, захождение мира?",
 "sn12.44:4.2": "В зависимости от глаза и форм возникает сознание глаза. Встреча [этих] трёх – это контакт.",
 "sn12.44:4.3": "С контактом как условием, чувство [возникает].",
 "sn12.44:4.4": "С чувством как условием, жажда [возникает].",
 "sn12.44:4.5": "Но с безостаточным угасанием и прекращением этой самой жажды происходит прекращение цепляния.",
 "sn12.44:4.6": "С прекращением цепляния – прекращение существования…",
 "sn12.44:4.7": "Таково прекращение всей этой груды боли.",
 "sn12.44:4.8": "Это, монахи, является захождением мира.",
 "sn12.44:5.1": "В зависимости от уха и звуков…",
 "sn12.44:5.2": "В зависимости от носа и запахов…",
 "sn12.44:5.3": "В зависимости от языка и вкусов…",
 "sn12.44:5.4": "В зависимости от тела и тактильных ощущений…",
 "sn12.44:5.5": "В зависимости от ума и явлений возникает сознание ума. Встреча [этих] трёх – это контакт.",
 "sn12.44:5.6": "С контактом как условием, чувство [возникает].",
 "sn12.44:5.7": "С чувством как условием, жажда [возникает].",
 "sn12.44:5.8": "Но с безостаточным угасанием и прекращением этой самой жажды происходит прекращение цепляния.",
 "sn12.44:5.9": "С прекращением цепляния – прекращение существования…",
 "sn12.44:5.10": "Таково прекращение всей этой груды боли.",
 "sn12.44:5.11": "Это, монахи, является захождением мира”.",
 "sn12.44:5.12": "Четвёртая."
}