{
 "sn12.59:0.1": "Связанные Наставления 12.59",
 "sn12.59:0.2": "Глава Дуккха",
 "sn12.59:0.3": "Сутта Имя-и-форма",
 "sn12.59:1.1": "В Саваттхи.",
 "sn12.59:1.2": "“Монахи, когда кто-либо пребывает в созерцании наслаждения в вещах, которые могут опутать, то происходит нисхождение имени-и-формы.",
 "sn12.59:1.3": "С именем-и-формой как условием, шесть сфер чувств [возникают]…",
 "sn12.59:1.4": "Таково происхождение всей этой груды боли.",
 "sn12.59:2.1": "Представьте, монахи, большое дерево,",
 "sn12.59:2.2": "и все его уходящие вниз и по бокам корни…",
 "sn12.59:2.3": "Точно также, когда кто-либо пребывает в созерцании наслаждения в вещах, к которым можно прицепиться, то происходит нисхождение имени-и-формы…",
 "sn12.59:3.1": "Монахи, когда кто-либо пребывает в созерцании опасности в вещах, которые могут опутать, то нет нисхождения имени-и-формы.",
 "sn12.59:3.2": "С прекращением имени-и-формы шесть сфер чувств прекращаются.",
 "sn12.59:3.3": "Таково прекращение всей этой груды боли.",
 "sn12.59:4.1": "Представьте, монахи, большое дерево.",
 "sn12.59:4.2": "И мимо проходил бы человек с лопатой и ведром…",
 "sn12.59:4.3": "более не сможет возникнуть в будущем.",
 "sn12.59:4.4": "Точно также, когда кто-либо пребывает в созерцании опасности в вещах, которые могут опутать, то нет нисхождения имени-и-формы…",
 "sn12.59:4.5": "",
 "sn12.59:4.6": "боль, недовольство и отчаяние прекращаются. Таково прекращение всей этой груды боли”.",
 "sn12.59:4.7": "Девятая."
}