{
  "sn12.38:0.1": "Связанные Наставления 12.38",
  "sn12.38:0.2": "Глава Каларакхаттия",
  "sn12.38:0.3": "Сутта Намерение Первая",
  "sn12.38:1.1": "В Саваттхи.",
  "sn12.38:1.2": "“Монахи, [то], что человек намеревается [делать], что он планирует, и к чему у него имеется [скрытая] склонность – это становится основанием для поддержания сознания.",
  "sn12.38:1.3": "Когда есть [это] основание, имеется опора для утверждения сознания.",
  "sn12.38:1.4": "Когда сознание утверждено и начало разрастаться, имеется продуцирование нового существования в будущем.",
  "sn12.38:1.5": "Когда есть продуцирование нового существования в будущем, возникает будущее рождение, старение-и-смерть, печаль, стенание, боль, недовольство и отчаяние.",
  "sn12.38:1.6": "Таково происхождение всей этой груды боли.",
  "sn12.38:2.1": "Если, монахи, человек не намеревается, не планирует, но всё ещё имеет [скрытую] склонность к чему-либо – это становится основанием для поддержания сознания.",
  "sn12.38:2.2": "Когда есть [это] основание, имеется опора для утверждения сознания.",
  "sn12.38:2.3": "Когда сознание утверждено и начало разрастаться, имеется продуцирование нового существования в будущем.",
  "sn12.38:2.4": "Когда есть продуцирование нового существования в будущем, возникает будущее рождение, старение-и-смерть, печаль, стенание, боль, недовольство и отчаяние.",
  "sn12.38:2.5": "Таково происхождение всей этой груды боли.",
  "sn12.38:3.1": "Но, монахи, если человек не намеревается, не планирует, и не имеет склонности к чему-либо, [то] нет основания для поддержания сознания.",
  "sn12.38:3.2": "Когда нет основания, [то] нет опоры для утверждения сознания.",
  "sn12.38:3.3": "Когда сознание не утверждено и не начинает разрастаться, нет продуцирования нового существования в будущем.",
  "sn12.38:3.4": "Когда нет продуцирования нового существования в будущем – будущее рождение, старение-и-смерть, печаль, стенание, боль, недовольство и отчаяние прекращаются.",
  "sn12.38:3.5": "Таково прекращение всей этой груды боли”.",
  "sn12.38:3.6": "Восьмая."
}