{
  "sn12.3:0.1": "Связанные Наставления 12.3",
  "sn12.3:0.2": "Глава Буддха ",
  "sn12.3:0.3": "Сутта Два пути ",
  "sn12.3:1.1": "В Саваттхи… ",
  "sn12.3:1.2": "“Монахи, я научу вас неправильному пути и правильному пути. ",
  "sn12.3:1.3": "Слушайте внимательно, я буду говорить”. ",
  "sn12.3:1.4": "“Да, почтенный” – отвечали те монахи. ",
  "sn12.3:1.5": "Благословенный сказал: ",
  "sn12.3:2.1": "“И каков, монахи, неправильный путь? ",
  "sn12.3:2.2": "С невежеством как условием, волевые формирователи [возникают]. ",
  "sn12.3:2.3": "С волевыми формирователями как условием, сознание [возникает]… ",
  "sn12.3:2.4": "Таково происхождение всей этой груды страданий. ",
  "sn12.3:2.5": "Это, монахи, называется неправильным путём. ",
  "sn12.3:3.1": "И каков, монахи, правильный путь? ",
  "sn12.3:3.2": "С безостаточным угасанием и прекращением невежества происходит прекращение волевых формирователей. ",
  "sn12.3:3.3": "С прекращением волевых формирователей [происходит] прекращение сознания… ",
  "sn12.3:3.4": "Таково прекращение всей этой груды страданий. ",
  "sn12.3:3.5": "Это, монахи, называется правильным путём”. ",
  "sn12.3:3.6": "Третья."
}