{
  "sn12.39:0.1": "Связанные Наставления 12.39",
  "sn12.39:0.2": "Глава Каларакхаттия ",
  "sn12.39:0.3": "Сутта Намерение Вторая ",
  "sn12.39:1.1": "В Саваттхи. ",
  "sn12.39:1.2": "“Монахи, [то], что человек намеревается [делать], что он планирует, и к чему у него имеется [скрытая] склонность – это становится основанием для поддержания сознания. ",
  "sn12.39:1.3": "Когда есть [это] основание, имеется опора для утверждения сознания. ",
  "sn12.39:1.4": "Когда сознание утверждено и начало разрастаться, имеется нисхождение имени-и-формы. ",
  "sn12.39:1.5": "С именем-и-формой как условием, шесть сфер чувств [возникают]. ",
  "sn12.39:1.6": "С шестью сферами чувств как условием, контакт… ",
  "sn12.39:1.7": "чувство… ",
  "sn12.39:1.8": "жажда… ",
  "sn12.39:1.9": "цепляние… ",
  "sn12.39:1.10": "существование… ",
  "sn12.39:1.11": "рождение. ",
  "sn12.39:1.12": "С рождением как условием старение-и-смерть, ",
  "sn12.39:1.13": "печаль, стенание, боль, недовольство и отчаяние возникают. ",
  "sn12.39:1.14": "Таково происхождение всей этой груды боли. ",
  "sn12.39:2.1": "Если, монахи, человек не намеревается, не планирует, но всё ещё имеет [скрытую] склонность к чему-либо – это становится основанием для поддержания сознания. ",
  "sn12.39:2.2": "Когда есть [это] основание, имеется опора для утверждения сознания. ",
  "sn12.39:2.3": "Когда сознание утверждено и начало разрастаться, имеется нисхождение имени-и-формы. ",
  "sn12.39:2.4": "С именем-и-формой как условием, шесть сфер чувств [возникают]… ",
  "sn12.39:2.5": "Таково происхождение всей этой груды боли. ",
  "sn12.39:3.1": "Но, монахи, если человек не намеревается, не планирует, и не имеет склонности к чему-либо, ",
  "sn12.39:3.2": "[то] нет основания для поддержания сознания. ",
  "sn12.39:3.3": "Когда нет основания, [то] нет опоры для утверждения сознания. ",
  "sn12.39:3.4": "Когда сознание не утверждено и не начинает разрастаться, нет нисхождения имени-и-формы. ",
  "sn12.39:3.5": "С прекращением имени-и-формы шесть сфер чувств прекращаются… ",
  "sn12.39:3.6": "Девятая."
}