{
 "sn12.45:0.1": "Связанные Наставления 12.45",
 "sn12.45:0.2": "Глава Гахапати",
 "sn12.45:0.3": "Сутта В Натике",
 "sn12.45:1.1": "Так я слышал.",
 "sn12.45:1.2": "Однажды Благословенный пребывал в Натике в Кирпичной Зале.",
 "sn12.45:1.3": "И тогда, по мере того как Благословенный находился уединённым в затворничестве, он произнёс следующее изложение Дхаммы:",
 "sn12.45:2.1": "“В зависимости от глаза и форм возникает сознание глаза. Встреча [этих] трёх – это контакт.",
 "sn12.45:2.2": "С контактом как условием, чувство [возникает].",
 "sn12.45:2.3": "С чувством как условием, жажда [возникает].",
 "sn12.45:2.4": "С жаждой как условием, цепляние [возникает]…",
 "sn12.45:2.5": "Таково происхождение всей этой груды боли.",
 "sn12.45:3.1": "В зависимости от уха и звуков…",
 "sn12.45:3.2": "В зависимости от носа и запахов…",
 "sn12.45:3.3": "В зависимости от языка и вкусов…",
 "sn12.45:3.4": "В зависимости от тела и тактильных ощущений…",
 "sn12.45:3.5": "В зависимости от ума и ментальных феноменов возникает сознание ума. Встреча [этих] трёх – это контакт.",
 "sn12.45:3.6": "С контактом как условием, чувство [возникает].",
 "sn12.45:3.7": "С чувством как условием, жажда [возникает].",
 "sn12.45:3.8": "С жаждой как условием, цепляние [возникает]…",
 "sn12.45:3.9": "Таково происхождение всей этой груды боли.",
 "sn12.45:4.1": "В зависимости от глаза и форм возникает сознание глаза. Встреча [этих] трёх – это контакт.",
 "sn12.45:4.2": "С контактом как условием, чувство [возникает].",
 "sn12.45:4.3": "С чувством как условием, жажда [возникает].",
 "sn12.45:4.4": "Но с безостаточным угасанием и прекращением этой самой жажды происходит прекращение цепляния.",
 "sn12.45:4.5": "С прекращением цепляния – прекращение существования…",
 "sn12.45:4.6": "Таково прекращение всей этой груды боли.",
 "sn12.45:5.1": "В зависимости от уха и звуков…",
 "sn12.45:5.2": "В зависимости от ума и ментальных феноменов возникает сознание ума. Встреча [этих] трёх – это контакт.",
 "sn12.45:5.3": "С контактом как условием, чувство [возникает].",
 "sn12.45:5.4": "С чувством как условием, жажда [возникает].",
 "sn12.45:5.5": "Но с безостаточным угасанием и прекращением этой самой жажды происходит прекращение цепляния.",
 "sn12.45:5.6": "С прекращением цепляния – прекращение существования…",
 "sn12.45:5.7": "Таково прекращение всей этой груды боли”.",
 "sn12.45:6.1": "И в тот момент один монах стоял и подслушивал [то, что говорит] Благословенный.",
 "sn12.45:6.2": "Благословенный увидел его стоящим там и подслушивающим и",
 "sn12.45:6.3": "сказал ему:",
 "sn12.45:6.4": "“Слышал ли ты это изложение Дхаммы, монах?”",
 "sn12.45:6.5": "“Да, почтенный”.",
 "sn12.45:6.6": "“Ухвати, монах, это изложение Дхаммы;",
 "sn12.45:6.7": "“Освой, монах, это изложение Дхаммы;",
 "sn12.45:6.8": "“Помни-применяй, монах, это изложение Дхаммы.",
 "sn12.45:6.9": "Это изложение Дхаммы является благотворным и значимым в отношении основ святой жизни”.",
 "sn12.45:6.10": "Пятая."
}