{
  "sn12.66:0.1": "Связанные Наставления 2.1.7.6",
  "sn12.66:0.2": "Большая Глава",
  "sn12.66:0.3": "Саммаса Сутта ",
  "sn12.66:1.1": "Так я слышал. ",
  "sn12.66:1.2": "Однажды Благословенный пребывал в стране Куру, где находился город под названием Каммасадамма. ",
  "sn12.66:1.3": "Там Благословенный обратился к монахам так: ",
  "sn12.66:1.4": "“Монахи!”",
  "sn12.66:1.5": "“Достопочтенный!” – ответили те монахи. ",
  "sn12.66:1.6": "Благословенный сказал:",
  "sn12.66:1.7": "“Занимаетесь ли вы внутренним изучением, монахи?”",
  "sn12.66:1.8": "Когда так было сказано, один монах ответил Благословенному: ",
  "sn12.66:1.9": "“Почтенный, я занимаюсь внутренним изучением”.",
  "sn12.66:1.10": "“И каким образом, монах, ты занимаешься внутренним изучением?”",
  "sn12.66:1.11": "Затем монах объяснил, ",
  "sn12.66:1.12": "но то, как он объяснил это, не устроило Благословенного. ",
  "sn12.66:2.1": "Тогда Достопочтенный Ананда сказал: ",
  "sn12.66:2.2": "“Сейчас подходящий момент для этого, Благословенный! Сейчас подходящий момент для этого, Счастливый! ",
  "sn12.66:2.3": "Пусть Благословенный объяснит внутреннее изучение. Услышав это от Благословенного, монахи запомнят это”.",
  "sn12.66:2.4": "“Тогда слушайте внимательно, Ананда, я буду говорить”.",
  "sn12.66:2.5": "“Да, почтенный” – ответили монахи. ",
  "sn12.66:2.6": "Благословенный сказал:",
  "sn12.66:3.1": "“Вот, монахи, занимаясь внутренним изучением, монах изучает так: ",
  "sn12.66:3.2": "“Многочисленные различные виды страдания, которые возникают в мире, [возглавляемы] старением-и-смертью. ",
  "sn12.66:3.3": "В чём источник этого страдания, в чём его происхождение, из чего оно порождается и проистекает? Что наличествует, так что старение-и-смерть возникает? Чего не наличествует, так что старения-и-смерти не возникает?” ",
  "sn12.66:3.4": "По мере того как он изучает, он понимает так: ",
  "sn12.66:3.5": "“Многочисленные различные виды страдания, которые возникают в мире, [возглавляемы] старением-и-смертью. ",
  "sn12.66:3.6": "Это страдание имеет обретение своим источником, обретение своим происхождением, оно порождается и проистекает из обретения. Когда есть обретение, то старение-и-смерть возникает. Когда нет обретения, то старения-и-смерти не возникает.",
  "sn12.66:3.7": "Он понимает старение-и-смерть, его источник, его прекращение, и [то, что] путь, ведущий к этому, соответствует его прекращению. ",
  "sn12.66:3.8": "Он практикует таким образом и ведёт себя соответствующе. ",
  "sn12.66:3.9": "Такой [монах] зовётся монахом, который практикует ради абсолютно полного прекращения страданий, ради прекращения старения-и-смерти.",
  "sn12.66:4.1": "Затем, занимаясь внутренним изучением, он изучает так: ",
  "sn12.66:4.2": "“В чём источник этого обретения, в чём его происхождение, из чего оно порождается и проистекает? Что наличествует, так что обретение возникает? Чего не наличествует, так что обретения не возникает?” ",
  "sn12.66:4.3": "По мере того как он изучает, он понимает так: ",
  "sn12.66:4.4": "“Обретение имеет жажду своим источником, жажду своим происхождением, оно порождается и проистекает из жажды. Когда есть жажда, то обретение возникает. Когда нет жажды, то обретения не возникает”.",
  "sn12.66:4.5": "Он понимает обретение, его источник, его прекращение, и [то, что] путь, ведущий к этому, соответствует его прекращению. ",
  "sn12.66:4.6": "Он практикует таким образом и ведёт себя соответствующе. ",
  "sn12.66:4.7": "Такой [монах] зовётся монахом, который практикует ради абсолютно полного прекращения страданий, ради прекращения обретений.",
  "sn12.66:5.1": "Затем, занимаясь внутренним изучением, он изучает так: ",
  "sn12.66:5.2": "“Когда возникает эта жажда, где она возникает? Когда она утверждается, то на чём она утверждается?” ",
  "sn12.66:5.3": "По мере того как он изучает, он понимает так: ",
  "sn12.66:5.4": "“Что-либо в мире, имеющее приятную и неприятную природу: вот где эта жажда возникает, когда она возникает. Именно здесь она утверждается, когда она утверждается. ",
  "sn12.66:5.5": "И что в мире имеет приятную и неприятную природу? ",
  "sn12.66:5.6": "Глаз имеет приятную и неприятную природу в мире: именно здесь эта жажда возникает, когда она возникает. Именно здесь она утверждается, когда она утверждается. ",
  "sn12.66:5.7": "Точно также ухо…",
  "sn12.66:5.8": "нос…",
  "sn12.66:5.9": "язык…",
  "sn12.66:5.10": "тело…",
  "sn12.66:5.11": "ум имеет приятную и неприятную природу в мире: именно здесь эта жажда возникает, когда она возникает. Именно здесь она утверждается, когда она утверждается”.",
  "sn12.66:6.1": "Монахи, любые жрецы и отшельники в прошлом, которые считали [что-либо] в мире, имеющее приятную и неприятную природу, как постоянное, как счастье, как “я”, как здоровое, как надёжное – ",
  "sn12.66:6.2": "[все] они взращивали жажду. ",
  "sn12.66:6.3": "Взращивая жажду, они взращивали обретение. ",
  "sn12.66:6.4": "Взращивая обретение, они взращивали страдание. ",
  "sn12.66:6.5": "Взращивая страдание, они не были свободны от рождения, старения и смерти. Они не были свободны от печали, стенания, боли, недовольства и отчаяния. Они не были свободны от страданий, я говорю вам.",
  "sn12.66:7.1": "Любые жрецы и отшельники в будущем, которые будут считать [что-либо] в мире, имеющее приятную и неприятную природу, как постоянное, как счастье, как “я”, как здоровое, как надёжное – ",
  "sn12.66:7.2": "[все] они будут взращивать жажду. ",
  "sn12.66:7.3": "Взращивая жажду, они будут взращивать обретение. ",
  "sn12.66:7.4": "Взращивая обретение, они будут взращивать страдание. ",
  "sn12.66:7.5": "Взращивая страдание, они не будут свободны от рождения, старения и смерти. Они не будут свободны от печали, стенания, боли, недовольства и отчаяния. Они не будут свободны от страданий, я говорю вам.",
  "sn12.66:8.1": "Любые жрецы и отшельники в настоящем, которые считают [что-либо] в мире, имеющее приятную и неприятную природу, как постоянное, как счастье, как “я”, как здоровое, как надёжное – ",
  "sn12.66:8.2": "[все] они взращивают жажду. ",
  "sn12.66:8.3": "Взращивая жажду, они взращивают обретение. ",
  "sn12.66:8.4": "Взращивая обретение, они взращивают страдание. ",
  "sn12.66:8.5": "Взращивая страдание, они не свободны от рождения, старения и смерти. Они не свободны от печали, стенания, боли, недовольства и отчаяния. Они не свободны от страданий, я говорю вам.",
  "sn12.66:9.1": "Представьте, монахи, бронзовую чашу с напитком, имеющим утончённый цвет, аромат и вкус, ",
  "sn12.66:9.2": "но смешанным с ядом. ",
  "sn12.66:9.3": "И мимо проходил бы человек, подавленный и страдающий от жары, уставший, обезвоженный, жаждущий пить. ",
  "sn12.66:9.4": "И ему сказали бы: ",
  "sn12.66:9.5": "“Почтенный, этот напиток в бронзовой чаше обладает утончённым цветом, ароматом и вкусом, ",
  "sn12.66:9.6": "но смешан с ядом. ",
  "sn12.66:9.7": "Если хочешь, пей. ",
  "sn12.66:9.8": "Если выпьешь, он доставит тебе удовольствие своим цветом, ароматом и вкусом, но, выпив, ты повстречаешь смерть или смертельные муки”. ",
  "sn12.66:9.9": "И тут же, не обдумав, он выпил бы напиток, не отверг бы его, ",
  "sn12.66:9.10": "и посему повстречал бы смерть или смертельные муки.",
  "sn12.66:9.11": "Точно также, монахи, любые жрецы и отшельники в прошлом… ",
  "sn12.66:9.12": "будущем… ",
  "sn12.66:9.13": "настоящем которые считают [что-либо] в мире, имеющее приятную и неприятную природу, как постоянное, как счастье, как “я”, как здоровое, как надёжное – ",
  "sn12.66:9.14": "[все] они взращивают жажду… ",
  "sn12.66:9.15": "Они не свободны от страданий, я говорю вам.",
  "sn12.66:9.16": "Монахи, любые жрецы и отшельники в прошлом…",
  "sn12.66:10.1": "Монахи, любые жрецы и отшельники в будущем…",
  "sn12.66:10.2": "Монахи, любые жрецы и отшельники в настоящем, которые считают [что-либо] в мире, имеющее приятную и неприятную природу, как непостоянное, страдательное, безличностное, как болезнь, как ужасающее – [все] они отбрасывают жажду. ",
  "sn12.66:10.3": "Отбрасывая жажду, они отбрасывают обретение. ",
  "sn12.66:10.4": "Отбрасывая обретение, они отбрасывают страдание. ",
  "sn12.66:10.5": "Отбрасывая страдание, они свободны от рождения, старения и смерти. Они свободны от печали, стенания, боли, недовольства и отчаяния. Они свободны от страданий, я говорю вам.",
  "sn12.66:11.1": "",
  "sn12.66:11.2": "",
  "sn12.66:11.3": "",
  "sn12.66:11.4": "",
  "sn12.66:12.1": "",
  "sn12.66:12.2": "",
  "sn12.66:12.3": "",
  "sn12.66:12.4": "",
  "sn12.66:12.5": "",
  "sn12.66:13.1": "Представьте, монахи, бронзовую чашу с напитком, имеющим утончённый цвет, аромат и вкус, ",
  "sn12.66:13.2": "но смешанным с ядом. ",
  "sn12.66:13.3": "И мимо проходил бы человек, подавленный и страдающий от жары, уставший, обезвоженный, жаждущий пить. ",
  "sn12.66:13.4": "И ему сказали бы: ",
  "sn12.66:13.5": "“Почтенный, этот напиток в бронзовой чаше обладает утончённым цветом, ароматом и вкусом, ",
  "sn12.66:13.6": "но смешан с ядом. ",
  "sn12.66:13.7": "Если хочешь, пей. ",
  "sn12.66:13.8": "Если выпьешь, он доставит тебе удовольствие своим цветом, ароматом и вкусом, но, выпив, ты повстречаешь смерть или смертельные муки”. ",
  "sn12.66:13.9": "И тот человек подумал бы: ",
  "sn12.66:13.10": "“Я могу утолить свою жажду водой, сывороткой, кашей или супом, но мне не стоить пить этот напиток, поскольку, если я сделаю так, это приведёт меня к вреду и страданию в течение долгого времени”. ",
  "sn12.66:13.11": "Обдумав, он бы не выпил напиток, но отверг бы его, ",
  "sn12.66:13.12": "и посему не повстречал бы смерть или смертельные муки.",
  "sn12.66:13.13": "Точно также, монахи, любые жрецы и отшельники в прошлом… ",
  "sn12.66:13.14": "",
  "sn12.66:13.15": "",
  "sn12.66:13.16": "",
  "sn12.66:13.17": "",
  "sn12.66:14.1": "будущем… ",
  "sn12.66:14.2": "настоящем которые считают [что-либо] в мире, имеющее приятную и неприятную природу, как непостоянное, страдательное, безличностное, как болезнь, как ужасающее – ",
  "sn12.66:14.3": "[все] они отбрасывают жажду… ",
  "sn12.66:14.4": "",
  "sn12.66:14.5": "",
  "sn12.66:14.6": "Они свободны от страданий, я говорю вам”.",
  "sn12.66:14.7": "Шестая."
}