{
  "sn12.16:0.1": "Связанные Наставления 12.16",
  "sn12.16:0.2": "Глава Ахара",
  "sn12.16:0.3": "Сутта Проповедник Дхаммы",
  "sn12.16:1.1": "В Саваттхи.",
  "sn12.16:1.2": "И тогда один монах подошёл к Благословенному, поклонился ему, сел рядом и сказал:",
  "sn12.16:1.3": "“Почтенный, “проповедник Дхаммы, проповедник Дхаммы” –",
  "sn12.16:1.4": "так говорят. Кто такой, почтенный, проповедник Дхаммы?”",
  "sn12.16:2.1": "“Монах, если кто-либо учит Дхамме ради разочарования [по отношению к] старению-и-смерти, ради угасания и прекращения этого, то его можно назвать монахом, который является проповедником Дхаммы.",
  "sn12.16:2.2": "Если кто-либо практикует ради разочарования [по отношению к] старению-и-смерти, ради угасания и прекращения этого, то его можно назвать монахом, который практикует в соответствии с Дхаммой.",
  "sn12.16:2.3": "Если, посредством разочарования [по отношению к] старению-и-смерти, посредством угасания и прекращения этого, он освобождается из-за отсутствия цепляния, то его можно назвать монахом, который достиг ниббаны в этой самой жизни.",
  "sn12.16:3.1": "Монах, если кто-либо учит Дхамме ради разочарования [по отношению к] рождению…",
  "sn12.16:3.2": "Монах, если кто-либо учит Дхамме ради разочарования [по отношению к] существованию…",
  "sn12.16:3.3": "Монах, если кто-либо учит Дхамме ради разочарования [по отношению к] цеплянию…",
  "sn12.16:3.4": "Монах, если кто-либо учит Дхамме ради разочарования [по отношению к] жажде…",
  "sn12.16:3.5": "Монах, если кто-либо учит Дхамме ради разочарования [по отношению к] чувству…",
  "sn12.16:3.6": "Монах, если кто-либо учит Дхамме ради разочарования [по отношению к] контакту…",
  "sn12.16:3.7": "Монах, если кто-либо учит Дхамме ради разочарования [по отношению к] шести сферам чувств…",
  "sn12.16:3.8": "Монах, если кто-либо учит Дхамме ради разочарования [по отношению к] имени-и-форме…",
  "sn12.16:3.9": "Монах, если кто-либо учит Дхамме ради разочарования [по отношению к] сознанию…",
  "sn12.16:3.10": "Монах, если кто-либо учит Дхамме ради разочарования [по отношению к] формирователям…",
  "sn12.16:3.11": "Монах, если кто-либо учит Дхамме ради разочарования [по отношению к] невежеству, ради его угасания и прекращения, то его можно назвать монахом, который является проповедником Дхаммы.",
  "sn12.16:3.12": "Если кто-либо практикует ради разочарования [по отношению к] невежеству, ради его угасания и прекращения, то его можно назвать монахом, который практикует в соответствии с Дхаммой.",
  "sn12.16:3.13": "Если, посредством разочарования [по отношению к] невежеству, посредством его угасания и прекращения, он освобождается из-за отсутствия цепляния, то его можно назвать монахом, который достиг ниббаны в этой самой жизни”.",
  "sn12.16:3.14": "Шестая."
}