{
 "sn12.48:0.1": "Связанные Наставления 12.48",
 "sn12.48:0.2": "Глава Гахапати",
 "sn12.48:0.3": "Сутта Космолог",
 "sn12.48:1.1": "В Саваттхи.",
 "sn12.48:1.2": "И тогда брахман-космолог подошёл к Благословенному…",
 "sn12.48:1.3": "После обмена вежливыми приветствиями и любезностями он сел рядом и сказал ему:",
 "sn12.48:2.1": "“Так как же, Мастер Готама, всё существует?”",
 "sn12.48:2.2": "“Всё существует” – это, брахман, старейшая космология”.",
 "sn12.48:3.1": "“В таком случае, Мастер Готама, всё не существует?”",
 "sn12.48:3.2": "“Всё не существует” – это, брахман, вторая космология”.",
 "sn12.48:4.1": "“Так как же, Мастер Готама, всё является единым?”",
 "sn12.48:4.2": "“Всё является единым” – это, брахман, третья космология”.",
 "sn12.48:5.1": "“В таком случае, Мастер Готама, всё является множественностью?”",
 "sn12.48:5.2": "“Всё является множественностью” – это, брахман, четвёртая космология”.",
 "sn12.48:6.1": "Не склоняясь ни к одной из этих крайностей, Татхагата учит Дхамме срединным способом:",
 "sn12.48:6.2": "“С невежеством как условием, волевые формирователи [возникают]…",
 "sn12.48:6.3": "",
 "sn12.48:6.4": "Таково происхождение всей этой груды боли.",
 "sn12.48:6.5": "Но с безостаточным угасанием и прекращением невежества происходит прекращение волевых формирователей…",
 "sn12.48:6.6": "",
 "sn12.48:6.7": "Таково прекращение всей этой груды боли”.",
 "sn12.48:7.1": "Когда так было сказано, тот брахман обратился к Благословенному:",
 "sn12.48:7.2": "“Великолепно, Мастер Готама! Великолепно, Мастер Готама!",
 "sn12.48:7.3": "принявшего прибежище с этого дня и на всю жизнь”.",
 "sn12.48:7.4": "Восьмая."
}