{
 "sn12.30:0.1": "Связанные Наставления 12.30",
 "sn12.30:0.2": "Глава Дасабала",
 "sn12.30:0.3": "Сутта Шаманы-Брахманы Вторая",
 "sn12.30:1.1": "В Саваттхи.",
 "sn12.30:1.2": "Там…",
 "sn12.30:1.3": "“Монахи, что касается тех жрецов и отшельников, которые не понимают старения-и-смерти, его происхождения, его исчезновения, и пути, ведущего к его исчезновению – не может быть такого, чтобы они пребывали, преодолев старение-и-смерть.",
 "sn12.30:1.4": "Что касается тех жрецов и отшельников, которые не понимают рождения…",
 "sn12.30:1.5": "существования…",
 "sn12.30:1.6": "цепляния…",
 "sn12.30:1.7": "жажды…",
 "sn12.30:1.8": "чувства…",
 "sn12.30:1.9": "контакта…",
 "sn12.30:1.10": "шести сфер чувств…",
 "sn12.30:1.11": "имени-и-формы…",
 "sn12.30:1.12": "сознания…",
 "sn12.30:1.13": "волевых формирователей, их происхождения, их исчезновения, и пути, ведущего к их исчезновению – не может быть такого, чтобы они пребывали, преодолев волевые формирователи.",
 "sn12.30:2.1": "Но, монахи, что касается тех жрецов и отшельников, которые понимают старение-и-смерть, его происхождение, его исчезновение, и путь, ведущий к его исчезновению…",
 "sn12.30:2.2": "",
 "sn12.30:2.3": "",
 "sn12.30:2.4": "",
 "sn12.30:2.5": "",
 "sn12.30:2.6": "",
 "sn12.30:2.7": "",
 "sn12.30:2.8": "",
 "sn12.30:2.9": "",
 "sn12.30:2.10": "",
 "sn12.30:2.11": "…волевые формирователи, их происхождение, их исчезновение, и путь, ведущий к их прекращению –",
 "sn12.30:2.12": "может быть так, что они будут пребывать, преодолев волевые формирователи”.",
 "sn12.30:2.13": "Десятая.",
 "sn12.30:2.14": "Глава Дасабала Третья.",
 "sn12.30:3.0": "Оглавление",
 "sn12.30:3.1": "",
 "sn12.30:3.2": "",
 "sn12.30:3.3": "",
 "sn12.30:3.4": ""
}