{
 "sn12.41:0.1": "Связанные Наставления 12.41",
 "sn12.41:0.2": "Глава Гахапати",
 "sn12.41:0.3": "Сутта Пять ужасающих враждебностей Первая",
 "sn12.41:1.1": "В Саваттхи.",
 "sn12.41:1.2": "И тогда домохозяин Анатхапиндика подошёл к Благословенному, поклонился ему и сел рядом. Благословенный сказал ему:",
 "sn12.41:2.1": "“Когда в ученике Благородных успокоены пять ужасающих враждебностей, когда он обладает четырьмя факторами вступления в поток, когда он чётко увидел и тщательно проник мудростью в благородный метод – то тогда, если он хочет, он может заявить о себе:",
 "sn12.41:2.2": "“Я тот, кто покончил с адом, покончил с миром животных, покончил с обителью страдающих духов, покончил с состояниями лишений, с плохими уделами, с нижними мирами. Я – вступивший в поток, не прикованный более к нижним мирам, непреклонный в своей участи, устремлённый к просветлению”.",
 "sn12.41:3.1": "И каковы эти пять ужасающих враждебностей, что успокоены [в нём]?",
 "sn12.41:3.2": "Домохозяин, тот, кто уничтожает жизнь, этим своим поведением вызывает ужасающую враждебность, имеющую отношение к нынешней жизни, и ужасающую враждебность, имеющую отношение к будущей жизни, и он испытывает умственную боль и недовольство. Поэтому у того, кто воздерживается от уничтожения жизни, эта ужасающая враждебность успокоена.",
 "sn12.41:4.1": "Тот, кто берёт то, что [ему] не было дано…",
 "sn12.41:5.1": "Тот, кто пускается в неблагое сексуальное поведение…",
 "sn12.41:6.1": "Тот, кто говорит ложь…",
 "sn12.41:7.1": "Тот, кто потакает распитию вина, спиртного, опьяняющих напитков [или веществ], что создают основание для беспечности, этим своим поведением вызывает ужасающую враждебность, имеющую отношение к нынешней жизни, и ужасающую враждебность, имеющую отношение к будущей жизни, и он испытывает умственную боль и недовольство. Поэтому у того, кто воздерживается от распития вина, спиртного, опьяняющих напитков [или веществ], что создают основание для беспечности, эта ужасающая враждебность успокоена.",
 "sn12.41:7.2": "Таковы пять ужасающих враждебностей, что успокоены [в нём].",
 "sn12.41:8.1": "И каковы четыре фактора вступления в поток, которыми он обладает?",
 "sn12.41:8.2": "Вот ученик Благородных наделён подтверждённой верой в Будду:",
 "sn12.41:8.3": "“В самом деле Благословенный – достойный, всецело просветлённый, совершенный в истинном знании и поведении, достигший блага, знаток мира, непревзойдённый учитель тех, кто готов обучаться, учитель богов и людей, пробуждённый, благословенный”.",
 "sn12.41:9.1": "Он наделён подтверждённой верой в Дхамму:",
 "sn12.41:9.2": "“Дхамма превосходно разъяснена Благословенным, напрямую видимая [здесь и сейчас], не зависящая от времени, приглашающая пойти и увидеть, ведущая к цели, познаваемая мудрыми самостоятельно”.",
 "sn12.41:10.1": "Он наделён подтверждённой верой в Сангху:",
 "sn12.41:10.2": "“Сангха учеников Благословенного, идущих по хорошему пути, идущих по прямому пути, идущих по верному пути, идущих по совершенному пути, другими словами, четыре пары или восемь типов личностей – это Сангха учеников Благословенного: достойная даров, достойная гостеприимства, достойная подношений, достойная уважения, непревзойдённое поле заслуг для мира”.",
 "sn12.41:11.1": "Он наделён добродетелями, которые дороги благородным: прочными, цельными, незапятнанными, освобождающими, восхваляемыми мудрецами, яркими, ведущими к сосредоточению.",
 "sn12.41:11.2": "Таковы четыре фактора вступления в поток, которыми он обладает.",
 "sn12.41:12.1": "И каков благородный метод, который он чётко увидел и [в который] тщательно проник мудростью?",
 "sn12.41:12.2": "Вот, домохозяин, ученик Благородных тщательно и пристально уделяет внимание самому зависимому возникновению так:",
 "sn12.41:12.3": "“Когда есть это, появляется и то. Когда этого нет, не появляется и то.",
 "sn12.41:12.4": "С возникновением этого, возникает то. С прекращением этого, прекращается и то. То есть:",
 "sn12.41:12.5": "С невежеством как условием, волевые формирователи [возникают].",
 "sn12.41:12.6": "С волевыми формирователями как условием, сознание [возникает]…",
 "sn12.41:12.7": "Таково происхождение всей этой груды боли.",
 "sn12.41:12.8": "прекращением невежества происходит прекращение волевых формирователей.",
 "sn12.41:12.9": "С прекращением волевых формирователей [происходит] прекращение сознания…",
 "sn12.41:12.10": "Таково прекращение всей этой груды боли”. ",
 "sn12.41:12.11": "Таков благородный метод, который он чётко увидел и [в который] тщательно проник мудростью.",
 "sn12.41:13.1": "Когда, домохозяин, в ученике Благородных успокоены пять ужасающих враждебностей, когда он обладает четырьмя факторами вступления в поток, когда он чётко увидел и тщательно проник мудростью в благородный метод – то тогда, если он хочет, он может заявить о себе:",
 "sn12.41:13.2": "“Я тот, кто покончил с адом, покончил с миром животных, покончил с обителью страдающих духов, покончил с состояниями лишений, с плохими уделами, с нижними мирами. Я – вступивший в поток, не прикованный более к нижним мирам, непреклонный в своей участи, устремлённый к просветлению”.",
 "sn12.41:13.3": "Первая."
}