{
  "sn1.1:0.1": "Связанные Наставления 1.1 ",
  "sn1.1:0.2": "1. Тростник ",
  "sn1.1:0.3": "Пересечение наводнения ",
  "sn1.1:1.1": "Так я слышал. ",
  "sn1.1:1.2": "Однажды Благословенный проживал в Саваттхи, в роще Джеты, в парке Анатхапиндики. ",
  "sn1.1:1.3": "И тогда, глубокой ночью, некое божество прекрасной наружности, освещая всю рощу Джеты, подошло к Благословенному. Подойдя, оно поклонилось Благословенному, встало рядом и сказало ему: ",
  "sn1.1:1.4": "“Как вы, почтенный, пересекли наводнение?” ",
  "sn1.1:1.5": "“Не останавливаясь, друг, но и не напрягаясь, я пересёк наводнение”. ",
  "sn1.1:1.6": "“Но как же, почтенный, не останавливаясь и не напрягаясь, вы пересекли наводнение?”. ",
  "sn1.1:1.7": "“Когда я останавливался, друг, я тонул. ",
  "sn1.1:1.8": "А когда я боролся, меня сносило. ",
  "sn1.1:1.9": "Вот так, друг, не останавливаясь, но и не напрягаясь, я пересёк наводнение”. ",
  "sn1.1:2.1": "“Долго искал, и наконец я вижу ",
  "sn1.1:2.2": "Брахмана, что угас всецело. ",
  "sn1.1:2.3": "Не останавливаясь и не напрягаясь, ",
  "sn1.1:2.4": "К миру привязанность он пересёк”. ",
  "sn1.1:3.1": "Вот что сказало то божество. ",
  "sn1.1:3.2": "Учитель одобрил. ",
  "sn1.1:3.4": "И тогда то божество, подумав: “Почтенный одобрил”, поклонилось Благословенному и, обойдя его с правой стороны, прямо там и исчезло. "
}