{
  "sn1.49:0.1": "Связанные Наставления 1.49 ",
  "sn1.49:0.2": "5. В огне ",
  "sn1.49:0.3": "Скупой ",
  "sn1.49:1.1": "“Тот, в этом мире кто скупой, —",
  "sn1.49:1.2": "Скаредный люд, кто осыпает других бранью, ",
  "sn1.49:1.3": "Те, кто помехи создаёт ",
  "sn1.49:1.4": "Для тех, даёт кто подаяния: ",
  "sn1.49:2.1": "Какой же плод они пожнут? ",
  "sn1.49:2.2": "Каков их будущий удел? ",
  "sn1.49:2.3": "Пришли спросить Благословенного об этом: ",
  "sn1.49:2.4": "Как можем это мы понять?” ",
  "sn1.49:3.1": "",
  "sn1.49:3.2": "“Скаредный люд, кто осыпает других бранью, ",
  "sn1.49:3.3": "Те, кто помехи создаёт ",
  "sn1.49:3.4": "Для тех, даёт кто подаяния: ",
  "sn1.49:4.1": "Могут родиться в преисподней после смерти, ",
  "sn1.49:4.2": "В мире животных, во владениях Ямы. ",
  "sn1.49:4.3": "Если ж вернутся в человеческое тело, ",
  "sn1.49:4.4": "В бедной семье рождаются они: ",
  "sn1.49:5.1": "Еда, одежда, наслаждения, развлечения ",
  "sn1.49:5.2": "Большим трудом лишь будут обретаться. ",
  "sn1.49:5.3": "Чего б глупцы от остальных ни ждали, ",
  "sn1.49:5.4": "То даже этого не смогут получить. ",
  "sn1.49:5.5": "Вот результат для этой самой жизни; ",
  "sn1.49:5.6": "А в будущем их ждёт плохой удел”. ",
  "sn1.49:6.1": "“Будем мы помнить это так, как ты сказал. ",
  "sn1.49:6.2": "Но, о Готама, зададим другой вопрос: ",
  "sn1.49:6.3": "Те, кто людей удела смог достичь, ",
  "sn1.49:6.4": "Любезным стал, щедростью наделён, ",
  "sn1.49:7.1": "Уверен в Будде и в Учении его, ",
  "sn1.49:7.2": "И Сангху почитает очень глубоко —",
  "sn1.49:7.3": "Какой же плод они пожнут? ",
  "sn1.49:7.4": "Каков их будущий удел? ",
  "sn1.49:7.5": "Пришли спросить Благословенного об этом: ",
  "sn1.49:7.6": "Как можем это мы понять?” ",
  "sn1.49:8.1": "Те, кто людей удела смог достичь, ",
  "sn1.49:8.2": "Любезным стал, щедростью наделён, ",
  "sn1.49:8.3": "Уверен в Будде и в Учении его, ",
  "sn1.49:8.4": "И Сангху почитает очень глубоко —",
  "sn1.49:8.5": "В обителях небесных воссияют, ",
  "sn1.49:8.6": "Там, где они переродились. ",
  "sn1.49:9.1": "Если ж вернутся в человеческое тело, ",
  "sn1.49:9.2": "В зажиточной семье рождаются они: ",
  "sn1.49:9.3": "Еду, одежду, наслаждения, развлечения ",
  "sn1.49:9.4": "Они добудут безо всякого труда. ",
  "sn1.49:10.1": "Рады они, как божества, что управляют ",
  "sn1.49:10.2": "Творениями, что накоплены другими. ",
  "sn1.49:10.3": "Вот результат для этой самой жизни; ",
  "sn1.49:10.4": "А в будущем их ждёт благой удел”. "
}