{
  "sn1.25:0.1": "Связанные Наставления 1.25 ",
  "sn1.25:0.2": "3. Меч ",
  "sn1.25:0.3": "Арахант ",
  "sn1.25:1.1": "“Если монах — арахант, ",
  "sn1.25:1.2": "Совершенный и пятна убравший, кто носит последнее тело, —",
  "sn1.25:1.3": "Он может сказать: „Говорю я“? ",
  "sn1.25:1.4": "Сказал бы: „Они говорят мне“”? ",
  "sn1.25:2.1": "“Если монах — арахант, ",
  "sn1.25:2.2": "Совершенный и пятна убравший, кто носит последнее тело, —",
  "sn1.25:2.3": "Он может сказать: „Говорю я“, ",
  "sn1.25:2.4": "И может — „Они говорят мне“. ",
  "sn1.25:2.5": "Умелый и знающий мира умения выражаться, ",
  "sn1.25:2.6": "Использует он эти фразы как просто лишь выражения”. ",
  "sn1.25:3.1": "“Если монах — арахант, ",
  "sn1.25:3.2": "Совершенный и пятна убравший, кто носит последнее тело, —",
  "sn1.25:3.3": "То именно из самомнения ",
  "sn1.25:3.4": "Он может сказать: „Говорю я“, ",
  "sn1.25:3.5": "И может — „Они говорят мне“”. ",
  "sn1.25:4.1": "“Кто без самомнения, тот без узлов. ",
  "sn1.25:4.2": "Узлы все его износились. ",
  "sn1.25:4.3": "И хоть измышлённое он одолел, ",
  "sn1.25:4.4": "Он может сказать: „Говорю я“, ",
  "sn1.25:5.1": "И может — „Они говорят мне“. ",
  "sn1.25:5.2": "Умелый и знающий мира умения выражаться, ",
  "sn1.25:5.3": "Использует он эти фразы как просто лишь выражения”. "
}