{
  "sn1.54:0.1": "Связанные Наставления 1.54 ",
  "sn1.54:0.2": "6. Старость ",
  "sn1.54:0.3": "Опора ",
  "sn1.54:1.1": "“И какова опора человеческих существ? ",
  "sn1.54:1.2": "Кто лучшим спутником является тебе? ",
  "sn1.54:1.3": "И существа, живут что на земле, ",
  "sn1.54:1.4": "Чем же поддерживают жизнь свою?” ",
  "sn1.54:2.1": "“У человеческих существ опора — сыновья. ",
  "sn1.54:2.2": "Жена — вот лучший спутник твой каков. ",
  "sn1.54:2.3": "И существа, живут что на земле, ",
  "sn1.54:2.4": "Дождём поддерживают жизнь свою”. "
}