{
  "sn1.42:0.1": "Связанные Наставления 1.42 ",
  "sn1.42:0.2": "5. В огне ",
  "sn1.42:0.3": "Что дарить? ",
  "sn1.42:1.1": "“Давая что, даёт он силу? ",
  "sn1.42:1.2": "Давая что, даёт он красоту? ",
  "sn1.42:1.3": "Давая что, даёт он облегчение? ",
  "sn1.42:1.4": "Давая что, он зрение даёт? ",
  "sn1.42:1.5": "И кто есть тот, даёт кто сразу всё? ",
  "sn1.42:1.6": "Будучи спрошенным, прошу, ответь же мне”. ",
  "sn1.42:2.1": "“Еду давая, силу он даёт. ",
  "sn1.42:2.2": "Давая вещи, он даёт и красоту. ",
  "sn1.42:2.3": "Если повозку дал, то дал и облегчение. ",
  "sn1.42:2.4": "Дав лампу, подарил и зрение он. ",
  "sn1.42:3.1": "Тот, подарил жилище кто, ",
  "sn1.42:3.2": "Того можно назвать дарителем всего. ",
  "sn1.42:3.3": "Но тот, кто Дхамме обучает, ",
  "sn1.42:3.4": "Является Бессмертное дающим”. "
}