{
  "sn1.31:0.1": "Связанные Наставления 1.31 ",
  "sn1.31:0.2": "4. Группа Сатуллапы ",
  "sn1.31:0.3": "С хорошими ",
  "sn1.31:1.1": "Так я слышал. ",
  "sn1.31:1.2": "Однажды Благословенный проживал в Саваттхи, в роще Джеты, в парке Анатхапиндики. ",
  "sn1.31:1.3": "И когда наступила глубокая ночь, несколько божеств прекрасной наружности, входящих в группу Сатуллапы, освещая всю рощу Джеты, подошли к Благословенному. Подойдя, они поклонились Благословенному и встали рядом. ",
  "sn1.31:1.4": "Затем одно из божеств, стоя рядом, произнесло эту строфу в присутствии Благословенного: ",
  "sn1.31:2.1": "“Общаться нужно только лишь с хорошими людьми, ",
  "sn1.31:2.2": "С хорошими людьми тесную связь нужно держать. ",
  "sn1.31:2.3": "И истинную Дхамму когда выучишь у них, ",
  "sn1.31:2.4": "То станешь только лучше, а не хуже”. ",
  "sn1.31:3.1": "И затем другие пять божеств следом произнесли свои строфы в присутствии Благословенного: ",
  "sn1.31:4.1": "“Общаться нужно только лишь с хорошими людьми, ",
  "sn1.31:4.2": "С хорошими людьми тесную связь нужно держать. ",
  "sn1.31:4.3": "И истинную Дхамму когда выучишь у них, ",
  "sn1.31:4.4": "То мудрость обретёшь от них, не от других”. ",
  "sn1.31:6.1": "“Общаться нужно только лишь с хорошими людьми, ",
  "sn1.31:6.2": "С хорошими людьми тесную связь нужно держать. ",
  "sn1.31:6.3": "И истинную Дхамму когда выучишь у них, ",
  "sn1.31:6.4": "Грустить не будешь ты, когда вокруг печаль”. ",
  "sn1.31:8.1": "“Общаться нужно только лишь с хорошими людьми, ",
  "sn1.31:8.2": "С хорошими людьми тесную связь нужно держать. ",
  "sn1.31:8.3": "И истинную Дхамму когда выучишь у них, ",
  "sn1.31:8.4": "То будешь ты сиять и в отношениях своих”. ",
  "sn1.31:10.1": "“Общаться нужно только лишь с хорошими людьми, ",
  "sn1.31:10.2": "С хорошими людьми тесную связь нужно держать. ",
  "sn1.31:10.3": "И истинную Дхамму выучив у них, ",
  "sn1.31:10.4": "Живые существа идут в благой удел”. ",
  "sn1.31:12.1": "“Общаться нужно только лишь с хорошими людьми, ",
  "sn1.31:12.2": "С хорошими людьми тесную связь нужно держать. ",
  "sn1.31:12.3": "И истинную Дхамму выучив у них, ",
  "sn1.31:12.4": "Живые существа уютно могут жить”. ",
  "sn1.31:13.1": "И тогда другое божество обратилось к Благословенному: ",
  "sn1.31:13.2": "“Благословенный, кто произнёс хорошо сказанное?” ",
  "sn1.31:14.1": "“Вы все до определённой степени произнесли хорошо сказанное. Но послушайте также и меня: ",
  "sn1.31:15.1": "“Общаться нужно только лишь с хорошими людьми, ",
  "sn1.31:15.2": "С хорошими людьми тесную связь нужно держать. ",
  "sn1.31:15.3": "И истинную Дхамму когда выучишь у них, ",
  "sn1.31:15.4": "От всяческих страданий обретёшь свободу ты”. ",
  "sn1.31:16.1": "Так сказал Благословенный. ",
  "sn1.31:16.2": "Довольные, те божества поклонились Благословенному и, обойдя его с правой стороны, прямо там и исчезли. "
}