{
  "sn1.26:0.1": "Связанные Наставления 1.26 ",
  "sn1.26:0.2": "3. Меч ",
  "sn1.26:0.3": "Источники света ",
  "sn1.26:1.1": "“Так сколько же в мире источников света, ",
  "sn1.26:1.2": "Которыми мир освещаем? ",
  "sn1.26:1.3": "Пусть Благословенный расскажет об этом, ",
  "sn1.26:1.4": "Быть может, мы сможем понять”. ",
  "sn1.26:2.1": "“Есть в мире четыре источника света, ",
  "sn1.26:2.2": "И пятого здесь не найти. ",
  "sn1.26:2.3": "Днём солнце сияет — вот первый источник, ",
  "sn1.26:2.4": "И светится ночью луна. ",
  "sn1.26:3.1": "Вот здесь и вон там огонь полыхает, ",
  "sn1.26:3.2": "Горит он и ночью, и днём. ",
  "sn1.26:3.3": "Но Будда — вот лучший из тех, кто сияет, ",
  "sn1.26:3.4": "Ведь непревзойдённый он свет”. "
}