{
  "sn1.46:0.1": "Связанные Наставления 1.46 ",
  "sn1.46:0.2": "5. В огне ",
  "sn1.46:0.3": "Нимфы ",
  "sn1.46:1.1": "“Хоть пением нимф наполнена она, ",
  "sn1.46:1.2": "Но всё же ордой демонов заселена! ",
  "sn1.46:1.3": "Название этой роще — „Заблуждение“. ",
  "sn1.46:1.4": "Каким же образом спастись отсюда мне?” ",
  "sn1.46:2.1": "“Путь именуется дорогою прямой, ",
  "sn1.46:2.2": "И здесь бесстрашие — её пункт назначения. ",
  "sn1.46:2.3": "Бесшумная — название колесницы, ",
  "sn1.46:2.4": "С колёсами из благотворных состояний. ",
  "sn1.46:3.1": "Чувство стыда — её наклонные борта, ",
  "sn1.46:3.2": "Осознанность — её обивка. ",
  "sn1.46:3.3": "Дхамму я называю колесничим, ",
  "sn1.46:3.4": "А правильные взгляды перед ней бегут. ",
  "sn1.46:4.1": "И у кого такая колесница есть – ",
  "sn1.46:4.2": "Будь женщиной ты или же мужчиной —",
  "sn1.46:4.3": "С таким передвижения средством ",
  "sn1.46:4.4": "К ниббане будешь приближаться ты”. "
}