{
  "sn1.53:0.1": "Связанные Наставления 1.53 ",
  "sn1.53:0.2": "6. Старость ",
  "sn1.53:0.3": "Друг ",
  "sn1.53:1.1": "“Каков друг в путешествии твоём? ",
  "sn1.53:1.2": "А в доме собственном кто тебе друг? ",
  "sn1.53:1.3": "Кто друг, когда нуждою ты одолеваем? ",
  "sn1.53:1.4": "Кто друг в будущей жизни, что придёт?” ",
  "sn1.53:2.1": "“Когда ты странствуешь, то караван твой друг. ",
  "sn1.53:2.2": "Когда ты дома, друг твой — мать. ",
  "sn1.53:2.3": "Когда нуждой одолеваем ты, ",
  "sn1.53:2.4": "Товарищ другом будет вновь и вновь. ",
  "sn1.53:2.5": "И те заслуги, что совершил, —",
  "sn1.53:2.6": "Вот друг твой в жизни, что придёт”. "
}