{
  "sn1.10:0.1": "Связанные Наставления 1.10 ",
  "sn1.10:0.2": "1. Тростник ",
  "sn1.10:0.3": "Лес ",
  "sn1.10:1.1": "В Саваттхи. ",
  "sn1.10:1.2": "Стоя рядом, то божество произнесло такую строфу в присутствии Благословенного: ",
  "sn1.10:2.1": "“Те, глубоко в лесу кто проживает, ",
  "sn1.10:2.2": "Спокойные, ведут святую жизнь, ",
  "sn1.10:2.3": "Кто лишь единожды в день пищу принимает: ",
  "sn1.10:2.4": "С чего же лица их столь безмятежны?” ",
  "sn1.10:3.1": "“О прошлом не грустят они, ",
  "sn1.10:3.2": "О том, что будет, не мечтают. ",
  "sn1.10:3.3": "Себя поддерживают тем, что есть сейчас: ",
  "sn1.10:3.4": "Вот почему их лица безмятежны. ",
  "sn1.10:4.1": "Когда о будущем они мечтают, ",
  "sn1.10:4.2": "Когда грустят они о том, что было, ",
  "sn1.10:4.3": "Сохнут глупцы, а после увядают, ",
  "sn1.10:4.4": "Точно тростник зелёный, что покошен”. "
}