{
  "sn1.78:0.1": "Связанные Наставления 1.78 ",
  "sn1.78:0.2": "8. Убив ",
  "sn1.78:0.3": "Любовь ",
  "sn1.78:1.1": "“Что отдавать не должен любящий добро? ",
  "sn1.78:1.2": "Что смертный никогда не должен оставлять? ",
  "sn1.78:1.3": "Что нужно отпустить, когда во благо это, ",
  "sn1.78:1.4": "Но отпускать не стоит, если зло это несёт?” ",
  "sn1.78:2.1": "“Себя не должен человек сдавать, ",
  "sn1.78:2.2": "Себя не должно ему оставлять. ",
  "sn1.78:2.3": "Благую речь отдать он должен, ",
  "sn1.78:2.4": "Но речь не ту, которая плохая”. "
}