{
  "sn1.45:0.1": "Связанные Наставления 1.45 ",
  "sn1.45:0.2": "5. В огне ",
  "sn1.45:0.3": "Совершенное ",
  "sn1.45:1.1": "“Узрите же его, с именем совершенным, провидца утончённой цели, ",
  "sn1.45:1.2": "Дарующего мудрость, без привязок к логову чувственных услад. ",
  "sn1.45:1.3": "Всезнающего мудреца узрите, ",
  "sn1.45:1.4": "Провидца, что протаптывает благородный путь”. "
}