{
  "sn1.65:0.1": "Связанные Наставления 1.65 ",
  "sn1.65:0.2": "7. Отягощает ",
  "sn1.65:0.3": "Подневольность ",
  "sn1.65:1.1": "“Чем в подневольности удержан этот мир? ",
  "sn1.65:1.2": "За счёт чего туда-сюда блуждает? ",
  "sn1.65:1.3": "И от чего же нужно отказаться, ",
  "sn1.65:1.4": "Чтоб подневольность всякую отрезать?” ",
  "sn1.65:2.1": "“Усладою удержан в подневольности сей мир. ",
  "sn1.65:2.2": "И за счёт мысли этот мир блуждает. ",
  "sn1.65:2.3": "От жажды отказаться нужно, ",
  "sn1.65:2.4": "Чтоб подневольность всякую отрезать”. "
}