{
  "sn1.80:0.1": "Связанные Наставления 1.80 ",
  "sn1.80:0.2": "8. Убив ",
  "sn1.80:0.3": "Источник света ",
  "sn1.80:1.1": "“Каков источник света в этом мире? ",
  "sn1.80:1.2": "Кто в этом мире пробуждённый? ",
  "sn1.80:1.3": "Что есть для тех, живёт работой кто? ",
  "sn1.80:1.4": "И что такое направление движения? ",
  "sn1.80:2.1": "Что же питает вялого, активного, ",
  "sn1.80:2.2": "Подобно матери, кормящей сына? ",
  "sn1.80:2.3": "И существа, живут что на земле, – ",
  "sn1.80:2.4": "Чем же поддерживают они жизнь свою?” ",
  "sn1.80:3.1": "“Мудрость — источник света в этом мире. ",
  "sn1.80:3.2": "Осознанность — вот в мире пробуждённый. ",
  "sn1.80:3.3": "Домашний скот — для тех, живёт работой кто. ",
  "sn1.80:3.4": "А борозда — то направление движения. ",
  "sn1.80:4.1": "Активного и вялого питает дождь, ",
  "sn1.80:4.2": "Подобно матери, что кормит сына. ",
  "sn1.80:4.3": "И существа, живут что на земле, ",
  "sn1.80:4.4": "Дождём поддерживают жизнь свою”. "
}