{
  "sn1.15:0.1": "Связанные Наставления 1.15 ",
  "sn1.15:0.2": "2. Нандана ",
  "sn1.15:0.3": "Шелестит ",
  "sn1.15:1.1": "“Как наступает полдня час, ",
  "sn1.15:1.2": "Лесные птицы умолкают, ",
  "sn1.15:1.3": "И шелестит могучий лес: ",
  "sn1.15:1.4": "Ужасным кажется он мне!” ",
  "sn1.15:2.1": "“Как наступает полдня час, ",
  "sn1.15:2.2": "Лесные птицы умолкают, ",
  "sn1.15:2.3": "И шелестит могучий лес: ",
  "sn1.15:2.4": "Прекрасным кажется он мне!” "
}