{
  "sn1.57:0.1": "Связанные Наставления 1.57 ",
  "sn1.57:0.2": "6. Старость ",
  "sn1.57:0.3": "Порождает (III) ",
  "sn1.57:1.1": "“Что личность человека порождает? ",
  "sn1.57:1.2": "Что это у него — что бегает туда-сюда? ",
  "sn1.57:1.3": "Что входит в эту самую сансару? ",
  "sn1.57:1.4": "И что влияет на его судьбу?” ",
  "sn1.57:2.1": "“Жажда есть то, что личность порождает. ",
  "sn1.57:2.2": "Ум человека бегает туда-сюда. ",
  "sn1.57:2.3": "В сансару это существо и входит. ",
  "sn1.57:2.4": "И камма повлияет на его судьбу”. "
}