{
  "sn1.19:0.1": "Связанные Наставления 1.19 ",
  "sn1.19:0.2": "2. Нандана ",
  "sn1.19:0.3": "Небольшая хижина ",
  "sn1.19:1.1": "“Хижины нет небольшой у тебя? ",
  "sn1.19:1.2": "Гнездышка малого нет у тебя? ",
  "sn1.19:1.3": "Линий продлённых нет у тебя? ",
  "sn1.19:1.4": "И от неволи ты освобождён?” ",
  "sn1.19:2.1": "“Хижины нет небольшой у меня, ",
  "sn1.19:2.2": "И небольшого гнезда также нет, ",
  "sn1.19:2.3": "Линий продлённых нет у меня, ",
  "sn1.19:2.4": "И от неволи я освобождён”. ",
  "sn1.19:3.1": "“Что же назвал малой хижиной я? ",
  "sn1.19:3.2": "Что же назвал небольшим я гнездом? ",
  "sn1.19:3.3": "Линий продлённых смысл каков? ",
  "sn1.19:3.4": "Что под неволей подразумевал?” ",
  "sn1.19:4.1": "“Мать малой хижиной ты называешь, ",
  "sn1.19:4.2": "Малым гнездом называешь жену, ",
  "sn1.19:4.3": "Линии, что продлены, — сыновья, ",
  "sn1.19:4.4": "Ну а неволей ты жажду назвал”. ",
  "sn1.19:5.1": "“Благостно это, что у тебя ",
  "sn1.19:5.2": "Хижины нет, небольшого гнезда, ",
  "sn1.19:5.3": "Линий продлённых нет у тебя, ",
  "sn1.19:5.4": "Что от неволи ты освобождён”. "
}