{
  "sn1.76:0.1": "Связанные Наставления 1.76 ",
  "sn1.76:0.2": "8. Убив ",
  "sn1.76:0.3": "Не распадается ",
  "sn1.76:1.1": "“Что распадается, а что не распадается? ",
  "sn1.76:1.2": "Кривым путём объявлено что было? ",
  "sn1.76:1.3": "И какова помеха благотворным состояниям? ",
  "sn1.76:1.4": "Что подвергается распаду днём и ночью? ",
  "sn1.76:1.5": "В чём святой жизни состоит пятнание? ",
  "sn1.76:1.6": "И что это за ванна, нет воды в которой? ",
  "sn1.76:2.1": "Сколько разломов существует в мире, ",
  "sn1.76:2.2": "В которых ум не может опереться? ",
  "sn1.76:2.3": "Пришли спросить Благословенного об этом: ",
  "sn1.76:2.4": "Как можем это для себя мы осознать?” ",
  "sn1.76:3.1": "“Физическая форма смертных распадается, ",
  "sn1.76:3.2": "В отличие от имени и клана их. ",
  "sn1.76:3.3": "О страсти было сказано как о кривом пути. ",
  "sn1.76:4.1": "А жадность — вот помеха благотворным состояниям. ",
  "sn1.76:4.2": "Жизнь подвергается распаду днём и ночью. ",
  "sn1.76:4.3": "А женщины являются пятнанием святой жизни: ",
  "sn1.76:4.4": "Опутаны мужчины именно здесь. ",
  "sn1.76:4.5": "Что же до ванны, нет воды в которой, ",
  "sn1.76:4.6": "То это и аскеза, и святая жизнь”. ",
  "sn1.76:5.1": "Есть шесть разломов в этом самом мире, ",
  "sn1.76:5.2": "В которых ум не может опереться: ",
  "sn1.76:5.3": "Лень и беспечность, ",
  "sn1.76:5.4": "Праздность, бесконтрольность, ",
  "sn1.76:5.5": "Сонливость и апатия — последняя вот двойка. ",
  "sn1.76:5.6": "Всецело сторонись этих шести разломов”. "
}