{
  "sn1.16:0.1": "Связанные Наставления 1.16 ",
  "sn1.16:0.2": "2. Нандана ",
  "sn1.16:0.3": "Вялость и сонливость ",
  "sn1.16:1.1": "“Ленивые потягивания, вялость и сонливость, ",
  "sn1.16:1.2": "И как поешь — апатия, довольствования нет: ",
  "sn1.16:1.3": "И из-за этого среди существ живущих ",
  "sn1.16:1.4": "Не возникает благородный путь”. ",
  "sn1.16:2.1": "“Ленивые потягивания, вялость и сонливость, ",
  "sn1.16:2.2": "И как поешь — апатия, довольствования нет: ",
  "sn1.16:2.3": "Но если это ты усердием рассеял, ",
  "sn1.16:2.4": "Тогда очищен благородный путь”. "
}