{
  "sn1.32:0.1": "Связанные Наставления 1.32 ",
  "sn1.32:0.2": "4. Группа Сатуллапы ",
  "sn1.32:0.3": "Скупость ",
  "sn1.32:1.1": "Однажды Благословенный проживал в Саваттхи, в роще Джеты, в парке Анатхапиндики. ",
  "sn1.32:1.2": "И когда наступила глубокая ночь, несколько божеств прекрасной наружности, входящих в группу Сатуллапы, освещая всю рощу Джеты, подошли к Благословенному. Подойдя, они поклонились Благословенному и встали рядом. ",
  "sn1.32:1.3": "Затем одно из божеств, стоя рядом, произнесло эту строфу в присутствии Благословенного: ",
  "sn1.32:2.1": "“Со скупостью, с беспечностью ",
  "sn1.32:2.2": "Не делается дар. ",
  "sn1.32:2.3": "Но, тот, кто знает и заслуг желает, ",
  "sn1.32:2.4": "Тот, вне сомнений, должен сделать дар”. ",
  "sn1.32:3.1": "Затем другое божество произнесло эти строфы в присутствии Благословенного: ",
  "sn1.32:4.1": "“То, чего скупец боится, когда дар не хочет сделать, ",
  "sn1.32:4.2": "Есть та самая опасность, что потом к нему вернётся. ",
  "sn1.32:4.3": "Голод тот и жажда та, ",
  "sn1.32:4.4": "что скупой боится, ",
  "sn1.32:4.5": "Поразят сего глупца ",
  "sn1.32:4.6": "в этом мире и потом. ",
  "sn1.32:5.1": "А посему, скупость свою отбросив, ",
  "sn1.32:5.2": "Всех пятен победитель должен дар давать, ",
  "sn1.32:5.3": "Заслуги — вот опора для живых существ, ",
  "sn1.32:5.4": "Когда в мире ином появятся они”. ",
  "sn1.32:6.1": "Затем другое божество произнесло эти строфы в присутствии Благословенного: ",
  "sn1.32:7.1": "“Средь мёртвых не умрут они —",
  "sn1.32:7.2": "Словно попутчики в пути, ",
  "sn1.32:7.3": "Немногим тем поделятся, что есть: ",
  "sn1.32:7.4": "Таков древнейший принцип. ",
  "sn1.32:8.1": "Кто-то поделится немногим, что имеет, ",
  "sn1.32:8.2": "Другие же, богатые, не любят дар давать. ",
  "sn1.32:8.3": "Дарение того, чего немного у тебя, ",
  "sn1.32:8.4": "В тысячу раз ценней того, что оно стоит”. ",
  "sn1.32:9.1": "Затем другое божество произнесло эти строфы в присутствии Благословенного: ",
  "sn1.32:10.1": "“Плохие неспособны хорошим подражать, ",
  "sn1.32:10.2": "Кто дарит то, чем сложно поделиться, ",
  "sn1.32:10.3": "Поступки кто свершает, что свершить непросто: ",
  "sn1.32:10.4": "Ведь трудно следовать Дхамме людей хороших. ",
  "sn1.32:11.1": "И потому удел их после смерти ",
  "sn1.32:11.2": "Будет разниться — для хороших и плохих: ",
  "sn1.32:11.3": "Плохие люди отправляются в ады, ",
  "sn1.32:11.4": "Хорошие же люди в небесный мир идут”. ",
  "sn1.32:12.1": "И тогда другое божество обратилось к Благословенному: ",
  "sn1.32:12.2": "“Благословенный, кто произнёс хорошо сказанное?” ",
  "sn1.32:13.1": "“Вы все до определённой степени произнесли хорошо сказанное. Но послушайте также и меня: ",
  "sn1.32:14.1": "“Если ты практикуешь Дхамму, пусть и живёшь ты подбиранием, ",
  "sn1.32:14.2": "Если, хотя жену содержишь, даёшь немногое, что можешь, ",
  "sn1.32:14.3": "Даже сто тысяч подношений тех, кто приносит тысячами в жертву, ",
  "sn1.32:14.4": "Не будет стоить и частицы дара такого человека”. ",
  "sn1.32:15.1": "Тогда другое божество обратилось к Благословенному строфой: ",
  "sn1.32:16.1": "“Как так, что жертвование их, обширное, великое, ",
  "sn1.32:16.2": "Ценности дара праведника разделить не может? ",
  "sn1.32:16.3": "Как так, что сотня тысяч подношений тех, кто приносит тысячами в жертву, ",
  "sn1.32:16.4": "Не будет стоить и частицы дара такого человека?” ",
  "sn1.32:17.1": "“Они дают, но в неблагом они утверждены, ",
  "sn1.32:17.2": "Жизни лишив, убив и причинив печаль. ",
  "sn1.32:17.3": "Наделено их подношение жестокостью, слезами, ",
  "sn1.32:17.4": "Ценности дара праведника разделить не может. ",
  "sn1.32:18.1": "Вот почему сто тысяч подношений тех, кто приносит тысячами в жертву, ",
  "sn1.32:18.2": "Не будет стоить и частицы дара такого человека”. "
}