{
  "sn1.63:0.1": "Связанные Наставления 1.63 ",
  "sn1.63:0.2": "7. Отягощает ",
  "sn1.63:0.3": "Жажда ",
  "sn1.63:1.1": "“Что водит за собой весь мир? ",
  "sn1.63:1.2": "Туда-сюда что этот мир таскает? ",
  "sn1.63:1.3": "И существует ли такая вещь, ",
  "sn1.63:1.4": "Которая всё держит под контролем?” ",
  "sn1.63:2.1": "“Мир водит за собою жажда. ",
  "sn1.63:2.2": "Туда-сюда жажда его таскает. ",
  "sn1.63:2.3": "Жажда — та самая единственная вещь, ",
  "sn1.63:2.4": "Которая всё держит под контролем”. "
}