{
  "sn1.14:0.1": "Связанные Наставления 1.14 ",
  "sn1.14:0.2": "2. Нандана ",
  "sn1.14:0.3": "Кхаттий ",
  "sn1.14:1.1": "“Кхаттий — вот лучший кто из двуногих, ",
  "sn1.14:1.2": "Бык лучше всех среди четвероногих, ",
  "sn1.14:1.3": "Дева — вот лучшая среди всех жён, ",
  "sn1.14:1.4": "Перворождённый — среди сыновей”. ",
  "sn1.14:2.1": "“Будда — вот лучший кто из двуногих, ",
  "sn1.14:2.2": "Конь лучше всех среди четвероногих, ",
  "sn1.14:2.3": "Та, что послушна, — лучшая из жён, ",
  "sn1.14:2.4": "И исполнительный — вот лучший сын”. "
}