{
  "sn1.9:0.1": "Связанные Наставления 1.9 ",
  "sn1.9:0.2": "1. Тростник ",
  "sn1.9:0.3": "Склонный к самомнению ",
  "sn1.9:1.1": "В Саваттхи. ",
  "sn1.9:1.2": "Стоя рядом, то божество произнесло такую строфу в присутствии Благословенного: ",
  "sn1.9:2.1": "“Не укротить того, доволен самомнением кто, ",
  "sn1.9:2.2": "И мудрецом не стать тому, кто не сосредоточен: ",
  "sn1.9:2.3": "Беспечный, даже если он уединён в лесу, ",
  "sn1.9:2.4": "Смерти владений пересечь не сможет”. ",
  "sn1.9:3.1": "“Сосредоточенный, отбросив самомнение, ",
  "sn1.9:3.2": "С умом высоким и освобождённым всюду: ",
  "sn1.9:3.3": "Прилежный, проживающий один в лесу, ",
  "sn1.9:3.4": "Смерти владения сможет пересечь”. "
}