{
  "sn1.29:0.1": "Связанные Наставления 1.29 ",
  "sn1.29:0.2": "3. Меч ",
  "sn1.29:0.3": "Четыре колеса ",
  "sn1.29:1.1": "“Две пары колес и девять дверей, ",
  "sn1.29:1.2": "Наполненных, скованных жаждой, ",
  "sn1.29:1.3": "Они рождены из трясины, Герой! ",
  "sn1.29:1.4": "Так как убежать же от них?” ",
  "sn1.29:2.1": "“Завязку разрезав, разрезав ремень, ",
  "sn1.29:2.2": "Плохие желания, жадность, ",
  "sn1.29:2.3": "И вытащив жажду с её корешком, ",
  "sn1.29:2.4": "Вот как убежишь ты от них”. "
}