{
  "sn1.8:0.1": "Связанные Наставления 1.8 ",
  "sn1.8:0.2": "1. Тростник ",
  "sn1.8:0.3": "Всецело запутанный ",
  "sn1.8:1.1": "В Саваттхи. ",
  "sn1.8:1.2": "Стоя рядом, то божество произнесло такую строфу в присутствии Благословенного: ",
  "sn1.8:2.1": "“Те, кто запутан в отношении вещей, ",
  "sn1.8:2.2": "Могут прильнуть к учениям других – ",
  "sn1.8:2.3": "Всё ещё спят они, не пробудились: ",
  "sn1.8:2.4": "Настало время пробудиться им”. ",
  "sn1.8:3.1": "“Кто не запутан в отношении вещей, ",
  "sn1.8:3.2": "Прильнуть к учениям других не могут. ",
  "sn1.8:3.3": "Ведь пробуждённые, правильно зная, ",
  "sn1.8:3.4": "Курс держат ровно неровных среди”. "
}