{
  "sn1.62:0.1": "Связанные Наставления 1.62 ",
  "sn1.62:0.2": "7. Отягощает ",
  "sn1.62:0.3": "Ум ",
  "sn1.62:1.1": "“Что водит за собой весь мир? ",
  "sn1.62:1.2": "Туда-сюда что этот мир таскает? ",
  "sn1.62:1.3": "И существует ли такая вещь, ",
  "sn1.62:1.4": "Которая всё держит под контролем?” ",
  "sn1.62:2.1": "“Ум — вот что водит за собой весь мир. ",
  "sn1.62:2.2": "Ум этот мир туда-сюда таскает. ",
  "sn1.62:2.3": "Ум есть та самая единственная вещь, ",
  "sn1.62:2.4": "Которая всё держит под контролем”. "
}