{
  "sn1.81:0.1": "Связанные Наставления 1.81 ",
  "sn1.81:0.2": "8. Убив ",
  "sn1.81:0.3": "Соблюдает мир ",
  "sn1.81:1.1": "“Кто в этом мире мирным пребывает? ",
  "sn1.81:1.2": "От расточительства далёк чей образ жизни? ",
  "sn1.81:1.3": "Кто в мире понял полностью желание? ",
  "sn1.81:1.4": "Кто наслаждается свободой беспрерывной? ",
  "sn1.81:2.1": "Кого родители и братья почитают? ",
  "sn1.81:2.2": "Кто пребывает твёрдо утверждённым? ",
  "sn1.81:2.3": "И есть ли тот, кто из простого рода, ",
  "sn1.81:2.4": "Кого приветствует ведь даже кхаттий?” ",
  "sn1.81:3.1": "“Аскеты — вот кто мирный в этом мире; ",
  "sn1.81:3.2": "От расточительства далёк их образ жизни. ",
  "sn1.81:3.3": "Отшельник понял полностью желание, ",
  "sn1.81:3.4": "И наслаждается свободой беспрерывной. ",
  "sn1.81:4.1": "Родителями, братьями отшельник почитаем, ",
  "sn1.81:4.2": "Когда он пребывает твёрдо утверждённым. ",
  "sn1.81:4.3": "Пускай отшельник из простого рода —",
  "sn1.81:4.4": "И даже кхаттии приветствуют его”. "
}