{
  "sn1.72:0.1": "Связанные Наставления 1.72 ",
  "sn1.72:0.2": "8. Убив ",
  "sn1.72:0.3": "Колесница ",
  "sn1.72:1.1": "“Каков же колесницы признак? ",
  "sn1.72:1.2": "Каков же признак у огня? ",
  "sn1.72:1.3": "Каков у государства признак? ",
  "sn1.72:1.4": "И женщины признак каков?” ",
  "sn1.72:2.1": "“Знамя — вот признак колесницы. ",
  "sn1.72:2.2": "Дымом является признак огня. ",
  "sn1.72:2.3": "Царь — это признак государства. ",
  "sn1.72:2.4": "А признак женщины — супруг”. "
}