{
  "sn1.17:0.1": "Связанные Наставления 1.17 ",
  "sn1.17:0.2": "2. Нандана ",
  "sn1.17:0.3": "Трудно практиковать ",
  "sn1.17:1.1": "“Практиковать аскезы жизнь непросто, ",
  "sn1.17:1.2": "И трудно выдержать это тому, кто не готов. ",
  "sn1.17:1.3": "Ведь много существует в этом затруднений, ",
  "sn1.17:1.4": "Из-за которых глупого один лишь ждёт провал. ",
  "sn1.17:2.1": "Как много дней практиковать аскезу он сумеет, ",
  "sn1.17:2.2": "Если не может под контролем ум свой удержать? ",
  "sn1.17:2.3": "Терпеть лишь неудачу будет с каждым шагом, ",
  "sn1.17:2.4": "Попав под устремлений собственных контроль. ",
  "sn1.17:3.1": "И втягиваясь в мысли своего ума, ",
  "sn1.17:3.2": "Как черепаха в панцирь втягивает лапы, ",
  "sn1.17:3.3": "Он независимый, угасший, не тревожащий других —",
  "sn1.17:3.4": "Такой монах других не порицает”. "
}