{
  "sn1.22:0.1": "Связанные Наставления 1.22 ",
  "sn1.22:0.2": "3. Меч ",
  "sn1.22:0.3": "Касается ",
  "sn1.22:1.1": "“И не касается его, того, кто не касается, ",
  "sn1.22:1.2": "Но прикоснётся, коль коснётся он. ",
  "sn1.22:1.3": "Поэтому касается того, кто сам касается, ",
  "sn1.22:1.4": "Того, на невиновного клевещет кто”. ",
  "sn1.22:2.1": "“Когда на невиновного клевещет, ",
  "sn1.22:2.2": "На человека чистого, без пятен, —",
  "sn1.22:2.3": "То зло вернётся к самому глупцу, ",
  "sn1.22:2.4": "Как если б пыль швырнули против ветра”. "
}