{
  "sn1.5:0.1": "Связанные Наставления 1.5 ",
  "sn1.5:0.2": "1. Тростник ",
  "sn1.5:0.3": "Сколько отрезать? ",
  "sn1.5:1.1": "В Саваттхи. ",
  "sn1.5:1.2": "Стоя рядом, то божество произнесло такую строфу в присутствии Благословенного: ",
  "sn1.5:2.1": "“Сколько отрезать, сколько отбросить, ",
  "sn1.5:2.2": "Сколько всего ему нужно развить? ",
  "sn1.5:2.3": "Сколько узлов монах одолел, ",
  "sn1.5:2.4": "Что пересёкшим зовётся тогда?”. ",
  "sn1.5:3.1": "“Пять он отрезал, пять он отбросил, ",
  "sn1.5:3.2": "Далее должен и пять он развить. ",
  "sn1.5:3.3": "Если монах одолел пять узлов, ",
  "sn1.5:3.4": "То пересёкшим зовется тогда”. "
}