{
  "sn1.79:0.1": "Связанные Наставления 1.79 ",
  "sn1.79:0.2": "8. Убив ",
  "sn1.79:0.3": "Провизия в дорогу ",
  "sn1.79:1.1": "“Что сохраняет провиант в дороге? ",
  "sn1.79:1.2": "Что же является обителью богатства? ",
  "sn1.79:1.3": "Что всюду в мире увлекает человека? ",
  "sn1.79:1.4": "И что в миру отбросить столь непросто? ",
  "sn1.79:1.5": "Много существ здесь пленены, но чем? ",
  "sn1.79:1.6": "Они подобны птицам, пойманным в ловушку?” ",
  "sn1.79:2.1": "“Вера — вот сохраняет что в дороге провиант. ",
  "sn1.79:2.2": "Удача же является обителью богатства. ",
  "sn1.79:2.3": "Желание всюду увлекает человека. ",
  "sn1.79:2.4": "Желание в миру отбросить столь непросто. ",
  "sn1.79:2.5": "Желанием же существа пленятся, ",
  "sn1.79:2.6": "Подобно птицам, пойманным в ловушку”. "
}