{
  "sn1.4:0.1": "Связанные Наставления 1.4 ",
  "sn1.4:0.2": "1. Тростник ",
  "sn1.4:0.3": "Время летит ",
  "sn1.4:1.1": "В Саваттхи. ",
  "sn1.4:1.2": "Стоя рядом, то божество произнесло такую строфу в присутствии Благословенного: ",
  "sn1.4:2.1": "“Время летит, ночи быстро бегут. ",
  "sn1.4:2.2": "Жизни этапы нас всё покидают. ",
  "sn1.4:2.3": "Эту опасность в смерти узрев, ",
  "sn1.4:2.4": "Делай заслуги, что счастье несут”. ",
  "sn1.4:3.1": "“Время летит, ночи быстро бегут. ",
  "sn1.4:3.2": "Жизни этапы нас всё покидают. ",
  "sn1.4:3.3": "Эту опасность в смерти узрев, ",
  "sn1.4:3.4": "Мира приманку пусть ищущий бросит”. "
}