{
  "sn1.64:0.1": "Связанные Наставления 1.64 ",
  "sn1.64:0.2": "7. Отягощает ",
  "sn1.64:0.3": "Путы ",
  "sn1.64:1.1": "“Чем прочно скован этот мир? ",
  "sn1.64:1.2": "За счёт чего туда-сюда блуждает? ",
  "sn1.64:1.3": "И от чего же нужно отказаться, ",
  "sn1.64:1.4": "Чтобы сказать потом: „Ниббана“”? ",
  "sn1.64:2.1": "“Окован наслаждением мир. ",
  "sn1.64:2.2": "И за счёт мысли он блуждает. ",
  "sn1.64:2.3": "От жажды отказаться нужно, ",
  "sn1.64:2.4": "Чтобы сказать потом: „Ниббана“”. "
}