{
  "sn1.68:0.1": "Связанные Наставления 1.68 ",
  "sn1.68:0.2": "7. Отягощает ",
  "sn1.68:0.3": "Загорожен ",
  "sn1.68:1.1": "Чем загорожен этот мир? ",
  "sn1.68:1.2": "На чём мир этот установлен?” ",
  "sn1.68:1.3": "Чем пойман был весь этот мир? ",
  "sn1.68:1.4": "Чем этот мир окутан?” ",
  "sn1.68:2.1": "“Мир этот загорожен смертью. ",
  "sn1.68:2.2": "А установлен мир сей на страдании. ",
  "sn1.68:2.3": "Жаждой мир этот пойман целиком. ",
  "sn1.68:2.4": "Старением этот мир окутан”. "
}