{
  "sn1.66:0.1": "Связанные Наставления 1.66 ",
  "sn1.66:0.2": "7. Отягощает ",
  "sn1.66:0.3": "Поражён ",
  "sn1.66:1.1": "“Чем поражён весь этот мир? ",
  "sn1.66:1.2": "Чем этот целый мир окутан? ",
  "sn1.66:1.3": "Какой стрелой был ранен он? ",
  "sn1.66:1.4": "И чем он постоянно полыхает?” ",
  "sn1.66:2.1": "“Мир этот смертью поражён. ",
  "sn1.66:2.2": "Старением этот мир окутан. ",
  "sn1.66:2.3": "Стрелою жажды ранен он. ",
  "sn1.66:2.4": "Желанием постоянно полыхает”. "
}