{
  "sn1.77:0.1": "Связанные Наставления 1.77 ",
  "sn1.77:0.2": "8. Убив ",
  "sn1.77:0.3": "Владычество ",
  "sn1.77:1.1": "“Владычеством что можно в мире объявить? ",
  "sn1.77:1.2": "Что можно счесть товаром наилучшим? ",
  "sn1.77:1.3": "Что в мире именуется мечом, что проржавел? ",
  "sn1.77:1.4": "Что в мире можно посчитать чумой? ",
  "sn1.77:2.1": "Кто арестован, коль он что-то забирает? ",
  "sn1.77:2.2": "Кто мил другим, коль что-то забирает он? ",
  "sn1.77:2.3": "В ком мудрецы всегда находят радость, ",
  "sn1.77:2.4": "Когда он возвращается всё вновь и вновь?” ",
  "sn1.77:3.1": "“Власть — вот является владычеством что в мире. ",
  "sn1.77:3.2": "Женщину лучшим из товаров можно счесть. ",
  "sn1.77:3.3": "А злоба в этом мире — меч, что проржавел, ",
  "sn1.77:3.4": "Тогда как воры в мире считаются чумой. ",
  "sn1.77:4.1": "И вора арестуют, коль он что-то забирает, ",
  "sn1.77:4.2": "Но коль берёт аскет — тогда другим он мил. ",
  "sn1.77:4.3": "Мудрец в отшельниках радость всегда находит, ",
  "sn1.77:4.4": "Когда он возвращается всё вновь и вновь”. "
}