{
  "sn1.27:0.1": "Связанные Наставления 1.27 ",
  "sn1.27:0.2": "3. Меч ",
  "sn1.27:0.3": "Потоки ",
  "sn1.27:1.1": "“Откуда все потоки поворачивают вспять? ",
  "sn1.27:1.2": "Где круговерть перестаёт вращаться? ",
  "sn1.27:1.3": "Где имя-и-форма исчезает, ",
  "sn1.27:1.4": "И прекращается где без остатка?” ",
  "sn1.27:2.1": "“Там, где вода, земля, огонь и воздух ",
  "sn1.27:2.2": "Опоры обрести не могут: ",
  "sn1.27:2.3": "Отсюда поворачивают все потоки вспять, ",
  "sn1.27:2.4": "Здесь круговерть перестаёт вращаться, ",
  "sn1.27:2.5": "Здесь имя-и-форма исчезает, ",
  "sn1.27:2.6": "И прекращается здесь без остатка”. "
}