{
  "sn1.52:0.1": "Связанные Наставления 1.52 ",
  "sn1.52:0.2": "6. Старость ",
  "sn1.52:0.3": "Нераспадающееся ",
  "sn1.52:1.1": "“Какое же благо не распадается? ",
  "sn1.52:1.2": "Что станет благом, коль сохранено? ",
  "sn1.52:1.3": "Каков самоцвет для людей самый ценный? ",
  "sn1.52:1.4": "Что же не могут воры украсть?” ",
  "sn1.52:2.1": "“Нравственность — благо, что не распадается. ",
  "sn1.52:2.2": "Вера — вот благо, коль сохранено. ",
  "sn1.52:2.3": "Мудрость есть тот самоцвет самый ценный. ",
  "sn1.52:2.4": "Заслуги не могут воры украсть”. "
}