{
  "sn1.48:0.1": "Связанные Наставления 1.48 ",
  "sn1.48:0.2": "5. В огне ",
  "sn1.48:0.3": "Роща Джеты ",
  "sn1.48:1.1": "“Действительно так оно, что роща Джеты ",
  "sn1.48:1.2": "Убежищем стала для группы провидцев. ",
  "sn1.48:1.3": "И сам Дхаммы Царь ныне там проживает, ",
  "sn1.48:1.4": "В том месте, что радость теперь мне приносит. ",
  "sn1.48:2.1": "Поступок и праведность, знание ",
  "sn1.48:2.2": "И нравственность, и совершенная жизнь: ",
  "sn1.48:2.3": "Вот смертные чем себя могут очистить, ",
  "sn1.48:2.4": "А не богатством иль кланом. ",
  "sn1.48:3.1": "Поэтому мудростью кто обладает, ",
  "sn1.48:3.2": "Преследуя благо своё, ",
  "sn1.48:3.3": "Исследовать Дхамму он тщательно должен, ",
  "sn1.48:3.4": "И этим очистить себя. ",
  "sn1.48:4.1": "Монах Сарипутта воистину мудр, ",
  "sn1.48:4.2": "Он нравственен и безмятежен. ",
  "sn1.48:4.3": "И даже монах, что за мира грань вышел, ",
  "sn1.48:4.4": "Не может быть выше, чем он”. "
}