{
  "sn1.70:0.1": "Связанные Наставления 1.70 ",
  "sn1.70:0.2": "7. Отягощает ",
  "sn1.70:0.3": "Мир ",
  "sn1.70:1.1": "“В чём мир возник? ",
  "sn1.70:1.2": "В чём близость он создал? ",
  "sn1.70:1.3": "К чему цепляясь, изнуряем мир, ",
  "sn1.70:1.4": "И в отношении чего?” ",
  "sn1.70:2.1": "“В шестёрке мир возник, ",
  "sn1.70:2.2": "В шестёрке близость он создал. ",
  "sn1.70:2.3": "К шести цепляясь, мир сей изнуряем —",
  "sn1.70:2.4": "По отношению к шести”. "
}