{
  "sn1.60:0.1": "Связанные Наставления 1.60 ",
  "sn1.60:0.2": "6. Старость ",
  "sn1.60:0.3": "Поэзия ",
  "sn1.60:1.1": "“В чём состоят леса для строф? ",
  "sn1.60:1.2": "Формулировку что их составляет? ",
  "sn1.60:1.3": "Опору в чём может найти строфа? ",
  "sn1.60:1.4": "Что для строфы является жилищем?” ",
  "sn1.60:2.1": "“Размерный ритм — леса для строф. ",
  "sn1.60:2.2": "Слог составляет их формулировку. ",
  "sn1.60:2.3": "И на имён опоре покоится строфа. ",
  "sn1.60:2.4": "Поэт – вот для строфы жилище”. "
}