{
  "sn1.34:0.1": "Связанные Наставления 1.34 ",
  "sn1.34:0.2": "4. Группа Сатуллапы ",
  "sn1.34:0.3": "Нет ",
  "sn1.34:1.1": "Однажды Благословенный проживал в Саваттхи, в роще Джеты, в парке Анатхапиндики. ",
  "sn1.34:1.2": "И когда наступила глубокая ночь, несколько божеств прекрасной наружности, входящих в группу Сатуллапы, освещая всю рощу Джеты, подошли к Благословенному. Подойдя, они поклонились Благословенному и встали рядом. ",
  "sn1.34:1.3": "Затем одно из божеств, стоя рядом, произнесло эту строфу в присутствии Благословенного: ",
  "sn1.34:2.1": "“Средь человеческих существ нет постоянных чувственных услад. ",
  "sn1.34:2.2": "Есть лишь те вещи, что желанны. Коль человек привязан к ним, ",
  "sn1.34:2.3": "Беспечный, ими окружённый, —",
  "sn1.34:2.4": "Из царства Смерти не достигнет не-возвращения состояния”. ",
  "sn1.34:3.1": "“Невзгоды рождены из желания. Страдание рождено из желания. ",
  "sn1.34:3.2": "С устранением желания устраняются невзгоды. ",
  "sn1.34:3.3": "С устранением невзгод устраняется страдание”. ",
  "sn1.34:4.1": "“Это не чувственные наслаждения — мирские миловидные вещицы: ",
  "sn1.34:4.2": "Чувственность человека — устремление страсти. ",
  "sn1.34:4.3": "А миловидные вещицы лишь просто остаются в мире, ",
  "sn1.34:4.4": "Но мудрый устраняет всякое желание к ним. ",
  "sn1.34:5.1": "Нужно оставить злобу, самомнение отбросить, ",
  "sn1.34:5.2": "Все путы следует преодолеть. ",
  "sn1.34:5.3": "Тот, ничего кто не имеет, страданием не угнетён, ",
  "sn1.34:5.4": "Не льнёт он к имени-и-форме. ",
  "sn1.34:6.1": "“Отбросил он подсчёт, не заявляет самомнения, ",
  "sn1.34:6.2": "Отрезал жажду к имени-и-форме он. ",
  "sn1.34:6.3": "И божества, и люди его ищут —",
  "sn1.34:6.4": "И здесь и там, на небесах, в обителях во всех. ",
  "sn1.34:6.5": "Того, кто разрубил узлы, найти они не могут, ",
  "sn1.34:6.6": "Того, кто не обеспокоен, жажды кто лишён. ",
  "sn1.34:7.1": "Достопочтенный Могхараджа: “Не видели коль божества и люди ",
  "sn1.34:7.2": "",
  "sn1.34:7.3": "Того, кто здесь и там освободился, —",
  "sn1.34:7.4": "Стоит ли их хвалить за то, что чтят они его, ",
  "sn1.34:7.5": "Лучшего из людей, живущего для их же блага?” ",
  "sn1.34:8.1": "Благословенный: “Монахи эти тоже похвалы достойны, ",
  "sn1.34:8.2": "",
  "sn1.34:8.3": "Кто чтит его, кто так освобождён. ",
  "sn1.34:8.4": "Но коль познают Дхамму и сомнения отбросят, ",
  "sn1.34:8.5": "Монахи станут теми, кто узлы преодолел”. "
}