{
  "sn1.23:0.1": "Связанные Наставления 1.23 ",
  "sn1.23:0.2": "3. Меч ",
  "sn1.23:0.3": "Клубок ",
  "sn1.23:1.1": "“Клубок внутри, клубок снаружи, ",
  "sn1.23:1.2": "Поколение — спутанный клубок. ",
  "sn1.23:1.3": "Спрошу я тебя, о Готама, ",
  "sn1.23:1.4": "Кто может сей клубок распутать?” ",
  "sn1.23:2.1": "“Мудрый, окрепший в нравственности, ",
  "sn1.23:2.2": "Ум развивающий и мудрость, ",
  "sn1.23:2.3": "Старательный и рассудительный монах —",
  "sn1.23:2.4": "Вот может кто клубок этот распутать. ",
  "sn1.23:3.1": "В ком злость и жажда, ",
  "sn1.23:3.2": "И неведение были удалены, —",
  "sn1.23:3.3": "Архаты, уничтожившие пятна —",
  "sn1.23:3.4": "Вот у кого клубок распутан. ",
  "sn1.23:4.1": "Имя-и-форма где исчезает, ",
  "sn1.23:4.2": "И прекращается где без остатка, ",
  "sn1.23:4.3": "Нет восприятий от чувств и от форм —",
  "sn1.23:4.4": "Вот где разрезан этот клубок” "
}