{
  "sn1.40:0.1": "Связанные Наставления 1.40 ",
  "sn1.40:0.2": "4. Группа Сатуллапы ",
  "sn1.40:0.3": "Дочь Падджунны (II) ",
  "sn1.40:1.1": "Так я слышал. ",
  "sn1.40:1.2": "Однажды Благословенный проживал в Весали, в Великом лесу, в Зале С Остроконечной Крышей. ",
  "sn1.40:1.3": "И когда наступила глубокая ночь, Чулакоканада, младшая дочь Падджунны, обладающая прекрасной наружностью, освещая весь Великий лес, подошла к Благословенному. Подойдя, она поклонилась Благословенному, встала рядом ",
  "sn1.40:1.4": "и произнесла эти строфы в присутствии Благословенного: ",
  "sn1.40:2.1": "“Пришла сюда Коканада, Падджунны дочь, ",
  "sn1.40:2.2": "Красивая, как молнии сияние. ",
  "sn1.40:2.3": "Будде и Дхамме выражая почитание, ",
  "sn1.40:2.4": "Вот эти строфы, полные значения, произносит. ",
  "sn1.40:3.1": "Хоть Дхамма и такой природой обладает, ",
  "sn1.40:3.2": "Что рассмотреть могу её различными путями, ",
  "sn1.40:3.3": "Её значение я выражу лишь кратко —",
  "sn1.40:3.4": "До степени той, что я выучить сумела: ",
  "sn1.40:4.1": "Не нужно в мире зла свершать, ",
  "sn1.40:4.2": "ни телом, ни умом, ни речью. ",
  "sn1.40:4.3": "Отбросив наслаждения чувств, осознанный и бдительный ",
  "sn1.40:4.4": "Идти не должен тем путём,что причиняет боль и вред”. "
}