{
  "sn1.50:0.1": "Связанные Наставления 1.50 ",
  "sn1.50:0.2": "5. В огне ",
  "sn1.50:0.3": "Гхатикара ",
  "sn1.50:1.1": "“Семь монахов родились в Авихе ",
  "sn1.50:1.2": "И сразу полностью освободились. ",
  "sn1.50:1.3": "Жажду и злобу всецело разрушив, ",
  "sn1.50:1.4": "К миру привязанность пересекли”. ",
  "sn1.50:2.1": "“Но кто болото пересёк, ",
  "sn1.50:2.2": "Смерти владение, что трудно пересечь? ",
  "sn1.50:2.3": "Кто в оставлении человеческого тела ",
  "sn1.50:2.4": "Смог одолеть небесные путы?” ",
  "sn1.50:3.1": "“Это Упака и Палаганда ",
  "sn1.50:3.2": "Вместе с Пуккусати — вот они, три. ",
  "sn1.50:3.3": "Далее, Бхаддия и Бхаддадева, ",
  "sn1.50:3.4": "Пингия и, наконец, Бахуданти. ",
  "sn1.50:3.5": "Вот кто, людское тело оставив, ",
  "sn1.50:3.6": "Смог одолеть и небесные путы”. ",
  "sn1.50:4.1": "“Благое слово ты держишь о них, ",
  "sn1.50:4.2": "Тех, кто отбросил Мары силки. ",
  "sn1.50:4.3": "Чьей была Дхамма, они что познали, ",
  "sn1.50:4.4": "Существования неволю разбив?” ",
  "sn1.50:5.1": "“Не чьей иной, как Благословенного! ",
  "sn1.50:5.2": "Не чьим иным, как твоим Учением! ",
  "sn1.50:5.3": "Смогли понять они Дхамму твою, ",
  "sn1.50:5.4": "Существования неволю разбив. ",
  "sn1.50:6.1": "Имя-и-форма где исчезает, ",
  "sn1.50:6.2": "И прекращается где без остатка: ",
  "sn1.50:6.3": "Вот эту Дхамму постигли они, ",
  "sn1.50:6.4": "Существования неволю разбив”. ",
  "sn1.50:7.1": "“Очень глубокую речь произносишь, ",
  "sn1.50:7.2": "Трудно понять это, трудно постичь. ",
  "sn1.50:7.3": "Чьей была Дхамма, ты понял которую, ",
  "sn1.50:7.4": "Что столь глубокую речь говоришь?” ",
  "sn1.50:8.1": "“В прошлом гончарных изделий был мастером, ",
  "sn1.50:8.2": "Жил в Вехалинге и был Гхатикарой. ",
  "sn1.50:8.3": "Мать и отца содержал я тогда, ",
  "sn1.50:8.4": "Будды Кассапы приверженцем был. ",
  "sn1.50:9.1": "От половых себя связей я сдерживал, ",
  "sn1.50:9.2": "Был я безбрачным, без плотских утех. ",
  "sn1.50:9.3": "Был деревенским твоим я приятелем, ",
  "sn1.50:9.4": "Другом твоим был я в прошлом тогда. ",
  "sn1.50:10.1": "Ныне я тот, знанием кто обладает, ",
  "sn1.50:10.2": "Что семь монахов освобождены. ",
  "sn1.50:10.3": "Жажду и злобу всецело разрушив, ",
  "sn1.50:10.4": "К миру привязанность пересекли”. ",
  "sn1.50:11.1": "“Так оно было в те времена, ",
  "sn1.50:11.2": "Как говоришь ты, о Бхаггава. ",
  "sn1.50:11.3": "В прошлом гончарных изделий был мастером, ",
  "sn1.50:11.4": "Жил в Вехалинге и был Гхатикарой. ",
  "sn1.50:11.5": "Мать и отца содержал ты тогда, ",
  "sn1.50:11.6": "Будды Кассапы приверженцем был. ",
  "sn1.50:12.1": "От половых себя связей ты сдерживал, ",
  "sn1.50:12.2": "Был ты безбрачным, без плотских утех. ",
  "sn1.50:12.3": "Был деревенским моим ты приятелем, ",
  "sn1.50:12.4": "Другом моим был ты в прошлом тогда”. ",
  "sn1.50:13.1": "Вот каковая встреча случилась ",
  "sn1.50:13.2": "Между друзьями далёкого прошлого. ",
  "sn1.50:13.3": "Внутренне оба теперь они развиты, ",
  "sn1.50:13.4": "Носят последние свои тела. "
}