{
  "sn1.6:0.1": "Связанные Наставления 1.6 ",
  "sn1.6:0.2": "1. Тростник ",
  "sn1.6:0.3": "Бодрствуют ",
  "sn1.6:1.1": "В Саваттхи. ",
  "sn1.6:1.2": "Стоя рядом, то божество произнесло такую строфу в присутствии Благословенного: ",
  "sn1.6:2.1": "“Сколькие спят, когда не спят другие? ",
  "sn1.6:2.2": "Сколько не спит, когда другие спят? ",
  "sn1.6:2.3": "Сколькими пыль одну лишь собираешь? ",
  "sn1.6:2.4": "Сколькими очищаешь ты себя?”. ",
  "sn1.6:3.1": "“Пятеро спят, когда не спят другие. ",
  "sn1.6:3.2": "Те пять не спят, когда другие спят. ",
  "sn1.6:3.3": "Пятью вещами пыль ты собираешь, ",
  "sn1.6:3.4": "Пятью вещами очищаешь ты себя”. "
}