{
  "sn1.18:0.1": "Связанные Наставления 1.18 ",
  "sn1.18:0.2": "2. Нандана ",
  "sn1.18:0.3": "Чувство стыда ",
  "sn1.18:1.1": "“Есть ли где-либо в мире кто-либо, ",
  "sn1.18:1.2": "Сдержан кто был бы чувством стыда, ",
  "sn1.18:1.3": "Кто отступает от порицания, ",
  "sn1.18:1.4": "Точно как конь от удара кнута?” ",
  "sn1.18:2.1": "“Мало тех, сдержан кто чувством стыда, ",
  "sn1.18:2.2": "Всегда осознан, таким и живёт. ",
  "sn1.18:2.3": "Мало страданий конца кто достиг, ",
  "sn1.18:2.4": "Курс держит ровно неровных среди”. "
}