{
  "sn1.39:0.1": "Связанные Наставления 1.39 ",
  "sn1.39:0.2": "4. Группа Сатуллапы ",
  "sn1.39:0.3": "Дочь Падджунны (I) ",
  "sn1.39:1.1": "Так я слышал. ",
  "sn1.39:1.2": "Однажды Благословенный проживал в Весали, в Великом лесу, в Зале С Остроконечной Крышей. ",
  "sn1.39:1.3": "И когда наступила глубокая ночь, Коканада, дочь Падджунны, обладающая прекрасной наружностью, освещая весь Великий лес, подошла к Благословенному. Подойдя, она поклонилась Благословенному, встала рядом ",
  "sn1.39:1.4": "и произнесла эти строфы в присутствии Благословенного: ",
  "sn1.39:2.1": "“Я поклоняюсь Будде, лучшему среди существ, ",
  "sn1.39:2.2": "Тому, кто проживает в лесной чаще у Весали. ",
  "sn1.39:2.3": "Коканадой зовут меня, ",
  "sn1.39:2.4": "И дочь Падджунны я. ",
  "sn1.39:3.1": "Я прежде слышала лишь только то, ",
  "sn1.39:3.2": "Что Дхамму Видящий сумел постичь. ",
  "sn1.39:3.3": "Теперь же вижу я её сама, ",
  "sn1.39:3.4": "Когда Мудрец, Счастливый, обучает. ",
  "sn1.39:4.1": "Люди невежественные, ходят что вокруг, ",
  "sn1.39:4.2": "И изливают критику на Дхамму Благородных, ",
  "sn1.39:4.3": "Устремлены в ужасный ад Рорувы, ",
  "sn1.39:4.4": "Переживают долго там страдания они. ",
  "sn1.39:5.1": "Но тот, имеет кто согласие, покой ",
  "sn1.39:5.2": "По отношению к благородной Дхамме, ",
  "sn1.39:5.3": "Отбросив человеческое тело, ",
  "sn1.39:5.4": "Пополнит небожителей он свиту”. "
}