{
  "sn1.73:0.1": "Связанные Наставления 1.73 ",
  "sn1.73:0.2": "8. Убив ",
  "sn1.73:0.3": "Сокровище ",
  "sn1.73:1.1": "“И каково же лучшее сокровище людей? ",
  "sn1.73:1.2": "Что практикуемое хорошо приносит счастье? ",
  "sn1.73:1.3": "Каков в действительности самый сладкий вкус? ",
  "sn1.73:1.4": "Как живёт тот, кто, говорят, живёт всех лучше?” ",
  "sn1.73:2.1": "“Вера — вот лучшее сокровище людей. ",
  "sn1.73:2.2": "Практика Дхаммы же приносит счастье. ",
  "sn1.73:2.3": "И истина — вот самый сладкий вкус. ",
  "sn1.73:2.4": "Кто живёт мудростью, тот и живёт всех лучше”. "
}