{
  "sn1.59:0.1": "Связанные Наставления 1.59 ",
  "sn1.59:0.2": "6. Старость ",
  "sn1.59:0.3": "Сожитель ",
  "sn1.59:1.1": "“Кого можно его сожителем назвать? ",
  "sn1.59:1.2": "И от кого он получает наставления? ",
  "sn1.59:1.3": "В чём смертный, наслаждение черпая, ",
  "sn1.59:1.4": "Освобождается от всяческих страданий?” ",
  "sn1.59:2.1": "“Веру — вот можно что сожителем назвать. ",
  "sn1.59:2.2": "Мудрость — вот от кого он получает наставления. ",
  "sn1.59:2.3": "В ниббане наслаждения черпая, ",
  "sn1.59:2.4": "Смертный освобождён от всяческих страданий”. "
}