{
  "sn1.41:0.1": "Связанные Наставления 1.41 ",
  "sn1.41:0.2": "5. В огне ",
  "sn1.41:0.3": "В огне ",
  "sn1.41:1.1": "Так я слышал. ",
  "sn1.41:1.2": "Однажды Благословенный проживал в Саваттхи, в роще Джеты, в парке Анатхапиндики. ",
  "sn1.41:1.3": "И когда наступила глубокая ночь, некое божество прекрасной наружности, освещая всю рощу Джеты, подошло к Благословенному. Подойдя, оно поклонилось Благословенному, встало рядом ",
  "sn1.41:1.4": "и произнесло эти строфы в присутствии Благословенного: ",
  "sn1.41:2.1": "“Когда твой дом в огне, ",
  "sn1.41:2.2": "То выставлен сосуд. ",
  "sn1.41:2.3": "Но этот ли полезен ",
  "sn1.41:2.4": "Иль тот, в огне который?” ",
  "sn1.41:3.1": "“Когда мир полыхает ",
  "sn1.41:3.2": "Старением и смертью, ",
  "sn1.41:3.3": "То выставлять, спасая, нужно своё даяние: ",
  "sn1.41:3.4": "Ведь сделанный подарок – есть лучшее спасение. ",
  "sn1.41:4.1": "Подаренное принесёт хороший плод, ",
  "sn1.41:4.2": "Но с не-подаренным это совсем не так. ",
  "sn1.41:4.3": "Вор заберёт его, а может быть, и царь. ",
  "sn1.41:4.4": "Иль потеряется, или сгорит в огне. ",
  "sn1.41:5.1": "В конце ты оставляешь это тело, ",
  "sn1.41:5.2": "Как и имущество любое всё своё. ",
  "sn1.41:5.3": "И мудрый человек, всё это осознав, ",
  "sn1.41:5.4": "Должен не только наслаждаться сам, но и с другими это разделять. ",
  "sn1.41:5.5": "И, насладившись жизнью по средствам, сделав дарения людям другим, ",
  "sn1.41:5.6": "Он, безупречный, попадёт на небеса”. "
}