{
  "sn1.2:0.1": "Связанные Наставления 1.2 ",
  "sn1.2:0.2": "1. Тростник ",
  "sn1.2:0.3": "Высвобождение ",
  "sn1.2:1.1": "В Саваттхи. ",
  "sn1.2:1.2": "И тогда, глубокой ночью, некое божество прекрасной наружности, освещая всю рощу Джеты, подошло к Благословенному. Подойдя, оно поклонилось Благословенному, встало рядом и сказало ему: ",
  "sn1.2:2.1": "“Почтенный, знаете ли вы высвобождение, избавление, уединение для существ?” ",
  "sn1.2:3.1": "“Я знаю, друг, высвобождение, избавление, уединение для существ”. ",
  "sn1.2:4.1": "“Но каким образом, почтенный, вы знаете высвобождение, избавление, уединение для существ?” ",
  "sn1.2:5.1": "“Уничтожением наслаждения существованием, ",
  "sn1.2:5.2": "Исчезновением восприятия, сознания ",
  "sn1.2:5.3": "И прекращением, успокоением чувств: ",
  "sn1.2:5.4": "Вот каким образом, друг, знаю для существ ",
  "sn1.2:5.5": "Высвобождение, уединение, избавление”. "
}