{
  "sn1.75:0.1": "Связанные Наставления 1.75 ",
  "sn1.75:0.2": "8. Убив ",
  "sn1.75:0.3": "Испуган ",
  "sn1.75:1.1": "“Так почему столь многие робеют, ",
  "sn1.75:1.2": "Когда их научили пути и основаниям? ",
  "sn1.75:1.3": "Спрошу тебя я, о мудрец Готама: ",
  "sn1.75:1.4": "На что же опереться, чтоб следующего мира не стоило бояться?” ",
  "sn1.75:2.1": "“Направив правильно свой ум, а также речь, ",
  "sn1.75:2.2": "Не делая дурных поступков своим телом, ",
  "sn1.75:2.3": "В миру живя с достатком пищи и напитков, ",
  "sn1.75:2.4": "Будь щедрым, мягким, добрым, верой обладая: ",
  "sn1.75:2.5": "Коль на четвёрку эту обопрёшься, ",
  "sn1.75:2.6": "Коль обопрёшься ты на эту Дхамму, то мира следующего нет нужды бояться”. "
}