{
  "sn1.74:0.1": "Связанные Наставления 1.74 ",
  "sn1.74:0.2": "8. Убив ",
  "sn1.74:0.3": "Дождь ",
  "sn1.74:1.1": "“Что прорастает лучше остального? ",
  "sn1.74:1.2": "Что превосходит то, что ниспадает? ",
  "sn1.74:1.3": "Кто лучше всех в бездомной жизни? ",
  "sn1.74:1.4": "Кто величайший среди тех, кто говорит?” ",
  "sn1.74:2.1": "“Среди того, что прорастает, лучшее — зерно. ",
  "sn1.74:2.2": "Дождь превосходит то, что ниспадает. ",
  "sn1.74:2.3": "Рогатый скот — вот лучшее в бездомье. ",
  "sn1.74:2.4": "Сын — величайший среди тех, кто говорит”. ",
  "sn1.74:3.1": "“Среди того, что прорастает, лучше знания нет. ",
  "sn1.74:3.2": "Неведение же превосходит то, что ниспадает. ",
  "sn1.74:3.3": "Сангха монахов — лучшее в бездомье. ",
  "sn1.74:3.4": "А Будда — величайший среди тех, кто говорит”. "
}