{
  "sn1.51:0.1": "Связанные Наставления 1.51 ",
  "sn1.51:0.2": "6. Старость ",
  "sn1.51:0.3": "Старость ",
  "sn1.51:1.1": "“Какое же благо до старости длится? ",
  "sn1.51:1.2": "Какое же благо утверждено? ",
  "sn1.51:1.3": "Каков самоцвет для людей самый ценный? ",
  "sn1.51:1.4": "Вору украсть что труднее всего?” ",
  "sn1.51:2.1": "“Нравственность — благо, до старости длится. ",
  "sn1.51:2.2": "Вера — то благо, что утверждено. ",
  "sn1.51:2.3": "Мудрость есть тот самоцвет самый ценный. ",
  "sn1.51:2.4": "Вору заслугу трудно украсть”. "
}