{
  "sn1.13:0.1": "Связанные Наставления 1.13 ",
  "sn1.13:0.2": "2. Нандана ",
  "sn1.13:0.3": "Не сравнится с той, что к сыну ",
  "sn1.13:1.1": "В Саваттхи. ",
  "sn1.13:1.2": "Стоя рядом, то божество произнесло такую строфу в присутствии Благословенного: ",
  "sn1.13:2.1": "“Сильней любви, чем к сыну, не бывает, ",
  "sn1.13:2.2": "Ценней скотины не найти богатства, ",
  "sn1.13:2.3": "Нет света в мире, что подобен солнцу, ",
  "sn1.13:2.4": "И величавей вод всех океан”. ",
  "sn1.13:3.1": "“Сильнее нет любви, чем к самому себе, ",
  "sn1.13:3.2": "И не найти ценней зерна богатства, ",
  "sn1.13:3.3": "Нет света лучше мудрости сияния, ",
  "sn1.13:3.4": "А дождь величественней вод всех остальных”. "
}