{
  "sn1.30:0.1": "Связанные Наставления 1.30 ",
  "sn1.30:0.2": "3. Меч ",
  "sn1.30:0.3": "Икры, как у антилопы ",
  "sn1.30:1.1": "“И подойдя, тебя мы спросим о стройном герое с икрами, как у антилопы, ",
  "sn1.30:1.2": "Который жажды не имеет, и пищи ест который мало, ",
  "sn1.30:1.3": "Скитается один, подобно льву иль наге, ",
  "sn1.30:1.4": "И не заботится о чувственных усладах: ",
  "sn1.30:1.5": "",
  "sn1.30:1.6": "Так как же он освободился от страданий?” ",
  "sn1.30:2.1": "“Пять множителей чувственности в мире, ",
  "sn1.30:2.2": "Где ум шестой объявлен нитью: ",
  "sn1.30:2.3": "Желание в этом уничтожив, ",
  "sn1.30:2.4": "Он стал свободным от страданий”. "
}