{
  "sn1.58:0.1": "Связанные Наставления 1.58 ",
  "sn1.58:0.2": "6. Старость ",
  "sn1.58:0.3": "Обочина ",
  "sn1.58:1.1": "“Что обочиной объявлено? ",
  "sn1.58:1.2": "Что ночью и днём распадающееся? ",
  "sn1.58:1.3": "Что есть пятно целомудрия? ",
  "sn1.58:1.4": "Что — омовение без воды?” ",
  "sn1.58:2.1": "“Страсть обочиной объявлена. ",
  "sn1.58:2.2": "Жизнь — ночью и днём распадающееся. ",
  "sn1.58:2.3": "Женщины — пятно целомудрия, ",
  "sn1.58:2.4": "Здесь это запуталось поколение. ",
  "sn1.58:2.5": "Аскетичность и целомудрие —",
  "sn1.58:2.6": "Это омовение без воды”. "
}