{
  "sn1.36:0.1": "Связанные Наставления 1.36 ",
  "sn1.36:0.2": "4. Группа Сатуллапы ",
  "sn1.36:0.3": "Вера ",
  "sn1.36:1.1": "Однажды Благословенный проживал в Саваттхи, в роще Джеты, в парке Анатхапиндики. ",
  "sn1.36:1.2": "И когда наступила глубокая ночь, несколько божеств прекрасной наружности, входящих в группу Сатуллапы, освещая всю рощу Джеты, подошли к Благословенному. Подойдя, они поклонились Благословенному и встали рядом. ",
  "sn1.36:1.3": "Затем одно из божеств, стоя рядом, произнесло эту строфу в присутствии Благословенного: ",
  "sn1.36:2.1": "“Вера — вот твой напарник. ",
  "sn1.36:2.2": "Коль отсутствие веры не крепнет, ",
  "sn1.36:2.3": "Придут к тебе слава, известность. ",
  "sn1.36:2.4": "А по оставлении тела отправишься ты в мир небесный”. ",
  "sn1.36:3.1": "Затем другое божество произнесло эти строфы в присутствии Благословенного: ",
  "sn1.36:4.1": "“Нужно оставить злобу, самомнение откинуть, ",
  "sn1.36:4.2": "Все путы следует преодолеть. ",
  "sn1.36:4.3": "Тот, ничего кто не имеет, привязью не терзаем, ",
  "sn1.36:4.4": "Не льнёт он к имени-и-форме”. ",
  "sn1.36:5.1": "“Глупцы, лишённые мудрости, ",
  "sn1.36:5.2": "Беспечности потакают. ",
  "sn1.36:5.3": "Мудрец бережёт прилежание ",
  "sn1.36:5.4": "Как главное богатство. ",
  "sn1.36:6.1": "Не уступай беспечности, ",
  "sn1.36:6.2": "С чувственным счастьем не дружи. ",
  "sn1.36:6.3": "Ведь кто прилежен, медитирует, ",
  "sn1.36:6.4": "Высшее счастье обретёт”. "
}