{
  "sn1.71:0.1": "Связанные Наставления 1.71 ",
  "sn1.71:0.2": "8. Убив ",
  "sn1.71:0.3": "Убив ",
  "sn1.71:1.1": "В Саваттхи. ",
  "sn1.71:1.2": "Стоя рядом, то божество обратилось к Благословенному строфой: ",
  "sn1.71:2.1": "“Что же убив, он спит спокойно? ",
  "sn1.71:2.2": "Что же убив, не знает он печали? ",
  "sn1.71:2.3": "Что же за вещь это, Готама, ",
  "sn1.71:2.4": "Убийство каковой ты одобряешь?” ",
  "sn1.71:3.1": "“Злобу убив, он спит спокойно, ",
  "sn1.71:3.2": "Злобу убив, не знает он печали, ",
  "sn1.71:3.3": "Убийство злобы, дэвата, —",
  "sn1.71:3.4": "Как и её отравленного корня, и сладкого её конца —",
  "sn1.71:3.5": "Это и есть то самое убийство, что Благородный восхваляет. ",
  "sn1.71:3.6": "Убей же это — и не будешь ты грустить”. "
}