{
  "sn1.12:0.1": "Связанные Наставления 1.12 ",
  "sn1.12:0.2": "2. Нандана ",
  "sn1.12:0.3": "Наслаждение ",
  "sn1.12:1.1": "В Саваттхи. ",
  "sn1.12:1.2": "Стоя рядом, то божество произнесло такую строфу в присутствии Благословенного: ",
  "sn1.12:2.1": "“Тот, у кого есть сыновья, тот радуется сыновьям, ",
  "sn1.12:2.2": "Тот, у кого домашний скот, — домашнему скоту. ",
  "sn1.12:2.3": "Ведь обретения — наслаждение человека, ",
  "sn1.12:2.4": "Ему без обретений наслаждения не найти”. ",
  "sn1.12:3.1": "“Тот, у кого есть сыновья, грустит по сыновьям, ",
  "sn1.12:3.2": "А у кого есть скот — грустит тот по скоту. ",
  "sn1.12:3.3": "Для человека обретения — воистину печаль, ",
  "sn1.12:3.4": "Он не печалится, коль не имеет обретений”. "
}