{
  "sn7.21:0.1": "Связанные Наставления 7.21 ",
  "sn7.21:0.2": "Миряне ",
  "sn7.21:0.3": "Сангарава ",
  "sn7.21:1.1": "В Саваттхи. ",
  "sn7.21:1.2": "В то время брахман по имени Сангарава проживал в Саваттхи.  Он практиковал очищение водой, он верил в очищение водой,  пребывал, посвящая себя практике погружения в воду на закате и на рассвете. ",
  "sn7.21:1.3": "И затем, утром, достопочтенный Ананда оделся, взял чашу и внешнее одеяние и отправился в Саваттхи за подаяниями. ",
  "sn7.21:1.4": "Походив за подаяниями по Саваттхи, вернувшись с хождения за подаяниями,  после принятия пищи он отправился к Благословенному, поклонился ему, сел рядом и сказал: ",
  "sn7.21:1.5": "“Уважаемый, брахман по имени Сангарава проживает в Саваттхи.  Он практикует очищение водой, он верит в очищение водой,  пребывает, посвящая себя практике погружения в воду на закате и на рассвете. ",
  "sn7.21:1.6": "Было бы хорошо, уважаемый, если бы Благословенный отправился в дом брахмана Сангаравы из сострадания”.  ",
  "sn7.21:1.7": "Благословенный молча согласился. ",
  "sn7.21:2.1": "И тогда, утром, Благословенный оделся и, взяв чашу и внешнее одеяние, отправился в дом брахмана Сангаравы, где сел на подготовленное сиденье.  ",
  "sn7.21:2.2": "Тогда брахман Сангарава подошёл к Благословенному и обменялся с ним вежливывыми приветствиями.  ",
  "sn7.21:2.3": "После обмена вежливыми приветствиями и любезностями он сел рядом. Благословенный сказал ему: ",
  "sn7.21:2.4": "“Правда ли, брахман, что ты практикуешь очищение водой, веришь в очищение водой, пребываешь, посвящая себя практике погружения в воду на закате и на рассвете?” ",
  "sn7.21:2.5": "“Да, господин Готама.  ",
  "sn7.21:2.6": "“Рассчитывая на какое благо ты поступаешь так, брахман?” ",
  "sn7.21:2.7": "“Мастер Готама, любой плохой поступок, который я совершил днём, я смываю омовением на закате.  ",
  "sn7.21:2.8": "Любой плохой поступок, который я совершил ночью, я смываю омовением на рассвете”. ",
  "sn7.21:3.1": "[Благословенный ответил]:“Дхамма подобна озеру, а нравственность в ней — брод, ",
  "sn7.21:3.2": "Она чиста, и добродетельные люди её хвалят, ",
  "sn7.21:3.3": "Владыки знаний омовения здесь свершают, ",
  "sn7.21:3.4": "А высохнув, на дальний берег переходят”. ",
  "sn7.21:4.1": "Когда так было сказано, брахман Сангарава сказал Благословенному:  ",
  "sn7.21:4.2": "“Великолепно, господин Готама! Великолепно!… ",
  "sn7.21:4.3": "Пусть господин Готама помнит меня как мирского последователя, принявшего в нём прибежище с этого дня и на всю жизнь”. "
}