{
  "sn7.4:0.1": "Связанные Наставления 7.4 ",
  "sn7.4:0.2": "Араханты ",
  "sn7.4:0.3": "Билангика ",
  "sn7.4:1.1": "Однажды Благословенный пребывал в Раджагахе, в Бамбуковой роще, в Беличьем Святилище. ",
  "sn7.4:1.2": "И тогда брахман Билангика Бхарадваджа услышал: ",
  "sn7.4:1.3": "“Говорят, что брахман из клана Бхарадваджей покинул мирскую жизнь ради жизни бездомной под [учительством] отшельника Готамы”.  Злой и недовольный, он отправился к Благословенному и молча встал рядом. ",
  "sn7.4:1.4": "И тогда Благословенный, [напрямую] познав своим умом раздумье в уме брахмана Билангики Бхарадваджи, обратился к нему строфой: ",
  "sn7.4:2.1": "“Когда на невиновного клевещет, ",
  "sn7.4:2.2": "На человека чистого, без пятен, — ",
  "sn7.4:2.3": "То зло вернётся к самому глупцу, ",
  "sn7.4:2.4": "Как если б пыль швырнули против ветра”. ",
  "sn7.4:3.1": "Когда так было сказано, брахман Билангика Бхарадваджа обратился к Благословенному: ",
  "sn7.4:3.2": "“Великолепно, господин Готама!..  ",
  "sn7.4:3.3": "",
  "sn7.4:3.4": "Так достопочтенный Бхарадваджа стал одним из арахантов. "
}