{
  "sn7.3:0.1": "Связанные Наставления 7.3 ",
  "sn7.3:0.2": "Араханты ",
  "sn7.3:0.3": "Асуриндака ",
  "sn7.3:1.1": "Однажды Благословенный пребывал в Раджагахе, в Бамбуковой роще, в Беличьем Святилище. ",
  "sn7.3:1.2": " И тогда брахман Асуриндака Бхарадваджа услышал:  ",
  "sn7.3:1.3": "“Говорят, что брахман из клана Бхарадваджей покинул мирскую жизнь ради жизни бездомной под [учительством] отшельника Готамы”.  Злой и недовольный, он отправился к Благословенному и стал оскорблять и поносить его грубыми, резкими словами.  ",
  "sn7.3:1.4": "Когда он закончил говорить, Благословенный ничего не ответил. ",
  "sn7.3:1.5": "И тогда брахман Асуриндака Бхарадваджа сказал Благословенному: ",
  "sn7.3:1.6": "“Ты повержен, отшельник! Ты повержен, отшельник!” ",
  "sn7.3:2.1": "Благословенный ответил]:“Ха! Дурак считает, что победу одержал, ",
  "sn7.3:2.2": "Когда вопит он грубой своей речью. ",
  "sn7.3:2.3": "Терпение — реальная победа. ",
  "sn7.3:2.4": "Для тех, кто понимает, ",
  "sn7.3:3.1": "Отплачивает злобой кто на злобу, ",
  "sn7.3:3.2": "Тот делает лишь хуже сам себе. ",
  "sn7.3:3.3": "Не отвечая злобою на злобу, ",
  "sn7.3:3.4": "Одерживает верх он в битве трудной. ",
  "sn7.3:4.1": "Он практикует ради блага для обоих, ",
  "sn7.3:4.2": "Для блага собственного и других, ",
  "sn7.3:4.3": "Ведь если знаешь ты, что враг твой негодует, ",
  "sn7.3:4.4": "Осознанно поддержишь свой покой. ",
  "sn7.3:5.1": "Лишь те, кто неумелы в Дхамме, ",
  "sn7.3:5.2": "Достигшего обоих излеченья, — ",
  "sn7.3:5.3": "Других, а также своего, — ",
  "sn7.3:5.4": "глупцом считают”.  ",
  "sn7.3:6.1": "Когда так было сказано, брахман Асуриндака Бхарадваджа обратился к Благословенному:  ",
  "sn7.3:6.2": "Великолепно, господин Готама!..  ",
  "sn7.3:6.3": "",
  "sn7.3:6.4": "Так достопочтенный Бхарадваджа стал одним из арахантов. "
}