{
  "sn7.17:0.1": "Связанные Наставления 7.17 ",
  "sn7.17:0.2": "Миряне ",
  "sn7.17:0.3": "Навакаммика ",
  "sn7.17:1.1": "Однажды Благословенный проживал в стране Косал, в некоей лесной чаще.  ",
  "sn7.17:1.2": "И тогда брахман Навакаммика Бхарадваджа выполнял некую работу в этом лесу.  ",
  "sn7.17:1.3": "Брахман Навакаммика увидел Благословенного, сидящего у подножья одного из саловых деревьев со скрещёнными ногами, держащего тело выпрямленным, установившего осознанность впереди.  ",
  "sn7.17:1.4": "Увидев это, он подумал: ",
  "sn7.17:1.5": "“Я наслаждаюсь выполнением работы в этом лесу.  ",
  "sn7.17:1.6": "Выполнением чего наслаждается этот отшельник Готама?”  ",
  "sn7.17:1.7": "И тогда брахман Навакаммика Бхарадваджа подошёл к Благословенному и обратился к нему строфой: ",
  "sn7.17:2.1": "“В какой же вид работы ты вовлечён ",
  "sn7.17:2.2": "Здесь, в этом саловом лесу, монах, ",
  "sn7.17:2.3": "Из-за которой ты находишь наслаждение, ",
  "sn7.17:2.4": "[Когда], Готама, ты один в лесу?” ",
  "sn7.17:3.1": "[Благословенный]:“Нет ничего в лесу, что нужно было б мне. ",
  "sn7.17:3.2": "Мой лес завял и срублен был под корень. ",
  "sn7.17:3.3": "Неудовольствие отбросив, и стрелу, и лес, ",
  "sn7.17:3.4": "В уединении в лесу я наслаждение получаю”. ",
  "sn7.17:4.1": "Когда так было сказано, брахман Навакаммика обратился к Благословенному: ",
  "sn7.17:4.2": "“Великолепно, господин Готама!..  ",
  "sn7.17:4.3": "Пусть господин Готама помнит меня как мирского последователя, принявшего в нём прибежище с этого дня и на всю жизнь”. "
}