{
  "sn7.6:0.1": "Связанные Наставления 7.6 ",
  "sn7.6:0.2": "Араханты ",
  "sn7.6:0.3": "Клубок ",
  "sn7.6:1.1": "В Саваттхи. ",
  "sn7.6:1.2": "И тогда брахман Джата Бхарадваджа1 подошёл к Благословенному и обменялся с ним приветствиями. ",
  "sn7.6:1.3": "После обмена вежливыми приветствиями и любезностями он сел рядом ",
  "sn7.6:1.4": "и обратился к Благословенному строфами: ",
  "sn7.6:2.1": "“Клубок внутри, клубок снаружи, ",
  "sn7.6:2.2": "Поколение — спутанный клубок. ",
  "sn7.6:2.3": "Спрошу я тебя, о Готама, ",
  "sn7.6:2.4": "Кто может сей клубок распутать?” ",
  "sn7.6:3.1": "[Благословенный]:“Мудрый, окрепший в нравственности, ",
  "sn7.6:3.2": "Ум развивающий и мудрость, ",
  "sn7.6:3.3": "Старательный и рассудительный монах:",
  "sn7.6:3.4": "Вот может кто клубок этот распутать. ",
  "sn7.6:4.1": "В ком злость и жажда, ",
  "sn7.6:4.2": "И неведение были удалены, — ",
  "sn7.6:4.3": "Архаты, уничтожившие пятна:",
  "sn7.6:4.4": "Вот у кого клубок распутан. ",
  "sn7.6:5.1": "Имя-и-форма где исчезает, ",
  "sn7.6:5.2": "И прекращается где без остатка, ",
  "sn7.6:5.3": "Нет восприятий от чувств и от форм: ",
  "sn7.6:5.4": "Вот где разрезан этот клубок”. ",
  "sn7.6:6.1": "Когда так было сказано, брахман Джата Бхарадваджа обратился к Благословенному:  ",
  "sn7.6:6.2": "“Великолепно, господин Готама!..  ",
  "sn7.6:6.3": "Так достопочтенный Бхарадваджа стал одним из арахантов. "
}