{
  "sn7.10:0.1": "Связанные Наставления 7.10 ",
  "sn7.10:0.2": "Араханты ",
  "sn7.10:0.3": "Много дочерей ",
  "sn7.10:1.1": "Однажды Благословенный проживал в стране Косал, в некоей лесной чаще.  ",
  "sn7.10:1.2": "И тогда четырнадцать волов, принадлежавших одному брахману из клана Бхарадваджей, потерялись.  ",
  "sn7.10:1.3": "Брахман из клана Бхарадваджей в поисках этих волов отправился в тот лес, где проживал Благословенный. Там он увидел Благословенного, сидящего со скрещёнными ногами, держащего тело выпрямленным, установившего осознанность впереди.  ",
  "sn7.10:1.4": "Увидев его, он подошёл к нему и произнёс эти строфы в присутствии Благословенного: ",
  "sn7.10:2.1": "“Вне всяческих сомнений, у отшельника ведь нет ",
  "sn7.10:2.2": "Волов четырнадцати, [у меня пропавших], ",
  "sn7.10:2.3": "Шесть прошлых дней не видел я которых: ",
  "sn7.10:2.4": "Так потому отшельник этот счастлив. ",
  "sn7.10:3.1": "Вне всяческих сомнений, у отшельника ведь нет ",
  "sn7.10:3.2": "Полей кунжута, что охвачен был болезнью; ",
  "sn7.10:3.3": "Где лишь один остался лист, а где-то два: ",
  "sn7.10:3.4": "Так потому отшельник этот счастлив. ",
  "sn7.10:4.1": "Вне всяческих сомнений, у отшельника ведь нет ",
  "sn7.10:4.2": "Крыс, обитающих в пустом амбаре, ",
  "sn7.10:4.3": "Что радостно танцуют тут и там: ",
  "sn7.10:4.4": "Так потому отшельник этот счастлив. ",
  "sn7.10:5.1": "Вне всяческих сомнений, у отшельника ведь нет ",
  "sn7.10:5.2": "Тех одеял, семь месяцев уж кои ",
  "sn7.10:5.3": "Покрыты роем разных паразитов: ",
  "sn7.10:5.4": "Так потому отшельник этот счастлив. ",
  "sn7.10:6.1": "Вне всяческих сомнений, у отшельника ведь нет ",
  "sn7.10:6.2": "Семи дочурок овдовевших, с сыновьями — ",
  "sn7.10:6.3": "Одна с одним, другая аж с двумя: ",
  "sn7.10:6.4": "Так потому отшельник этот счастлив. ",
  "sn7.10:7.1": "Вне всяческих сомнений, у отшельника ведь нет ",
  "sn7.10:7.2": "Смуглой жены, с лицом с щербинами от оспы, ",
  "sn7.10:7.3": "Которая пинками будит ото сна: ",
  "sn7.10:7.4": "Так потому отшельник этот счастлив. ",
  "sn7.10:8.1": "Вне всяческих сомнений, у отшельника ведь нет ",
  "sn7.10:8.2": "Заимодавцев, что приходят на рассвете, ",
  "sn7.10:8.3": "Кричат ему: \"Плати!  Плати!\": ",
  "sn7.10:8.4": "Так потому отшельник этот счастлив\". ",
  "sn7.10:9.1": "[Благословенный]:“Брахман, конечно, у меня ведь нет ",
  "sn7.10:9.2": "Волов четырнадцати, [у меня пропавших], ",
  "sn7.10:9.3": "Шесть прошлых дней не видел я которых: ",
  "sn7.10:9.4": "Поэтому, брахман, я счастлив. ",
  "sn7.10:10.1": "Брахман, конечно, у меня ведь нет ",
  "sn7.10:10.2": "Полей кунжута, что охвачен был болезнью; ",
  "sn7.10:10.3": "Где лишь один остался лист, а где-то два: ",
  "sn7.10:10.4": "Поэтому, брахман, я счастлив. ",
  "sn7.10:11.1": "Брахман, конечно, у меня ведь нет ",
  "sn7.10:11.2": "Крыс, обитающих в пустом амбаре, ",
  "sn7.10:11.3": "Что радостно танцуют тут и там: ",
  "sn7.10:11.4": "Поэтому, брахман, я счастлив. ",
  "sn7.10:12.1": "Брахман, конечно, у меня ведь нет ",
  "sn7.10:12.2": "Тех одеял, семь месяцев уж кои ",
  "sn7.10:12.3": "Покрыты роем разных паразитов: ",
  "sn7.10:12.4": "Поэтому, брахман, я счастлив. ",
  "sn7.10:13.1": "Брахман, конечно, у меня ведь нет ",
  "sn7.10:13.2": "Семи дочурок овдовевших, с сыновьями — ",
  "sn7.10:13.3": "Одна с одним, другая аж с двумя: ",
  "sn7.10:13.4": "Поэтому, брахман, я счастлив. ",
  "sn7.10:14.1": "Брахман, конечно, у меня ведь нет ",
  "sn7.10:14.2": "Смуглой жены, с лицом с щербинами от оспы, ",
  "sn7.10:14.3": "Которая пинками будит ото сна: ",
  "sn7.10:14.4": "Поэтому, брахман, я счастлив. ",
  "sn7.10:15.1": "Брахман, конечно, у меня ведь нет ",
  "sn7.10:15.2": "Заимодавцев, что приходят на рассвете, ",
  "sn7.10:15.3": "Кричат ему: \"Плати!  Плати!\": ",
  "sn7.10:15.4": "Поэтому, брахман, я счастлив. ",
  "sn7.10:16.1": "Когда так было сказано, брахман из клана Бхарадваджей обратился к Благословенному: ",
  "sn7.10:16.2": "“Великолепно, господин Готама! Великолепно!… ",
  "sn7.10:16.3": "Как если бы он поставил на место то, что было перевёрнуто, раскрыл спрятанное, показал путь тому, кто потерялся, внёс лампу во тьму, чтобы зрячий да мог увидеть, точно также господин Готама различными способами прояснил Дхамму. ",
  "sn7.10:16.4": "Я принимаю прибежище в господине Готаме, прибежище в Дхамме и прибежище в Сангхе монахов.  ",
  "sn7.10:16.5": "Могу ли я получить младшее посвящение у господина Готамы, могу ли я получить высшее [монашеское] посвящение?” ",
  "sn7.10:17.1": "И тогда брахман из клана Бхарадваджей получил младшее посвящение [под учительством] Благословенного и получил высшее посвящение. ",
  "sn7.10:17.2": " И затем, вскоре после получения высшего посвящения, пребывая в уединении прилежным, старательным, решительным, достопочтенный Бхарадваджа, реализовав это для себя посредством прямого знания, здесь и сейчас вошёл в высочайшую цель святой жизни,  ради которой представители клана праведно оставляют жизнь домохозяйскую и ведут жизнь бездомную, и пребывал в ней.  ",
  "sn7.10:17.3": "Он напрямую познал: “Рождение уничтожено, святая жизнь прожита, сделано то, что следовало сделать, не будет более появления в каком-либо состоянии существования”. ",
  "sn7.10:17.4": "Так достопочтенный Бхарадваджа стал одним из арахантов. ",
  "sn7.10:17.5": "",
  "sn7.10:18.1": "",
  "sn7.10:18.2": "",
  "sn7.10:18.3": "",
  "sn7.10:18.4": "",
  "sn7.10:18.5": ""
}