{
  "sn7.22:0.1": "Связанные Наставления 7.22 ",
  "sn7.22:0.2": "Миряне ",
  "sn7.22:0.3": "Кхомадусса ",
  "sn7.22:1.1": "Так я слышал. ",
  "sn7.22:1.2": "Однажды Благословенный проживал в стране Сакьев, где был город Сакьев под названием Кхомадусса.  ",
  "sn7.22:1.3": "И тогда Благословенный, одевшись, взяв чашу и и внешнее одеяние, вошёл в Кхомадуссу собирать подаяния. ",
  "sn7.22:1.4": "И тогда брахманы-домохозяева из Кхомадуссы пришли на собрание [для решения вопросов] по некоему делу, и в тот момент накрапывал мелкий дождь.  ",
  "sn7.22:1.5": "Благословенный подошёл к собранию.  ",
  "sn7.22:1.6": "Брахманы-домохозяева из Кхомадуссы увидели Благословенного издали ",
  "sn7.22:1.7": " и сказали:  ",
  "sn7.22:1.8": "“Кто эти бритые отшельники?  Разве не знают они о правилах собрания?” ",
  "sn7.22:1.9": "Затем Благословенный обратился к брахманам-домохозяевам из Кхомадуссы [этой] строфой: ",
  "sn7.22:2.1": "“Собрания там нет, где нет благих людей; ",
  "sn7.22:2.2": "Не говорит кто Дхамму, не может быть благим. ",
  "sn7.22:2.3": "Отбросившие злобу, страсть и заблуждение, ",
  "sn7.22:2.4": "Те, говорит кто Дхамму, — только они благие”. ",
  "sn7.22:3.1": "Когда так было сказано, брахманы-домохозяева из Кхомадуссы обратились к Благословенному: ",
  "sn7.22:3.2": "“Великолепно, господин Готама! Великолепно!  ",
  "sn7.22:3.3": "Как если бы он поставил на место то, что было перевёрнуто, раскрыл спрятанное, показал путь тому, кто потерялся, внёс лампу во тьму, чтобы зрячий да мог увидеть, точно также господин Готама различными способами прояснил Дхамму. ",
  "sn7.22:3.4": "Мы принимаем прибежище в господине Готаме, прибежище в Дхамме и прибежище в Сангхе монахов. ",
  "sn7.22:3.5": "Пусть господин Готама помнит нас как мирских последователей, принявших в нём прибежище с этого дня и на всю жизнь”. ",
  "sn7.22:3.6": "",
  "sn7.22:4.1": "",
  "sn7.22:4.2": "",
  "sn7.22:4.3": "",
  "sn7.22:4.4": "",
  "sn7.22:4.5": "",
  "sn7.22:4.6": "",
  "sn7.22:4.7": "The Linked Discourses with Brahmins are complete. "
}