{
  "sn7.13:0.1": "Связанные Наставления 7.13 ",
  "sn7.13:0.2": "Миряне ",
  "sn7.13:0.3": "Девахита ",
  "sn7.13:1.1": "В Саваттхи. ",
  "sn7.13:1.2": "И в то время Благословенный был одолеваем [нарушением] ветров,  ",
  "sn7.13:1.3": "а достопочтенный Упавана был его прислужником.  ",
  "sn7.13:1.4": "И тогда Благословенный обратился к достопочтенному Упаване так:  ",
  "sn7.13:1.5": "“Ну же, Упавана, раздобудь мне горячей воды”. ",
  "sn7.13:1.6": "“Да, уважаемый”, – ответил достопочтенный Упавана.  И тогда он оделся, взял чашу и внешнее одеяние и отправился к дому брахмана Девахиты, возле которого молча встал.  ",
  "sn7.13:1.7": "Брахман Девахита увидел молчаливо стоящего достопочтенного Упавану  ",
  "sn7.13:1.8": "и обратился к нему строфами: ",
  "sn7.13:2.1": "“В молчании уважаемый стоит, ",
  "sn7.13:2.2": "Обритый и в лоскутном одеянии. ",
  "sn7.13:2.3": "Чего же хочешь, что же ищешь ты, ",
  "sn7.13:2.4": "Пришёл сюда чего ты попросить?” ",
  "sn7.13:3.1": "[Достопочтенный Упавана]:“Архат, Счастливый в этом мире, ",
  "sn7.13:3.2": "Мудрец, одолеваем [нарушением] ветров. ",
  "sn7.13:3.3": "И если есть, брахман, горячая вода, ",
  "sn7.13:3.4": "Подай же ты её Провидцу. ",
  "sn7.13:4.1": "Он почитаем теми, кто достоин почитаний, ",
  "sn7.13:4.2": "Он восхваляем теми, кто достоин похвалы, ",
  "sn7.13:4.3": "Он уважаем теми, кто достоин уважения: ",
  "sn7.13:4.4": "И именно ему эту я воду отнесу”. ",
  "sn7.13:5.1": "И тогда брахман Девахита приказал слуге принести коромысло с [вёдрами] горячей воды,  И тогда брахман Девахита приказал слуге принести коромысло с [вёдрами] горячей воды, а также преподнёс достопочтенному Упаване сумку с мелассой.  ",
  "sn7.13:5.2": "И затем достопочтенный Упавана отправился к Благословенному. Он умыл Благословенного горячей водой,  смешал мелассу с горячей водой и преподнёс ему.  ",
  "sn7.13:5.3": "И затем болезнь Благословенного отступила. ",
  "sn7.13:6.1": "Тогда брахман Девахита отправился к Благословенному и обменялся с ним приветствиями. ",
  "sn7.13:6.2": "После обмена вежливыми приветствиями и любезностями он сел рядом ",
  "sn7.13:6.3": "и обратился к Благословенному строфами: ",
  "sn7.13:7.1": "“Кому же предложить уместный дар? ",
  "sn7.13:7.2": "Где этот дар приносит плод великий? ",
  "sn7.13:7.3": "И как того, кто совершает подаяние, ",
  "sn7.13:7.4": "Сей дар способен привести к успеху?” ",
  "sn7.13:8.1": "[Благословенный]:“Кто знает прошлые рожденья,  ",
  "sn7.13:8.2": "Кто видел небеса и ад,  ",
  "sn7.13:8.3": "И кто достиг рождений прекращенья,  ",
  "sn7.13:8.4": "Тот и мудрец, в познании совершенный. ",
  "sn7.13:9.1": "Ему сей дар уместный стоит предложить, ",
  "sn7.13:9.2": "Здесь этот дар приносит плод великий. ",
  "sn7.13:9.3": "И так того, кто совершает подаяние, ",
  "sn7.13:9.4": "Сей дар способен привести к успеху”. ",
  "sn7.13:10.1": "Когда так было сказано, брахман Девахита обратился к Благословенному:  ",
  "sn7.13:10.2": "“Великолепно, господин Готама!..  ",
  "sn7.13:10.3": "Пусть господин Готама помнит меня как мирского последователя, принявшего в нём прибежище с этого дня и на всю жизнь”. "
}