{
  "sn7.16:0.1": "Связанные Наставления 7.16 ",
  "sn7.16:0.2": "Миряне ",
  "sn7.16:0.3": "Паччаника ",
  "sn7.16:1.1": "В Саваттхи. ",
  "sn7.16:1.2": " то время брахман по имени Паччаникасата проживал в Саваттхи.  ",
  "sn7.16:1.3": "И тогда мысль пришла к брахману Паччаникасате:  ",
  "sn7.16:1.4": "“Что, если я отправлюсь к отшельнику Готаме  ",
  "sn7.16:1.5": "и буду говорить противоположное всему тому, что он скажет?” ",
  "sn7.16:1.6": "В то время Благословенный, [медитируя при ходьбе], ходил вперёд и назад на открытой местности.  ",
  "sn7.16:1.7": "Тогда брахман Паччаникасата подошёл к Благословенному и сказал ему, по мере того как тот ходил вперёд и назад:  ",
  "sn7.16:1.8": "“Поведай Дхамму, отшельник!”  ",
  "sn7.16:2.1": "[Благословенный ответил]: “Совет хороший осознать непросто ",
  "sn7.16:2.2": "Тому, лелеет кто одни противоречия, ",
  "sn7.16:2.3": "Тому, с сознанием кто омрачённым ",
  "sn7.16:2.4": "В агрессию всецело погружён. ",
  "sn7.16:3.1": "Но тот, кто всю агрессию оставил, ",
  "sn7.16:3.2": "И в сердце недоверие устранил, ",
  "sn7.16:3.3": "То если он отбросил отвращение, ",
  "sn7.16:3.4": "Совет хороший может осознать”. ",
  "sn7.16:4.1": "Когда так было сказано, брахман Паччаникасата обратился к Благословенному: ",
  "sn7.16:4.2": "“Великолепно, господин Готама! Великолепно!… ",
  "sn7.16:4.3": "Пусть господин Готама помнит меня как мирского последователя, принявшего в нём прибежище с этого дня и на всю жизнь”. "
}