{
  "sn7.7:0.1": "Связанные Наставления 7.7 ",
  "sn7.7:0.2": "Араханты ",
  "sn7.7:0.3": "Суддхика ",
  "sn7.7:1.1": "В Саваттхи. ",
  "sn7.7:1.2": "В Саваттхи. И тогда брахман Суддхика Бхарадваджа подошёл к Благословенному и обменялся с ним приветствиями.  ",
  "sn7.7:1.3": "После обмена вежливыми приветствиями и любезностями он сел рядом ",
  "sn7.7:1.4": "и продекламировал в присутствии Благословенного эти строфы: ",
  "sn7.7:2.1": "“Кто не брахман, тот не может быть чистым — ",
  "sn7.7:2.2": "Нравственен он иль суров же в аскезе. ",
  "sn7.7:2.3": "Знаний кто полон, ведёт себя чисто, ",
  "sn7.7:2.4": "Но не другой, из простого народа”. ",
  "sn7.7:3.1": "[Благословенный]:“Хоть бормочи ты всё время распевы, ",
  "sn7.7:3.2": "Из-за рождения брахманом не станешь, ",
  "sn7.7:3.3": "Если внутри ты прогнил и испорчен, ",
  "sn7.7:3.4": "Средства на жизнь добывая обманом. ",
  "sn7.7:4.1": "Кхаттий, брахман, или весса, иль судда, ",
  "sn7.7:4.2": "Чандала, или кто грязь убирает,",
  "sn7.7:4.3": "Если решителен он, энергичен, ",
  "sn7.7:4.4": "Если в усилии стойкий всегда, — ",
  "sn7.7:4.5": "То чистоты величайшей достигнет: ",
  "sn7.7:4.6": "Знай же, брахман, это именно так”. ",
  "sn7.7:5.1": "Когда так было сказано, брахман Суддхика Бхарадваджа обратился к Благословенному: ",
  "sn7.7:5.2": "“Великолепно, господин Готама!..  ",
  "sn7.7:5.3": "Так достопочтенный Бхарадваджа стал одним из арахантов. "
}