{
  "sn7.8:0.1": "Связанные Наставления 7.8 ",
  "sn7.8:0.2": "Араханты ",
  "sn7.8:0.3": "Аггика ",
  "sn7.8:1.1": "Однажды Благословенный пребывал в Раджагахе, в Бамбуковой роще, в Беличьем Святилище. ",
  "sn7.8:1.2": " И в то время молочный рис с топлёным маслом был выставлен для брахмана Аггики Бхарадваджи, который подумал:  ",
  "sn7.8:1.3": "“Я сделаю подношение огню,  я сделаю огненное жертвование”. ",
  "sn7.8:2.1": "И тогда, утром, Благословенный оделся, взял чашу и внешнее одеяние и отправился в Раджагаху за подаяниями. ",
  "sn7.8:2.2": "Когда он походил по Раджагахе, после непрерывного собирания подаяний он подошёл к дому брахмана Аггики Бхарадваджи и встал рядом. ",
  "sn7.8:2.3": "Брахман Аггика Бхарадваджа увидел Благословенного, стоящего [и ждущего от него] подаяний  ",
  "sn7.8:2.4": "и обратился к нему строфами: ",
  "sn7.8:3.1": "“Тройственным знанием кто обладает, ",
  "sn7.8:3.2": "Рождением правильным, учёностью обширной, ",
  "sn7.8:3.3": "Кто совершенен в знании и поведении [должном], ",
  "sn7.8:3.4": "Отведать может это кушанье из риса”. ",
  "sn7.8:4.1": "[Благословенный]:“Хоть бормочи ты всё время распевы, ",
  "sn7.8:4.2": "Из-за рождения брахманом не станешь, ",
  "sn7.8:4.3": "Если внутри ты прогнил и испорчен, ",
  "sn7.8:4.4": "Средства на жизнь добывая обманом. ",
  "sn7.8:5.1": "Кто знает свом прошлые рожденья,  ",
  "sn7.8:5.2": "Кто видел небеса и ад,  ",
  "sn7.8:5.3": "И кто достиг рождений прекращенья,  ",
  "sn7.8:5.4": "Тот и мудрец, в познании совершенный. ",
  "sn7.8:6.1": "И лишь посредством этой тройки знаний, ",
  "sn7.8:6.2": "С тройственным знанием ты брахман — ",
  "sn7.8:6.3": "Кто совершенен в знании и поведении, ",
  "sn7.8:6.4": "Отведать может это кушанье из риса”. ",
  "sn7.8:7.1": "[Брахман Аггика Бхарадваджа]: “Пусть господин Готама ест.  ",
  "sn7.8:7.2": "Достойный является брахманом”. ",
  "sn7.8:8.1": "[Благословенный]:“Коль над едой строфы пропеты —Есть эту пищу мне не подобает. ",
  "sn7.8:8.2": "Это, брахман, в норму не входит,Что соблюдают [святые] провидцы. ",
  "sn7.8:8.3": "Кто просветлён, тот отвергнет ту пищу,Строфы над коей были пропеты. ",
  "sn7.8:8.4": "Раз таковая есть норма, брахман,Их поведения принцип таков. ",
  "sn7.8:9.1": "Напитком и пищей другой обслужи ",
  "sn7.8:9.2": "Провидца всецело во всём совершенного, ",
  "sn7.8:9.3": "Чьи загрязнения и сожаление были разрушены и успокоены, ",
  "sn7.8:9.4": "Ведь величайшее поле заслуг он для того, кто свершить их желает”. ",
  "sn7.8:10.1": "Когда так было сказано, брахман Аггика Бхарадваджа обратился к Благословенному: ",
  "sn7.8:10.2": "“Великолепно, господин Готама!..  ",
  "sn7.8:10.3": "Так достопочтенный Аггика Бхарадваджа стал одним из арахантов. "
}