{
  "sn7.19:0.1": "Связанные Наставления 7.19 ",
  "sn7.19:0.2": "Миряне ",
  "sn7.19:0.3": "Помогающий матери ",
  "sn7.19:1.1": "В Саваттхи. ",
  "sn7.19:1.2": "И тогда брахман, который помогал своей матери, подошёл к Благословенному и обменялся вежливыми приветствиями и любезностями. ",
  "sn7.19:1.3": "После обмена вежливыми приветствиями и любезностями он сел рядом и сказал Благословенному:  ",
  "sn7.19:1.4": "“Почтенный Готама, я собираю еду с подаяний праведно и таким образом поддерживаю своих отца и мать.  ",
  "sn7.19:1.5": "Делая так, исполняю ли я свой долг?” ",
  "sn7.19:1.6": "“Вне сомнений, брахман, делая так, ты исполняешь свой долг.  ",
  "sn7.19:1.7": "Тот, кто собирает еду с подаяний праведно и таким образом поддерживает своих отца и мать, создаёт [себе] большую заслугу.  ",
  "sn7.19:2.1": "[И далее Благословенный добавил]:  “Коль смертный праведно содержит  ",
  "sn7.19:2.2": "и отца, и мать, ",
  "sn7.19:2.3": "[То в этом случае]  ",
  "sn7.19:2.4": "из-за такого услужения ",
  "sn7.19:2.5": "Мудрец похвалит его в этом самом мире, ",
  "sn7.19:2.6": "А после смерти радуется он на небесах”. ",
  "sn7.19:3.1": "Когда так было сказано, брахман, который помогал своей матери, обратился к Благословенному: ",
  "sn7.19:3.2": "“Великолепно, господин Готама! Великолепно!… ",
  "sn7.19:3.3": "Пусть господин Готама помнит меня как мирского последователя, принявшего в нём прибежище с этого дня и на всю жизнь”. "
}