{
  "sn7.5:0.1": "Связанные Наставления 7.5 ",
  "sn7.5:0.2": "Араханты ",
  "sn7.5:0.3": "Ахимсака ",
  "sn7.5:1.1": "В Саваттхи. ",
  "sn7.5:1.2": "В Саваттхи. И тогда брахман Ахимсака Бхарадваджа подошёл к Благословенному и обменялся с ним приветствиями.  ",
  "sn7.5:1.3": "После обмена вежливыми приветствиями и любезностями он сел рядом и сказал Благословенному:  ",
  "sn7.5:1.4": "“Я Ахимсака, господин Готама. Я Ахимсака, господин Готама”.  ",
  "sn7.5:2.1": "[Благословенный ответил]: “Если бы человек был бы таким, каким его по имени зовут, ",
  "sn7.5:2.2": "Был бы безвредным ты. ",
  "sn7.5:2.3": "Является действительно безвредным  ",
  "sn7.5:2.4": "Кто не вредит совсем ",
  "sn7.5:2.5": "Ни телом, ни умом, ни речью, ",
  "sn7.5:2.6": "Поскольку не вредит он остальным”. ",
  "sn7.5:3.1": "Когда так было сказано, брахман Ахимсака Бхарадваджа обратился к Благословенному: ",
  "sn7.5:3.2": "“Великолепно, господин Готама!..  ",
  "sn7.5:3.3": "",
  "sn7.5:3.4": "Так достопочтенный Ахимсака Бхарадваджа стал одним из арахантов. "
}