{
  "sn7.20:0.1": "Связанные Наставления 7.20 ",
  "sn7.20:0.2": "Миряне ",
  "sn7.20:0.3": "Попрошайка ",
  "sn7.20:1.1": "В Саваттхи. ",
  "sn7.20:1.2": "И тогда [нищий] брахман-попрошайка подошёл к Благословенному и обменялся вежливыми приветствиями и любезностями. ",
  "sn7.20:1.3": "После обмена вежливыми приветствиями и любезностями он сел рядом и сказал Благословенному:  ",
  "sn7.20:1.4": "“Почтенный Готама, я попрошайка и вы попрошайка.  Так в чём же разница между нами в этом отношении?” ",
  "sn7.20:2.1": "[Благословенный]:“Едва ли можно попрошайкой стать, ",
  "sn7.20:2.2": "Лишь потому, что клянчишь подаяния. ",
  "sn7.20:2.3": "Ведь если делаешь всё, как домохозяин, ",
  "sn7.20:2.4": "То всё равно ты не становишься монахом. ",
  "sn7.20:3.1": "Но тот, кто здесь ведёт святую жизнь, ",
  "sn7.20:3.2": "Преодолев заслуги, как и злодеяния, ",
  "sn7.20:3.3": "Живущий в мире с полным постижением: ",
  "sn7.20:3.4": "Вот кто воистину является монахом”. ",
  "sn7.20:4.1": "Когда так было сказано, брахман-попрошайка обратился к Благословенному: ",
  "sn7.20:4.2": "“Великолепно, господин Готама! Великолепно!… ",
  "sn7.20:4.3": "Пусть господин Готама помнит меня как мирского последователя, принявшего в нём прибежище с этого дня и на всю жизнь”. "
}