{
  "sn33.3:0.1": "Связанные Наставления 3.12.1.3",
  "sn33.3:0.2": "Глава Ваччхаготта",
  "sn33.3:0.3": "Сутта Незнание Сознавания",
  "sn33.3:1.1": "В Саваттхи. ",
  "sn33.3:1.2": "После обмена вежливыми приветствиями и любезностями он сел рядом и сказал:",
  "sn33.3:1.3": "“Мастер Готама, в чём условие и причина, почему эти различные воззрения возникают в мире:",
  "sn33.3:1.4": "“Мир вечен” или “Мир не вечен”, “Мир ограничен” или “Мир безграничен”, “Душа и тело – это одно и то же” или “Душа это одно, а тело – иное”, “Татхагата существует после смерти”, “Татхагата не существует после смерти”, “Татхагата и существует и не существует после смерти”, ",
  "sn33.3:1.5": "“Татхагата ни существует, ни не существует после смерти”?",
  "sn33.3:1.6": "“Ваччха, из-за незнания о сознавании, о его происхождении, о его исчезновении, и о пути, ведущем к его исчезновению ",
  "sn33.3:1.7": "эти различные воззрения возникают в мире: ",
  "sn33.3:1.8": "“Мир вечный…” ",
  "sn33.3:1.9": "…“Татхагата ни существует, ни не существует после смерти”. ",
  "sn33.3:1.10": "Вот в чём, Ваччха, условие и причина почему эти различные воззрения возникают в мире”.",
  "sn33.3:1.11": "",
  "sn33.3:1.12": "",
  "sn33.3:1.13": "Третья."
}