{
  "sn33.6-10:0.1": "Связанные Наставления 3.12.1.6-10",
  "sn33.6-10:0.2": "Глава Ваччхаготта",
  "sn33.6-10:0.3": "Пятерка Сутт Начинающихся с Невидения Материи",
  "sn33.6-10:1.1": "В Саваттхи. ",
  "sn33.6-10:1.2": "После обмена вежливыми приветствиями и любезностями он сел рядом и сказал:",
  "sn33.6-10:1.3": "“Мастер Готама, в чём условие и причина, почему эти различные воззрения возникают в мире:",
  "sn33.6-10:1.4": "“Мир вечен” или “Мир не вечен”, “Мир ограничен” или “Мир безграничен”, “Душа и тело – это одно и то же” или “Душа это одно, а тело – иное”, “Татхагата существует после смерти”, “Татхагата не существует после смерти”, “Татхагата и существует и не существует после смерти”, ",
  "sn33.6-10:1.5": "“Татхагата ни существует, ни не существует после смерти”?",
  "sn33.6-10:1.6": "“Ваччха, из-за невидения материи, её происхождении, её исчезновении, ",
  "sn33.6-10:1.7": "и пути, ведущем к её исчезновению ",
  "sn33.6-10:1.8": "чувства…",
  "sn33.6-10:1.9": "сознавания…",
  "sn33.6-10:1.10": "отождесствлений…",
  "sn33.6-10:1.11": "внимания…",
  "sn33.6-10:1.12": "Десятая."
}