{
  "sn33.16:0.1": "Связанные Наставления 3.12.1.16-20",
  "sn33.16:0.2": "Глава Ваччхаготта",
  "sn33.16:0.3": "Пятерка Сутт Начинающихся с Непробуждения в Материю",
  "sn33.16:1.1": "В Саваттхи. ",
  "sn33.16:1.2": "После обмена вежливыми приветствиями и любезностями странник Ваччхаготто сел рядом и сказал:",
  "sn33.16:1.3": "Мастер Готама, в чём условие и причина…",
  "sn33.16:1.4": "“Ваччха, из-за непробуждения в материю, в её происхождение, в её исчезновение, и в путь, ведущий к её исчезновению… ",
  "sn33.17:1.1": "В Саваттхи. ",
  "sn33.17:1.2": "чувства…",
  "sn33.18:1.1": "В Саваттхи. ",
  "sn33.18:1.2": "сознавания…",
  "sn33.19:1.1": "В Саваттхи. ",
  "sn33.19:1.2": "отождесствлений…",
  "sn33.20:1.1": "В Саваттхи. ",
  "sn33.20:1.2": "внимания…",
  "sn33.20:1.3": "",
  "sn33.20:1.4": "Двадцатая."
}