{
  "sn33.1:0.1": "Связанные Наставления 3.12.1.1",
  "sn33.1:0.2": "Глава Ваччхаготта",
  "sn33.1:0.3": "Сутта Незнание Материи",
  "sn33.1:1.1": "В Саваттхи. ",
  "sn33.1:1.2": "И тогда странник Ваччхаготта подошёл к Благословенному и обменялся с ним вежливыми приветствиями. ",
  "sn33.1:1.3": "После обмена вежливыми приветствиями и любезностями он сел рядом и сказал:",
  "sn33.1:1.4": "“Мастер Готама, в чём условие и причина, почему эти различные воззрения возникают в мире:",
  "sn33.1:1.5": "“Мир вечен” или “Мир не вечен”, “Мир ограничен” или “Мир безграничен”, “Душа и тело – это одно и то же” или “Душа это одно, а тело – иное”, “Татхагата существует после смерти”, “Татхагата не существует после смерти”, “Татхагата и существует и не существует после смерти”, “Татхагата ни существует, ни не существует после смерти”?",
  "sn33.1:1.6": "“Ваччха, из-за незнания о материи, о её происхождении, о её исчезновении, и о пути, ведущем к её исчезновению ",
  "sn33.1:1.7": "эти различные воззрения возникают в мире: ",
  "sn33.1:1.8": "“Мир вечный…” ",
  "sn33.1:1.9": "…“Татхагата ни существует, ни не существует после смерти”. ",
  "sn33.1:1.10": "Вот в чём, Ваччха, условие и причина почему эти различные воззрения возникают в мире”.",
  "sn33.1:1.11": "",
  "sn33.1:1.12": "",
  "sn33.1:1.13": "Первая."
}