{
  "sn33.55:0.1": "Связанные Наставления 3.12.1.55",
  "sn33.55:0.2": "Глава Ваччхаготта",
  "sn33.55:0.3": "Пятерка Сутт Начинающихся с Непрояснения Внимания",
  "sn33.55:1.1": "В Саваттхи. ",
  "sn33.55:1.2": "“Ваччха, из-за незнания о внимании, о его происхождении, о его исчезновении, и о пути, ведущем к его исчезновению ",
  "sn33.55:1.3": "эти различные воззрения возникают в мире: ",
  "sn33.55:1.4": "“Мир вечен”…",
  "sn33.55:1.5": "“Татхагата ни существует, ни не существует после смерти”?",
  "sn33.55:1.6": "Вот в чём, Ваччха, условие и причина почему эти различные воззрения возникают в мире”.",
  "sn33.55:1.7": "“Мир вечен”… “Татхагата ни существует, ни не существует после смерти”?",
  "sn33.55:1.8": "Пятьдесят Пятая.",
  "sn33.55:1.9": "Глава Ваччхаготта Первая.",
  "sn33.55:2.0": "Оглавление",
  "sn33.55:2.1": "",
  "sn33.55:2.2": "",
  "sn33.55:2.3": "",
  "sn33.55:2.4": "",
  "sn33.55:2.5": "",
  "sn33.55:2.6": "",
  "sn33.55:2.7": ""
}