{
  "sn33.11:0.1": "Связанные Наставления 3.12.1.11-15",
  "sn33.11:0.2": "Глава Ваччхаготта",
  "sn33.11:0.3": "Пятерка Сутт Начинающихся с Непостижения Материи",
  "sn33.11:1.1": "В Саваттхи. ",
  "sn33.11:1.2": "“Ваччха, из-за непостижения материи, её происхождения, её исчезновения, и пути, ведущем к её исчезновению ",
  "sn33.12:1.1": "В Саваттхи. ",
  "sn33.12:1.2": "чувства…",
  "sn33.13:1.1": "В Саваттхи. ",
  "sn33.13:1.2": "сознавания…",
  "sn33.14:1.1": "В Саваттхи. ",
  "sn33.14:1.2": "отождесствлений…",
  "sn33.15:1.1": "В Саваттхи. ",
  "sn33.15:1.2": "внимания…",
  "sn33.15:1.3": "Пятнадцатая."
}