{
  "sn33.51:0.1": "Связанные Наставления 3.12.1.51-54",
  "sn33.51:0.2": "Глава Ваччхаготта",
  "sn33.51:0.3": "Пятерка Сутт Начинающихся с Непрояснения Материи",
  "sn33.51:1.1": "В Саваттхи. ",
  "sn33.51:1.2": "И тогда странник Ваччхаготта подошёл к Благословенному и обменялся с ним вежливыми приветствиями.",
  "sn33.51:1.3": "После обмена вежливыми приветствиями и любезностями он сел рядом и сказал:",
  "sn33.51:1.4": "“Мастер Готама, в чём условие и причина, почему эти различные воззрения возникают в мире:",
  "sn33.51:1.5": "“Мир вечен”…",
  "sn33.51:1.6": "“Татхагата ни существует, ни не существует после смерти”?\",",
  "sn33.51:1.7": "“Ваччха, из-за непрояснения материи… ",
  "sn33.52:1.1": "В Саваттхи. ",
  "sn33.52:1.2": "чувства…",
  "sn33.53:1.1": "В Саваттхи. ",
  "sn33.53:1.2": "сознавания…",
  "sn33.54:1.1": "В Саваттхи. ",
  "sn33.54:1.2": "Отождествлений",
  "sn33.54:1.3": "Пятьдесят Четвёртая."
}