{
  "sn33.21-25:0.1": "Связанные Наставления 3.12.1.21-25",
  "sn33.21-25:0.2": "Глава Ваччхаготта",
  "sn33.21-25:0.3": "Пятерка Сутт Начинающихся с Непроникновения в Материю",
  "sn33.21-25:1.1": "В Саваттхи. Мастер Готама, в чём условие и причина…",
  "sn33.21-25:1.2": "“Ваччха, из-за непроникновения в материю… во внимание…",
  "sn33.21-25:1.3": "Двадцать Пятая."
}