{
  "sn16.9:0.1": "Связанные Наставления 16.9 ",
  "sn16.9:0.2": "1. Кассапа ",
  "sn16.9:0.3": "Джханы и прямые знания ",
  "sn16.9:1.1": "В Саваттхи. ",
  "sn16.9:1.2": "[Благословенный сказал]: “Монахи, до той степени, до которой я пожелаю, будучи отстранённым от чувственных удовольствий, отстранённым от неблагих состояний [ума], я вхожу и пребываю в первой джхане, которая сопровождается направлением и удержанием [ума на объекте медитации], с восторгом и удовольствием, которые возникли из-за [этой] отстранённости.  ",
  "sn16.9:1.3": "Кассапа тоже, до той степени, до которой он пожелает, видит за счёт божественного глаза, очищенного и превосходящего человеческий, смерть и перерождение существ, различает низших и великих, красивых и уродливых, счастливых и несчастных, в соответствии с их каммой. ",
  "sn16.9:2.1": "Монахи, до той степени, до которой я пожелаю, с угасанием направления и удержания [ума на объекте], я вхожу и пребываю во второй джхане, в которой наличествуют внутренняя уверенность и единение ума, в которой нет направления и удержания, но есть восторг и удовольствие, которые возникли посредством сосредоточения.  ",
  "sn16.9:2.2": "Кассапа тоже, до той степени, до которой он пожелает, видит за счёт божественного глаза, очищенного и превосходящего человеческий, смерть и перерождение существ, различает низших и великих, красивых и уродливых, счастливых и несчастных, в соответствии с их каммой. ",
  "sn16.9:3.1": "Монахи, до той степени, до которой я пожелаю, с угасанием восторга я пребываю невозмутимым, осознанным, бдительным. Я ощущаю приятное телом. Я вхожу и пребываю в третьей джхане, о которой Благородные говорят так: “Он невозмутим, осознан, пребывает в удовольствии”.  ",
  "sn16.9:3.2": "Кассапа тоже, до той степени, до которой он пожелает, видит за счёт божественного глаза, очищенного и превосходящего человеческий, смерть и перерождение существ, различает низших и великих, красивых и уродливых, счастливых и несчастных, в соответствии с их каммой. ",
  "sn16.9:4.1": "Монахи, до той степени, до которой я пожелаю, с оставлением удовольствия и боли, как и с предшествующим угасанием радости и недовольства, я вхожу и пребываю в четвёртой джхане, которая ни-болезненна-ни-приятна, и в которой наличествует очищение осознанности посредством невозмутимости. ",
  "sn16.9:4.2": "Кассапа тоже, до той степени, до которой он пожелает, видит за счёт божественного глаза, очищенного и превосходящего человеческий, смерть и перерождение существ, различает низших и великих, красивых и уродливых, счастливых и несчастных, в соответствии с их каммой. ",
  "sn16.9:5.1": "Монахи, до той степени, до которой я пожелаю, с полным преодолением восприятий форм, с угасанием восприятий, вызываемых органами чувств, не обращая внимания на восприятие множественности, [воспринимая]: “безграничное пространство”, я вхожу и пребываю в сфере безграничного пространства.  ",
  "sn16.9:5.2": "Кассапа тоже, до той степени, до которой он пожелает, видит за счёт божественного глаза, очищенного и превосходящего человеческий, смерть и перерождение существ, различает низших и великих, красивых и уродливых, счастливых и несчастных, в соответствии с их каммой. ",
  "sn16.9:6.1": "Монахи, до той степени, до которой я пожелаю, с полным преодолением сферы безграничного пространства, осознавая: “сознание безгранично”, я вхожу и пребываю в сфере безграничного сознания.  ",
  "sn16.9:6.2": "Кассапа тоже, до той степени, до которой он пожелает, видит за счёт божественного глаза, очищенного и превосходящего человеческий, смерть и перерождение существ, различает низших и великих, красивых и уродливых, счастливых и несчастных, в соответствии с их каммой. ",
  "sn16.9:7.1": "Монахи, до той степени, до которой я пожелаю, с полным преодолением сферы безграничного сознания, осознавая: “здесь ничего нет”, я вхожу и пребываю в сфере отсутствия всего.  ",
  "sn16.9:7.2": "Кассапа тоже, до той степени, до которой он пожелает, видит за счёт божественного глаза, очищенного и превосходящего человеческий, смерть и перерождение существ, различает низших и великих, красивых и уродливых, счастливых и несчастных, в соответствии с их каммой. ",
  "sn16.9:8.1": "Монахи, до той степени, до которой я пожелаю, с полным преодолением сферы отсутствия всего я вхожу и пребываю в сфере ни восприятия, ни не-восприятия.  ",
  "sn16.9:8.2": "Кассапа тоже, до той степени, до которой он пожелает, видит за счёт божественного глаза, очищенного и превосходящего человеческий, смерть и перерождение существ, различает низших и великих, красивых и уродливых, счастливых и несчастных, в соответствии с их каммой. ",
  "sn16.9:9.1": "Монахи, до той степени, до которой я пожелаю, с полным преодолением сферы ни восприятия, ни не-восприятия я вхожу и пребываю в прекращении восприятия и чувствования.  ",
  "sn16.9:9.2": "Кассапа тоже, до той степени, до которой он пожелает, видит за счёт божественного глаза, очищенного и превосходящего человеческий, смерть и перерождение существ, различает низших и великих, красивых и уродливых, счастливых и несчастных, в соответствии с их каммой. ",
  "sn16.9:10.1": "Монахи, до той степени, до которой я пожелаю, я овладеваю различными видами сверхъестественных сил: будучи одним я становлюсь многими; будучи многими, я становлюсь одним. Я появляюсь. Я исчезаю. Я беспрепятственно прохожу сквозь стены, бастионы, горы, как если бы шёл сквозь пустое пространство. Я ныряю и выныриваю из земли, как если бы она была водой. Я хожу по воде и не тону, как если бы вода была сушей. Сидя со скрещенными ногами, я лечу по воздуху как крылатая птица. Своей рукой я касаюсь и ударяю даже солнце и луну, настолько я силён и могущественен.  Я так влияю на тело, что достигаю даже миров Брахмы.  ",
  "sn16.9:10.2": "Кассапа тоже, до той степени, до которой он пожелает, видит за счёт божественного глаза, очищенного и превосходящего человеческий, смерть и перерождение существ, различает низших и великих, красивых и уродливых, счастливых и несчастных, в соответствии с их каммой. ",
  "sn16.9:11.1": "Монахи, до той степени, до которой я пожелаю, я слышу за счёт элемента божественного уха, очищенного и превосходящего человеческое, оба вида звуков: божественные и человеческие, как далёкие, так и близкие.  ",
  "sn16.9:11.2": "Кассапа тоже, до той степени, до которой он пожелает, видит за счёт божественного глаза, очищенного и превосходящего человеческий, смерть и перерождение существ, различает низших и великих, красивых и уродливых, счастливых и несчастных, в соответствии с их каммой. ",
  "sn16.9:12.1": "Монахи, до той степени, до которой я пожелаю, я знаю умы других существ, других личностей, направив на них свой собственный ум.  ",
  "sn16.9:12.2": "Я различаю ум со страстью как ум с жаждой,  ",
  "sn16.9:12.3": "а ум без жажды – как ум без жажды. ",
  "sn16.9:12.4": "Я различаю ум с отвращением как ум с отвращением,  ",
  "sn16.9:12.5": "а ум без отвращения как ум без отвращения.  ",
  "sn16.9:12.6": "Я различаю ум с невежеством как ум с невежеством,  ",
  "sn16.9:12.7": "а ум без невежества как ум без невежества.  ",
  "sn16.9:12.8": "Я различаю суженный ум как суженный ум,  ",
  "sn16.9:12.9": "расширенный ум как расширенный ум.  ",
  "sn16.9:12.10": "Я различаю увеличенный ум как увеличенный ум,  ",
  "sn16.9:12.11": "а не-увеличенный ум как не-увеличенный ум.  ",
  "sn16.9:12.12": "Я различаю сильный ум, [который ещё не достиг наивысшего уровня], как сильный ум,  ",
  "sn16.9:12.13": "и непревзойдённый в силе ум как непревзойдённый в силе ум.  ",
  "sn16.9:12.14": "Я различаю сосредоточенный ум как сосредоточенный ум,  ",
  "sn16.9:12.15": "а несосредоточенный ум как несосредоточенный ум.  ",
  "sn16.9:12.16": "Я различаю освобождённый ум как освобождённый ум,  ",
  "sn16.9:12.17": "а не освобождённый ум как не освобождённый ум.  ",
  "sn16.9:12.18": "Кассапа тоже, до той степени, до которой он пожелает, видит за счёт божественного глаза, очищенного и превосходящего человеческий, смерть и перерождение существ, различает низших и великих, красивых и уродливых, счастливых и несчастных, в соответствии с их каммой. ",
  "sn16.9:13.1": "Монахи, до той степени, до которой я пожелаю, я вспоминаю многочисленные прошлые обители:  одну, две, три, четыре, пять, десять, двадцать, тридцать, сорок, пятьдесят, сто, тысячу, сто тысяч, многие циклы свёртывания мира, многие циклы развёртывания мира, многие циклы свёртывания и развёртывания мира. Я вспоминаю: “здесь я носил такое-то имя, принадлежал к такому-то сословию, таковой была моя внешность. Таковой была моя пища, таковым был мой опыт удовольствия и боли, таковым было окончание той моей жизни. Умерев там, я появился где-то ещё; и здесь я тоже носил такое-то имя, принадлежал к такому-то сословию, таковой была моя внешность. Таковой была моя пища, таковым был мой опыт удовольствия и боли, таковым было окончание той моей жизни. Умерев там, я появился тут”. Так я вспоминаю множество своих жизней во всех их вариациях и деталях. ",
  "sn16.9:13.2": "Кассапа тоже, до той степени, до которой он пожелает, видит за счёт божественного глаза, очищенного и превосходящего человеческий, смерть и перерождение существ, различает низших и великих, красивых и уродливых, счастливых и несчастных, в соответствии с их каммой. ",
  "sn16.9:14.1": "Монахи, до той степени, до которой я пожелаю, я вижу за счёт божественного глаза, очищенного и превосходящего человеческий, смерть и перерождение существ, я различаю низших и великих, красивых и уродливых, счастливых и несчастных,  и я понимаю, как существа переходят [из жизни в жизнь] в соответствии с их поступками: “Эти существа, которые придерживались плохого поведения в поступках, речах и мыслях, оскорбляли благородных, были привержены неверным воззрениям, предпринимая действия на основе неверных воззрений. С распадом тела, после смерти, они возникают в состоянии лишения, в несчастливом уделе, в погибели, даже в аду. А эти существа, которые придерживались хорошего поведения в поступках, речах и мыслях, не оскорбляли благородных, были привержены верным воззрениям, предпринимая действия на основе верных воззрений, С остановкой жизнедеятельности тела, после смерти, возрождаются в хороших участях, в небесных мирах”. Так, божественным глазом, очищенным и превосходящим человеческий, я вижу смерть и перерождение существ, [распознают] низших и высочайших, красивых и уродливых, счастливых и несчастных.  Я понимаю, как существа переходят [из жизни в жизнь] в соответствии с их поступками. ",
  "sn16.9:14.2": "Кассапа тоже, до той степени, до которой он пожелает, видит за счёт божественного глаза, очищенного и превосходящего человеческий, смерть и перерождение существ, различает низших и великих, красивых и уродливых, счастливых и несчастных, в соответствии с их каммой. ",
  "sn16.9:15.1": "Монахи, за счёт уничтожения пятен [умственных загрязнений] здесь и сейчас я вхожу и пребываю в незапятнанном освобождении ума, освобождении мудростью, напрямую зная и проявляя это для себя самостоятельно.  ",
  "sn16.9:15.2": "Кассапа тоже, за счёт уничтожения пятен [загрязнений ума], прямо [здесь и сейчас] в этой самой жизни входит и пребывает в незапятнанном освобождении ума, освобождении мудростью, напрямую зная и проявляя это для себя самостоятельно”. "
}