{
  "sn16.4:0.1": "Связанные Наставления 16.4 ",
  "sn16.4:0.2": "1. Кассапа ",
  "sn16.4:0.3": "Посетитель семей ",
  "sn16.4:1.1": "В Саваттхи. ",
  "sn16.4:1.2": " [Благословенный сказал]: “Как вы думаете монахи? ",
  "sn16.4:1.3": "какой монах достоин быть посетителем семей,  и какой монах не достоин быть посетителем семей?” ",
  "sn16.4:1.4": "“Почтенный, наши учения укоренены в Благословенном, направляемы Благословенным, находят пристанище в Благословенном. Было бы хорошо, если бы Благословенный [сам] прояснил значение этого утверждения. Услышав это из его уст, монахи запомнят это”. ",
  "sn16.4:1.5": "Благословенный сказал следующее: ",
  "sn16.4:2.1": "“Монахи, монах может посещать семьи с мыслью:  ",
  "sn16.4:2.2": "“Пусть они мне отдадут, а не спрячут!  ",
  "sn16.4:2.3": "Пусть дадут мне много, а не мало!  ",
  "sn16.4:2.4": "Пусть дадут мне хорошие вещи, а не потрёпанные!  ",
  "sn16.4:2.5": "Пусть дадут мне сразу, а не мешкая!  ",
  "sn16.4:2.6": "Пусть дадут мне с намерением, а не спонтанно!”.  ",
  "sn16.4:2.7": "Когда монах посещает семьи с такой мыслью, но они не дают, то его это обижает.  И в этом случае он испытывает боль и недовольство.  ",
  "sn16.4:2.8": "Если они дают ему мало, а не много…  ",
  "sn16.4:2.9": "потрёпанные вещи, а не хорошие…  ",
  "sn16.4:2.10": "мешкая, а не сразу…  ",
  "sn16.4:2.11": "спонтанно, а не с намерением, то его это обижает.  И в этом случае он испытывает боль и недовольство.  ",
  "sn16.4:2.12": "Такой монах не достоин быть посетителем семей. ",
  "sn16.4:3.1": "Монахи, монах может посещать семьи с мыслью:  ",
  "sn16.4:3.2": "“Когда я нахожусь среди семей других, как я могу допустить такую мысль:  ",
  "sn16.4:3.3": "“Пусть они мне отдадут, а не спрячут!  ",
  "sn16.4:3.4": "Пусть дадут мне много, а не мало!  ",
  "sn16.4:3.5": "Пусть дадут мне хорошие вещи, а не потрёпанные!  ",
  "sn16.4:3.6": "Пусть дадут мне сразу, а не мешкая!  ",
  "sn16.4:3.7": "Пусть дадут мне с намерением, а не спонтанно!”. ",
  "sn16.4:3.8": "Когда монах посещает семьи с такой мыслью, но они не дают, то из-за этого он не обижается.  Из-за этого он не испытывает боли и недовольства.  ",
  "sn16.4:3.9": "Если они дают ему мало, а не много…  ",
  "sn16.4:3.10": "потрёпанные вещи, а не хорошие…  ",
  "sn16.4:3.11": "мешкая, а не сразу…  ",
  "sn16.4:3.12": "спонтанно, а не с намерением, то его это не обижает.  Из-за этого он не испытывает боли и недовольства.  ",
  "sn16.4:3.13": "Такой монах достоин быть посетителем семей. ",
  "sn16.4:4.1": "Монахи, Кассапа посещает семьи с такой мыслью:  ",
  "sn16.4:4.2": "“Когда я нахожусь среди семей других, как я могу допустить такую мысль:  ",
  "sn16.4:4.3": "“Пусть они мне отдадут, а не спрячут!  ",
  "sn16.4:4.4": "Пусть дадут мне много, а не мало!  ",
  "sn16.4:4.5": "Пусть дадут мне хорошие вещи, а не потрёпанные!  ",
  "sn16.4:4.6": "Пусть дадут мне сразу, а не мешкая!  ",
  "sn16.4:4.7": "Пусть дадут мне с намерением, а не спонтанно!”. ",
  "sn16.4:4.8": "Когда он посещает семьи с такой мыслью, но они не дают, то из-за этого он не обижается.  И из-за этого он не испытывает боли и недовольства. ",
  "sn16.4:4.9": "Если они дают ему мало, а не много…  ",
  "sn16.4:4.10": "потрёпанные вещи, а не хорошие…  ",
  "sn16.4:4.11": "мешкая, а не сразу…  ",
  "sn16.4:4.12": "спонтанно, а не с намерением, то его это не обижает.  И из-за этого он не испытывает боли и недовольства. ",
  "sn16.4:4.13": "Монахи, я буду давать вам совет, приводя в пример Кассапу или такого [монаха], как Кассапа.  Получив совет, вам следует практиковать соответствующе”. "
}