{
  "sn16.10:0.1": "Связанные Наставления 16.10 ",
  "sn16.10:0.2": "1. Кассапа ",
  "sn16.10:0.3": "Жилища монахинь ",
  "sn16.10:1.1": "Так я слышал. ",
  "sn16.10:1.2": "Однажды Достопочтенный Махакассапа пребывал в Саваттхи в роще Джеты в монастыре Анатхапиндики.  ",
  "sn16.10:1.3": "И тогда, утром, Достопочтенный Ананда, одевшись, взяв чашу и одеяние, отправился к Достопочтенному Махакассапе и сказал:  ",
  "sn16.10:1.4": "“Идёмте же, Достопочтенный Кассапа,  пойдёмте к жилищам монахинь”. ",
  "sn16.10:1.5": "“Друг Ананда,  [лучше] ты отправляйся [сам], ты занят многочисленными обязанностями”. ",
  "sn16.10:1.6": "И во второй раз… ",
  "sn16.10:1.7": "",
  "sn16.10:1.8": "",
  "sn16.10:1.9": "И в третий раз Достопочтенный Ананда сказал Достопочтенному Махакассапе:  ",
  "sn16.10:1.10": "“Идёмте же, Достопочтенный Кассапа,  пойдёмте к жилищам монахинь”. ",
  "sn16.10:2.1": "И тогда, утром, Достопочтенный Махакассапа, одевшись, взяв чашу и одеяние, отправился к жилищам монахинь в сопровождении Достопочтенного Ананды. По прибытии он сел на подготовленное сиденье.  ",
  "sn16.10:2.2": "И тогда группа монахинь подошла к Достопочтенному Махакассапе, они поклонились ему и сели рядом.  ",
  "sn16.10:2.3": "По мере того как они сидели там, Достопочтенный Махакассапа наставлял, воодушевлял, вдохновлял и радовал монахинь беседой о Дхамме,  ",
  "sn16.10:2.4": "после чего встал со своего сиденья и ушёл.  ",
  "sn16.10:3.1": "И затем монахиня Тхуллатисса, будучи недовольной, объявила о своём недовольстве так:  ",
  "sn16.10:3.2": "“Как может Учитель Кассапа помышлять о том, чтобы давать лекции по Дхамме в присутствии Учителя Ананды, мудреца из Видехи.  ",
  "sn16.10:3.3": "Это ведь всё равно, что торговец иглами помышлял бы о том, чтобы продать иглу изготовителю игл!” ",
  "sn16.10:3.4": "",
  "sn16.10:4.1": "Достопочтенный Махакассапа случайно услышал, как монахиня Тхуллатисса объявила об этом,  ",
  "sn16.10:4.2": "и сказал Достопочтенному Ананде:  ",
  "sn16.10:4.3": "“То есть как это так, друг Ананда?  Это я – торговец иглами, а ты – изготовитель игл?  ",
  "sn16.10:4.4": "Или, [быть может], я – изготовитель игл, а ты – торговец иглами?”  ",
  "sn16.10:4.5": "“Проявите терпение, Достопочтенный Кассапа,  женщины глупы”. ",
  "sn16.10:4.6": "“Спокойно, друг Ананда!  Не давай Сангхе повода для будущего вопрошания тебя.  ",
  "sn16.10:5.1": "Как ты думаешь, друг Ананда?  ",
  "sn16.10:5.2": "Тебя ли выделял Благословенный в присутствии Сангхи монахов, говоря:  ",
  "sn16.10:5.3": "“Монахи, до той степени, до которой я пожелаю, будучи отстранённым от чувственных удовольствий, отстранённым от неблагих состояний [ума], я вхожу и пребываю в первой джхане, которая сопровождается направлением и удержанием [ума на объекте медитации], с восторгом и удовольствием, которые возникли из-за [этой] отстранённости.  ",
  "sn16.10:5.4": "Ананда тоже, до той степени, до которой он пожелает, будучи отстранённым от чувственных удовольствий, отстранённым от неблагих состояний [ума], входит и пребывает в первой джхане”?  ",
  "sn16.10:5.5": "“Нет, Достопочтенный”. ",
  "sn16.10:6.1": "“Меня, друг, выделял Благословенный в присутствии Сангхи монахов, говоря:  ",
  "sn16.10:6.2": "“Монахи, до той степени, до которой я пожелаю, будучи отстранённым от чувственных удовольствий, отстранённым от неблагих состояний [ума], я вхожу и пребываю в первой джхане, которая сопровождается направлением и удержанием [ума на объекте медитации], с восторгом и удовольствием, которые возникли из-за [этой] отстранённости.  ",
  "sn16.10:6.3": "Кассапа тоже, до той степени, до которой он пожелает, будучи отстранённым от чувственных удовольствий, отстранённым от неблагих состояний [ума], входит и пребывает в первой джхане. ",
  "sn16.10:6.4": "Тебя ли выделял Благословенный в присутствии Сангхи монахов, говоря: “Монахи, до той степени, до которой я пожелаю… я вхожу и пребываю во второй джхане… третьей… четвёртой… сфере безграничного пространства… безграничного сознания… отсутствия всего… ни-восприятия, ни не-восприятия… прекращении восприятия и чувствования… овладеваю различными видами сверхъестественных сил… слышу за счёт элемента божественного уха… знаю умы других существ… вспоминаю многочисленные прошлые обители… вижу за счёт божественного глаза… за счёт уничтожения пятен [загрязнений ума], прямо [здесь и сейчас] в этой самой жизни я вхожу и пребываю в незапятнанном освобождении ума…”? “Нет, Достопочтенный”. ",
  "sn16.10:7.1": "Как ты думаешь, друг Ананда?  ",
  "sn16.10:7.2": "Тебя ли выделял Благословенный в присутствии Сангхи монахов, говоря:  ",
  "sn16.10:7.3": "“Монахи, за счёт уничтожения пятен [загрязнений ума], прямо [здесь и сейчас] в этой самой жизни я вхожу и пребываю в незапятнанном освобождении ума, освобождении мудростью,  напрямую зная и проявляя это для себя самостоятельно.  ",
  "sn16.10:7.4": "Ананда тоже, до той степени, до которой он пожелает, будучи отстранённым от чувственных удовольствий, отстранённым от неблагих состояний [ума], входит и пребывает в первой джхане”?  ",
  "sn16.10:7.5": "“Нет, Достопочтенный”. ",
  "sn16.10:8.1": "“Меня, друг, выделял Благословенный в присутствии Сангхи монахов, говоря:  ",
  "sn16.10:8.2": "“Монахи, за счёт уничтожения пятен [загрязнений ума], прямо [здесь и сейчас] в этой самой жизни я вхожу и пребываю в незапятнанном освобождении ума, освобождении мудростью,  напрямую зная и проявляя это для себя самостоятельно.  ",
  "sn16.10:8.3": "Кассапа тоже, за счёт уничтожения пятен [загрязнений ума], прямо [здесь и сейчас] в этой самой жизни входит и пребывает в незапятнанном освобождении ума, освобождении мудростью, напрямую зная и проявляя это для себя самостоятельно”.  ",
  "sn16.10:9.1": "Друг, подобно тому, как кто-либо полагал бы, что огромного слона высотой в семь или в семь с половиной локтей можно было бы скрыть за пальмовым листом, точно также он мог бы полагать, что мои шесть прямых знаний могут быть сокрыты”. ",
  "sn16.10:10.1": "Но монахиня Тхуллатисса отпала от святой жизни.  "
}