{
  "sn16.7:0.1": "Связанные Наставления 16.7 ",
  "sn16.7:0.2": "1. Кассапа ",
  "sn16.7:0.3": "Наставление (2) ",
  "sn16.7:1.1": "Однажды Благословенный пребывал в Раджагахе в Бамбуковой Роще в Беличьем Святилище.  ",
  "sn16.7:1.2": "И тогда Достопочтенный Махакассапа отправился к Благословенному, поклонился ему и сел рядом.  ",
  "sn16.7:1.3": "Благословенный сказал ему: ",
  "sn16.7:1.4": "“Дай наставление монахам, Кассапа,  ",
  "sn16.7:1.5": "поведай им о Дхамме.  ",
  "sn16.7:1.6": "Либо мне следует наставлять монахов, Кассапа, либо тебе.  ",
  "sn16.7:1.7": "Либо мне следует поведать им о Дхамме, либо тебе”. ",
  "sn16.7:2.1": "“Почтенный, ныне монахов трудно наставлять, они обладают качествами, из-за которых их трудно наставлять.  Они нетерпеливы и без уважения принимают наставления.  ",
  "sn16.7:2.2": "Учитель, ведь у того, в ком нет веры в отношении благих качеств, нет чувства стыда, нет боязни совершить проступок, нет усердия, нет мудрости – будь то день или ночь, [в нём] можно ожидать лишь упадка в отношении благих качеств, а не роста. ",
  "sn16.7:3.1": "Подобно тому, как в течение периода убывающей луны,  будь то день или ночь, луна пребывает в упадке своего цвета, округлости, сияния, как в диаметре, так и в окружности,  ",
  "sn16.7:3.2": "точно также, почтенный, ведь у того, в ком нет веры в отношении благих качеств, нет чувства стыда, нет боязни совершить проступок, нет усердия, нет мудрости – будь то день или ночь, [в нём] можно ожидать лишь упадка в отношении благих качеств, а не роста. ",
  "sn16.7:3.3": "",
  "sn16.7:3.4": "",
  "sn16.7:3.5": "",
  "sn16.7:3.6": "",
  "sn16.7:4.1": "Человек не имеет веры, почтенный: это – случай упадка.  ",
  "sn16.7:4.2": "Человек не имеет чувства стыда: это – случай упадка.  ",
  "sn16.7:4.3": "Человек не имеет боязни совершить проступок: это – случай упадка.  ",
  "sn16.7:4.4": "Человек ленивый: это – случай упадка.  ",
  "sn16.7:4.5": "Человек немудрый: это – случай упадка.  ",
  "sn16.7:4.6": "Человек злобный: это – случай упадка. ",
  "sn16.7:4.7": "Человек мстительный: это – случай упадка. ",
  "sn16.7:4.8": "Когда нет монахов, которые [способны] наставлять [в Дхамме]: это – случай упадка. ",
  "sn16.7:5.1": "Учитель, у того, в ком есть вера в отношении благих качеств, есть чувство стыда, есть боязнь совершить проступок, есть усердие, есть мудрость – будь то день или ночь, [в нём] можно ожидать лишь роста в отношении благих качеств, а не упадка. ",
  "sn16.7:6.1": "Подобно тому, как в течение периода убывающей луны,  будь то день или ночь, луна пребывает в упадке своего цвета, округлости, сияния, как в диаметре, так и в окружности,  ",
  "sn16.7:6.2": "точно также, почтенный, у того, в ком есть вера в отношении благих качеств, есть чувство стыда, есть боязнь совершить проступок, есть усердие, есть мудрость – будь то день или ночь, [в нём] можно ожидать лишь роста в отношении благих качеств, а не упадка. ",
  "sn16.7:6.3": "",
  "sn16.7:6.4": "",
  "sn16.7:6.5": "",
  "sn16.7:6.6": "",
  "sn16.7:7.1": " Человек имеет веру, почтенный: это – случай не-упадка. ",
  "sn16.7:7.2": " Человек имеет чувство стыда: это – случай не-упадка.  ",
  "sn16.7:7.3": "Человек имеет боязнь совершить проступок: это – случай не-упадка. ",
  "sn16.7:7.4": "Человек усердный: это – случай не-упадка. ",
  "sn16.7:7.5": "Человек мудрый: это – случай не-упадка.  ",
  "sn16.7:7.6": "Человек незлобный: это – случай не-упадка. ",
  "sn16.7:7.7": "Человек немстительный: это – случай не-упадка.  ",
  "sn16.7:7.8": "Когда есть монахи, которые [способны] наставлять [в Дхамме]: это – случай не-упадка”. ",
  "sn16.7:8.1": "“Хорошо, хорошо, Кассапа!  ",
  "sn16.7:8.2": "Ныне монахов трудно наставлять, они обладают качествами, из-за которых их трудно наставлять. …  ",
  "sn16.7:8.3": "",
  "sn16.7:8.4": "",
  "sn16.7:8.5": "",
  "sn16.7:8.6": "",
  "sn16.7:9.1": "",
  "sn16.7:9.2": "",
  "sn16.7:9.3": "",
  "sn16.7:9.4": "",
  "sn16.7:9.5": "",
  "sn16.7:9.6": "",
  "sn16.7:9.7": "",
  "sn16.7:9.8": "",
  "sn16.7:9.9": "",
  "sn16.7:9.10": "",
  "sn16.7:9.11": "",
  "sn16.7:9.12": "",
  "sn16.7:9.13": "",
  "sn16.7:9.14": "",
  "sn16.7:9.15": "Когда нет монахов, которые [способны] наставлять [в Дхамме]: это – случай упадка. ",
  "sn16.7:10.1": "Когда у монахов есть вера в отношении благих качеств, есть чувство стыда, есть боязнь совершить проступок, есть усердие, есть мудрость – будь то день или ночь, [в нём] можно ожидать лишь роста в отношении благих качеств, а не упадка… ",
  "sn16.7:10.2": "",
  "sn16.7:10.3": "",
  "sn16.7:10.4": "",
  "sn16.7:10.5": "",
  "sn16.7:11.1": "",
  "sn16.7:11.2": "",
  "sn16.7:11.3": "",
  "sn16.7:11.4": "",
  "sn16.7:11.5": "",
  "sn16.7:12.1": "",
  "sn16.7:12.2": "",
  "sn16.7:12.3": "",
  "sn16.7:12.4": "",
  "sn16.7:12.5": "",
  "sn16.7:12.6": "",
  "sn16.7:12.7": "",
  "sn16.7:12.8": "Когда есть монахи, которые [способны] наставлять [в Дхамме]: это – случай не-упадка”. "
}