{
  "sn8.2:0.1": "Связанные Наставления 8.2 ",
  "sn8.2:0.2": "Вангиса ",
  "sn8.2:0.3": "Недовольный ",
  "sn8.2:1.1": "Однажды достопочтенный Вангиса проживал в Алави, возле святилища Аггалавы, вместе со своим наставником достопочтенным Нигродхакаппой. ",
  "sn8.2:1.2": "И в то время, когда достопочтенный Нигродхакаппа возвращался с хождения за подаяниями, после принятия пищи он заходил в жилище и выходил либо вечером, либо на следующий день. ",
  "sn8.2:1.3": "И в то время неудовлетворённость [ведением святой жизни] возникла в достопочтенном Вангисе, похоть наводнила его ум.  ",
  "sn8.2:1.4": "И тогда мысль пришла к нему:  ",
  "sn8.2:1.5": "“В самом деле, это потеря для меня; в самом деле, нет в этом достатка для меня!  ",
  "sn8.2:1.6": "В самом деле, это несчастье для меня, плохи мои дела, что неудовлетворённость возникла во мне, что похоть наводнила мой ум.  И разве может кто-либо другой [кроме меня самого] рассеять мою неудовлетворённость и зародить довольствование [святой жизнью]?  ",
  "sn8.2:1.7": "Что, если я рассею свою неудовлетворённость и зарожу довольствование сам?” ",
  "sn8.2:1.8": "И тогда достопочтенный Вангиса, самостоятельно рассеяв свою неудовлетворённость и зародив довольствование, произнёс по тому случаю эти строфы: ",
  "sn8.2:2.1": "“Отбросив наслаждение, недовольство ",
  "sn8.2:2.2": "И связанные с мирской жизнью мысли, ",
  "sn8.2:2.3": "Не нужно ни к чему лелеять страсть; ",
  "sn8.2:2.4": "Бесстрастный, наслаждения не имея, воистину [является] монахом. ",
  "sn8.2:3.1": "Всё существующее на земле и в небе, ",
  "sn8.2:3.2": "Составленное формой, находящееся в мире, — ",
  "sn8.2:3.3": "Всё, что непостоянно, — распадётся. ",
  "sn8.2:3.4": "И мудрецы живут, пробившись к этой правде. ",
  "sn8.2:4.1": "Привязан каждый к обретениям своим, ",
  "sn8.2:4.2": "К тому, что ощутишь, почувствуешь, увидишь и услышишь. ",
  "sn8.2:4.3": "Неколебимым будь, желание к этому рассей: ",
  "sn8.2:4.4": "Зовут такого мудрецом — он ни к чему не липнет. ",
  "sn8.2:5.1": "Кто в [мнениях] шестидесяти пойман, своими собственными мыслями ведомый, — ",
  "sn8.2:5.2": "Сколь многочисленны они среди людей, Все, кто увяз в неправильной доктрине. ",
  "sn8.2:5.3": "А тот, кто к этой группе не примкнёт, ",
  "sn8.2:5.4": "Речей испорченных не скажет, — тот и монах. ",
  "sn8.2:6.1": "Сосредоточенный, умелый, в этом тренирован, ",
  "sn8.2:6.2": "Без жажды, рассудительный и честный, ",
  "sn8.2:6.3": "Мудрец, обретший умиротворение, ",
  "sn8.2:6.4": "В котором часа своего он ждёт, внутри себя угас всецело”. "
}