{
 "sn8.8:0.1": "Связанные Наставления 8.8 ",
 "sn8.8:0.2": "Вангиса ",
 "sn8.8:0.3": "Более тысячи ",
 "sn8.8:1.1": "Однажды Благословенный проживал в Саваттхи, в роще Джеты, в парке Анатхапиндики вместе с большой общиной монахов, с тысячей двумястами пятьюдесятью монахами. ",
 "sn8.8:1.2": "И тогда Благословенный наставлял, понуждал, побуждал и радовал монахов беседой о Дхамме на тему ниббаны.  ",
 "sn8.8:1.3": "И те монахи слушали Дхамму, склоняя к ней ухо, относясь к этому как к вопросу жизни и смерти, направляя на это весь свой ум целиком. ",
 "sn8.8:1.4": "И тогда мысль пришла к достопочтенному Вангисе: ",
 "sn8.8:1.5": "“Благословенный обучает монахов беседой о Дхамме на тему ниббаны. ",
 "sn8.8:1.6": "А те монахи слушают Дхамму, склоняя к ней ухо, относясь к этому как к вопросу жизни и смерти, направляя на это весь свой ум целиком. ",
 "sn8.8:1.7": "Что, если я произнесу восхваление, [обращаясь] напрямую к достопочтенному Сарипутте, уместными строфами?” ",
 "sn8.8:2.1": "И тогда достопочтенный Вангиса поднялся со своего сиденья, закинул внешнее одеяние за плечо и, подняв сложенные ладони в почтительном приветствии Благословенного, сказал ему: ",
 "sn8.8:2.2": "“Вдохновение снизошло на меня, Благословенный! Вдохновение снизошло на меня, Счастливейший!” ",
 "sn8.8:2.3": "Благословенный сказал: “В таком случае, вырази своё вдохновение, Вангиса”. ",
 "sn8.8:2.4": "И тогда достопочтенный Вангиса уместными строфами произнёс восхваление, [обращаясь] напрямую к Благословенному: ",
 "sn8.8:3.1": "“Более тысячи монахов здесь ",
 "sn8.8:3.2": "Речам Счастливого внимают. ",
 "sn8.8:3.3": "А учит он незапылённой Дхамме, ",
 "sn8.8:3.4": "Ниббане, страху недоступной. ",
 "sn8.8:4.1": "Чистую Дхамму слушают они, ",
 "sn8.8:4.2": "Которую поведал Просветлённый. ",
 "sn8.8:4.3": "Воистину, сияет Просветлённый, ",
 "sn8.8:4.4": "И чтится он монахов Сангхой. ",
 "sn8.8:5.1": "Благословенный, имя твоё — Нага, ",
 "sn8.8:5.2": "И лучший ты провидец из провидцев. ",
 "sn8.8:5.3": "Как облако великое с дождём ",
 "sn8.8:5.4": "Ты [Дхаммой] льёшься на учеников. ",
 "sn8.8:6.1": "Днём выйдя из обители своей ",
 "sn8.8:6.2": "Из пожелания Учителя узреть, ",
 "sn8.8:6.3": "Твой ученик Вангиса, о герой, ",
 "sn8.8:6.4": "В почтении падает к твоим ногам”. ",
 "sn8.8:7.1": "“Ты продумал эти строфы заранее, Вангиса, или же они пришли к тебе спонтанно [сейчас]?” ",
 "sn8.8:7.2": "“Я не продумывал этих строф заранее, уважаемый; они пришли ко мне спонтанно”. ",
 "sn8.8:7.3": "“В таком случае, Вангиса, пусть ещё какие-нибудь строфы, не продуманные [тобой] заранее, придут к тебе [сейчас]”. ",
 "sn8.8:7.4": "“Хорошо, уважаемый”, – ответил достопочтенный Вангиса. И затем он восхвалил Благословенного несколькими новыми строфами, которые не были [им] продуманы заранее: ",
 "sn8.8:8.1": "“Преодолев уклончивый путь Мары, ",
 "sn8.8:8.2": "Живёшь, бесплодие ума разрушив. ",
 "sn8.8:8.3": "Освободителя от привязи узрите: ",
 "sn8.8:8.4": "На части рассекает, непривязан. ",
 "sn8.8:9.1": "Чтоб через наводнение провести нас, ",
 "sn8.8:9.2": "Ты путь провозгласил во всех деталях. ",
 "sn8.8:9.3": "Провидцы Дхаммы эти недвижимы ",
 "sn8.8:9.4": "В Бессмертном, что объявлено тобою. ",
 "sn8.8:10.1": "Создатель света, тот, кто смог пробиться. ",
 "sn8.8:10.2": "Узрел превосхождение всех позиций. ",
 "sn8.8:10.3": "Узнав и для себя осуществив, ",
 "sn8.8:10.4": "Он изложил всю суть пяти [аскетам]. ",
 "sn8.8:11.1": "И когда Дхамме научил он столь прекрасно, ",
 "sn8.8:11.2": "Беспечность может ли возникнуть в тех, кто понял? ",
 "sn8.8:11.3": "В Учении Будды ты тогда живи прилежно, ",
 "sn8.8:11.4": "С почтением в нём всегда ты тренируйся”. "
}