{
  "sn8.12:0.1": "Связанные Наставления 8.12 ",
  "sn8.12:0.2": "Вангиса ",
  "sn8.12:0.3": "Вангиса ",
  "sn8.12:1.1": "Однажды достопочтенный Вангиса проживал в Саваттхи, в роще Джеты, в парке Анатхапиндики. ",
  "sn8.12:1.2": "И в то время достопочтенный Вангиса, только что достигший арахантства,  переживая счастье освобождения, произнёс по тому случаю эти строфы: ",
  "sn8.12:2.1": "“Поэзией упиваясь, [по миру] скитаться привык — ",
  "sn8.12:2.2": "Из города в город, в село за селом. ",
  "sn8.12:2.3": "И вот я узрел Просветлённого — ",
  "sn8.12:2.4": "Вера возникла во мне. ",
  "sn8.12:3.1": "А он научил меня Дхамме: ",
  "sn8.12:3.2": "[Пяти] совокупностям и элементам, [а также шести] сферам чувств. ",
  "sn8.12:3.3": "Услышав его эту Дхамму, ",
  "sn8.12:3.4": "В бездомную жизнь я ушёл. ",
  "sn8.12:4.1": "Воистину, ради многих ",
  "sn8.12:4.2": "Мудрец обрёл просветление,",
  "sn8.12:4.3": "Ради монахов, монахинь, ",
  "sn8.12:4.4": "Достигших, увидевших путь. ",
  "sn8.12:5.1": "Воистину, благо, что я ",
  "sn8.12:5.2": "Пришёл и предстал перед Буддой. ",
  "sn8.12:5.3": "Три знания были получены мной, ",
  "sn8.12:5.4": "Исполнено Будды Учение. ",
  "sn8.12:6.1": "Места я познал прошлых [жизней], ",
  "sn8.12:6.2": "Очистил божественный глаз. ",
  "sn8.12:6.3": "И как обладатель трёх знаний,Достигший психической силы, ",
  "sn8.12:6.4": "Умелым являюсь я также в течении сознаний других”. ",
  "sn8.12:7.1": "",
  "sn8.12:7.2": "",
  "sn8.12:7.3": "",
  "sn8.12:7.4": "",
  "sn8.12:7.5": "",
  "sn8.12:7.6": "",
  "sn8.12:7.7": "",
  "sn8.12:7.8": "Конец главы о Вангисе "
}