{
  "sn8.6:0.1": "Связанные Наставления 8.6 ",
  "sn8.6:0.2": "Вангиса ",
  "sn8.6:0.3": "Сарипутта ",
  "sn8.6:1.1": "Однажды достопочтенный Сарипутта проживал в Саваттхи, в роще Джеты, в парке Анатхапиндики.  ",
  "sn8.6:1.2": "И в то время достопочтенный Сарипутта наставлял, понуждал, побуждал и радовал монахов беседой о Дхамме, [произносимой] речью,  которая была безупречной, ясной, чётко сформулированной, превосходно раскрывающей смысл.  ",
  "sn8.6:1.3": "И те монахи слушали Дхамму, склоняя к ней ухо, относясь к этому как к вопросу жизни и смерти, направляя на это весь свой ум целиком. ",
  "sn8.6:1.4": "И тогда мысль пришла к достопочтенному Вангисе:  ",
  "sn8.6:1.5": "“Этот достопочтенный Сарипутта обучает монахов Дхамме речью, которая является безупречной, ясной, чётко сформулированной, превосходно раскрывающей смысл.  ",
  "sn8.6:1.6": "А те монахи слушают Дхамму, склоняя к ней ухо, относясь к этому как к вопросу жизни и смерти, направляя на это весь свой ум целиком.  ",
  "sn8.6:1.7": "Что, если я произнесу восхваление, [обращаясь] напрямую к достопочтенному Сарипутте, уместными строфами?” ",
  "sn8.6:2.1": "И тогда достопочтенный Вангиса поднялся со своего сиденья, закинул внешнее одеяние за плечо и, подняв сложенные ладони в почтительном приветствии достопочтенного Сарипутты, сказал ему:  ",
  "sn8.6:2.2": "“Вдохновение снизошло на меня, друг Сарипутта!  Вдохновение снизошло на меня, друг Сарипутта!”. ",
  "sn8.6:2.3": "“В таком случае, вырази своё вдохновение, друг Вангиса”. ",
  "sn8.6:2.4": "И тогда достопочтенный Вангиса уместными строфами произнёс восхваление, [обращаясь] напрямую к Достопочтенному Сарипутте: ",
  "sn8.6:3.1": "“Он умный, в мудрости глубокий, ",
  "sn8.6:3.2": "Умелый в истинном пути и ложном, ",
  "sn8.6:3.3": "Он Сарипутта c мудростью великой, ",
  "sn8.6:3.4": "И обучает Дхамме он монахов. ",
  "sn8.6:4.1": "Он учит кратко, ",
  "sn8.6:4.2": "Говорит детально. ",
  "sn8.6:4.3": "И его голос, словно пение майны, ",
  "sn8.6:4.4": "На вдохновенную беседу льётся. ",
  "sn8.6:5.1": "Когда он учит, слушают они ",
  "sn8.6:5.2": "Те сладкие слова, что произносит. ",
  "sn8.6:5.3": "И воодушевлённые в умах, ",
  "sn8.6:5.4": "Его чудесный глас услышав, рады — ",
  "sn8.6:5.5": "[Сей голос] восхитителен и звучен, ",
  "sn8.6:5.6": "[Охотно] слушают его монахи”. "
}