{
  "sn8.3:0.1": "Связанные Наставления 8.3 ",
  "sn8.3:0.2": "Вангиса ",
  "sn8.3:0.3": "С хорошим поведением ",
  "sn8.3:1.1": "Однажды достопочтенный Вангиса проживал в Алави, возле святилища Аггалавы, вместе со своим наставником достопочтенным Нигродхакаппой. ",
  "sn8.3:1.2": "И в то время достопочтенный Вангиса из-за своего умения смотрел свысока на других хорошо себя ведущих монахов.  ",
  "sn8.3:1.3": "И тогда мысль пришла к нему:  ",
  "sn8.3:1.4": "“В самом деле, это потеря для меня; в самом деле, нет в этом достатка для меня!  ",
  "sn8.3:1.5": "В самом деле, это несчастье для меня, плохи мои дела, что из-за своего умения я смотрю свысока на других хорошо себя ведущих монахов”. ",
  "sn8.3:1.6": "И тогда достопочтенный Вангиса, зародив в себе чувство стыда, произнёс по тому случаю эти строфы: ",
  "sn8.3:2.1": "“Отбрось же самомнение, Готама, ",
  "sn8.3:2.2": "С тропинки к самомнению всецело ты сойди. ",
  "sn8.3:2.3": "Ведь ослеплённый [ранее] тропинкой к самомнению, ",
  "sn8.3:2.4": "[Впоследствии] ты очень долго сожалел. ",
  "sn8.3:3.1": "Все люди те, кто клеветой себя запачкал, ",
  "sn8.3:3.2": "В ад падают, поскольку самомнением убиты. ",
  "sn8.3:3.3": "Затем горюют люди эти длительное время: ",
  "sn8.3:3.4": "Убиты самомнением и рождены в аду. ",
  "sn8.3:4.1": "Но [истинный] монах не плачет никогда, ",
  "sn8.3:4.2": "Ведь он знаток пути и верно практикует. ",
  "sn8.3:4.3": "И он переживает признание и счастье, ",
  "sn8.3:4.4": "Правдиво он зовётся тем, кто видит Дхамму. ",
  "sn8.3:5.1": "А посему покладистым, усердным пребывай; ",
  "sn8.3:5.2": "Отбросив все помехи, оставайся чистым. ",
  "sn8.3:5.3": "Когда же ты оставишь самомнение всецело, ",
  "sn8.3:5.4": "Спокойным будешь, знающим создателем конца”. "
}