{
  "sn8.1:0.1": "Связанные Наставления 8.1 ",
  "sn8.1:0.2": "Вангиса ",
  "sn8.1:0.3": "Отрекшийся ",
  "sn8.1:1.1": "Так я слышал. ",
  "sn8.1:1.2": "Однажды достопочтенный Вангиса проживал в Алави, возле святилища Аггалавы, вместе со своим наставником достопочтенным Нигродхакаппой. ",
  "sn8.1:1.3": " И в то время достопочтенного Вангису, новопосвящённого, недавно ушедшего в бездомную жизнь, оставили присматривать за обиталищем.  ",
  "sn8.1:1.4": "И тогда несколько красиво наряженных женщин пришли в парк Аггалаваки, чтобы посмотреть обиталище.  ",
  "sn8.1:1.5": "Как только достопочтенный Вангиса увидел тех женщин, неудовлетворённость [ведением святой жизни] возникла в нём, похоть наводнила его ум.  ",
  "sn8.1:1.6": "И тогда мысль пришла к нему:  ",
  "sn8.1:1.7": "“В самом деле, это потеря для меня; в самом деле, нет в этом достатка для меня!  ",
  "sn8.1:1.8": "В самом деле, это несчастье для меня, плохи мои дела, что неудовлетворённость возникла во мне, что похоть наводнила мой ум.  И разве может кто-либо другой [кроме меня самого] рассеять мою неудовлетворённость и зародить довольствование [святой жизнью]?  ",
  "sn8.1:1.9": "Что, если я рассею свою неудовлетворённость и зарожу довольствование сам?” ",
  "sn8.1:1.10": "И тогда достопочтенный Вангиса, самостоятельно рассеяв свою неудовлетворённость и зародив довольствование, произнёс по тому случаю эти строфы: ",
  "sn8.1:2.1": "“Увы, хоть и отрёкся я [от мира], ",
  "sn8.1:2.2": "Покинув дом ради бездомной жизни, ",
  "sn8.1:2.3": "Все эти мысли всё равно меня сбивают — ",
  "sn8.1:2.4": "Грубые мысли Тёмного Владыки. ",
  "sn8.1:3.1": "Сильные юноши, великие стрелки, ",
  "sn8.1:3.2": "Натренированные, лука мастера, — ",
  "sn8.1:3.3": "А окружат меня со всех сторон, ",
  "sn8.1:3.4": "Пусть тысяча таких не убегут, ",
  "sn8.1:4.1": "И если б женщины сюда [затем] пришли, ",
  "sn8.1:4.2": "Превосходившие тех [лучников] числом, — ",
  "sn8.1:4.3": "То не заставили б они меня дрожать, ",
  "sn8.1:4.4": "Ведь непоколебим я в [этой] Дхамме. ",
  "sn8.1:5.1": "Ведь был свидетелем я, слышал это сам ",
  "sn8.1:5.2": "От Будды, Родственника Солнца: ",
  "sn8.1:5.3": "Тот путь, приводит что к ниббане, — ",
  "sn8.1:5.4": "Вот где мой ум находит наслаждение”. ",
  "sn8.1:6.1": "О, Нечестивый, если ты приблизишься ко мне, ",
  "sn8.1:6.2": "покуда я сосредоточен, ",
  "sn8.1:6.3": "я позабочусь, чтобы Смерть ",
  "sn8.1:6.4": "не видела пути, которым я иду”. "
}