{
  "sn8.5:0.1": "Связанные Наставления 8.5 ",
  "sn8.5:0.2": "Вангиса ",
  "sn8.5:0.3": "Хорошо произнесенное ",
  "sn8.5:1.1": "В Саваттхи. ",
  "sn8.5:1.2": "Там Благословенный обратился к монахам так: ",
  "sn8.5:1.3": "“Монахи!” ",
  "sn8.5:1.4": "“Да, уважаемый”, – отвечали монахи. ",
  "sn8.5:1.5": "Благословенный сказал следующее: ",
  "sn8.5:2.1": "“Монахи, когда речь обладает четырьмя факторами, она хорошо произнесена, а не плохо произнесена,  она безупречна, не порицается мудрыми.  ",
  "sn8.5:2.2": "Какими четырьмя? ",
  "sn8.5:2.3": "Какими четырьмя? Вот, монахи, монах говорит то, что хорошо произнесено, а не плохо произнесено. Он говорит только по Дхамме, а не по тому, что не является Дхаммой. Он говорит только благозвучное, а не неблагозвучное. Он говорит только истинное, а не ложное.  ",
  "sn8.5:2.4": "Когда речь наделена этими четырьмя факторами, она хорошо произнесена, а не плохо произнесена,  она безупречна, не порицается мудрыми”.  ",
  "sn8.5:2.5": "Так сказал Благословенный.  ",
  "sn8.5:2.6": "И сказав так, Счастливейший, Учитель, далее добавил:   ",
  "sn8.5:3.1": "“Всё сказанное хорошо является первейшим, — благие [люди все так] говорят.  ",
  "sn8.5:3.2": "И во-вторых, ты Дхамму, не Адхамму говори.  ",
  "sn8.5:3.3": "И в-третьих, говори, чтоб было благозвучно, Не благозвучное [же не произноси];  ",
  "sn8.5:3.4": "В-четвёртых, лжи не говори, произноси лишь правду”. ",
  "sn8.5:4.1": "И тогда достопочтенный Вангиса поднялся со своего сиденья, закинул внешнее одеяние за плечо и, подняв сложенные ладони в почтительном приветствии Благословенного, сказал ему:  ",
  "sn8.5:4.2": "“Вдохновение снизошло на меня, Благословенный!  Вдохновение снизошло на меня, Счастливейший!”  ",
  "sn8.5:4.3": "Благословенный сказал: “В таком случае, вырази своё вдохновение, Вангиса”.  ",
  "sn8.5:4.4": "И тогда достопочтенный Вангиса уместными строфами произнёс восхваление, [обращаясь] напрямую к Благословенному:  ",
  "sn8.5:5.1": " “Произноси лишь только речь такую,  ",
  "sn8.5:5.2": "Которой не поранишь ты себя,  ",
  "sn8.5:5.3": "Другим вреда не причинишь ей также:  ",
  "sn8.5:5.4": "И сказана прекрасно речь такая.  ",
  "sn8.5:6.1": " Произноси приятную лишь речь,  ",
  "sn8.5:6.2": "Такую речь, которой только рады.  ",
  "sn8.5:6.3": "Когда она не принесёт плохого,  ",
  "sn8.5:6.4": "Тобою сказанное остальным приятно.   ",
  "sn8.5:7.1": "Бессмертной речью же является лишь правда:  ",
  "sn8.5:7.2": "И в этом состоит древнейший принцип.  ",
  "sn8.5:7.3": "Цель, как и Дхамма, говорят благие,  ",
  "sn8.5:7.4": "Основаны ведь [только лишь] на правде.   ",
  "sn8.5:8.1": "И речь спасения, что Будда произносит  ",
  "sn8.5:8.2": "Для достижения [людьми] ниббаны,  ",
  "sn8.5:8.3": "Чтоб положить конец [любым] страданиям, —  ",
  "sn8.5:8.4": "Воистину, первейшая то речь”.  "
}