{
  "sn8.7:0.1": "Связанные Наставления 8.7 ",
  "sn8.7:0.2": "Вангиса ",
  "sn8.7:0.3": "Паворана ",
  "sn8.7:1.1": "Однажды Благословенный проживал в Саваттхи, в Восточном парке, во дворце Мигараматы, вместе с большой общиной монахов, с пятью сотнями монахов, каждый из которых был арахантом.  ",
  "sn8.7:1.2": "И в то время, в Упосатху пятнадцатого дня, Благословенный сидел на открытой местности в окружении общины монахов, намереваясь провести Паварану.  ",
  "sn8.7:1.3": "И тогда, обозрев молчаливую общину монахов,  Благословенный обратился к монахам так:  ",
  "sn8.7:1.4": "“Ну же, монахи, позвольте мне пригласить вас:  ",
  "sn8.7:1.5": "есть ли какой-либо поступок, совершённый мной посредством тела или речи, который вы могли бы порицать?” ",
  "sn8.7:2.1": "Когда так было сказано, достопочтенный Сарипутта поднялся со своего сиденья, закинул внешнее одеяние за плечо и, подняв сложенные ладони в почтительном приветствии Благословенного, сказал ему:  ",
  "sn8.7:2.2": "“Уважаемый, нет какого-либо поступка Благословенного, совершённого посредством тела или речи, который мы могли бы порицать.  ",
  "sn8.7:2.3": "Ведь Благословенный зачинатель не возникшего прежде пути, прокладчик не проложенного прежде пути, объявитель не объявленного прежде пути.  Ведь, уважаемый, Благословенный — зачинатель не возникшего прежде пути, прокладчик не проложенного прежде пути, объявитель не объявленного прежде пути. Он знаток пути, открыватель пути, мастер пути.  ",
  "sn8.7:2.4": "И его ученики теперь пребывают в следовании по этому пути и овладевают им после.  ",
  "sn8.7:2.5": "И я, уважаемый, приглашаю Благословенного:  ",
  "sn8.7:2.6": "есть ли какой-либо поступок, совершённый мной посредством тела или речи, который вы могли бы порицать?” ",
  "sn8.7:3.1": "“Нет какого-либо твоего поступка, Сарипутта, совершённого посредством тела или речи, который я мог бы порицать.  ",
  "sn8.7:3.2": "Ведь ты, Сарипутта, мудр,  обладаешь великой мудростью, обширной мудростью, радостной мудростью, стремительной мудростью, острой мудростью, проницательной мудростью.  ",
  "sn8.7:3.3": "Подобно старшему сыну царя-миродержца, который должным образом поддерживает вращение колеса [владычества], которое было запущено его отцом,  ",
  "sn8.7:3.4": "так и ты, Сарипутта, должным образом поддерживаешь вращение Колеса Дхаммы, запущенного мной”. ",
  "sn8.7:4.1": "“Если, уважаемый, Благословенный не порицает какого-либо моего поступка, совершённого посредством тела или речи,  ",
  "sn8.7:4.2": "порицает ли он какой-либо поступок, совершённый посредством тела или речи, [у кого-либо из] этих пяти сотен монахов?” ",
  "sn8.7:4.3": "“Нет какого-либо поступка у [кого-либо из] этих монахов, Сарипутта, совершённого посредством тела или речи, который я мог бы порицать.  ",
  "sn8.7:4.4": "Ведь из этих пяти сотен монахов, Сарипутта, шестьдесят монахов являются носителями тройственного знания; шестьдесят монахов являются носителями шести прямых знаний; шестьдесят монахов являются освобождёнными-в-обоихотношениях; тогда как остальные являются освобождёнными-мудростью”. ",
  "sn8.7:5.1": "И тогда достопочтенный Вангиса поднялся со своего сиденья, закинул внешнее одеяние за плечо и, подняв сложенные ладони в почтительном приветствии Благословенного, сказал ему:  ",
  "sn8.7:5.2": "“Вдохновение снизошло на меня, Благословенный!  Вдохновение снизошло на меня, Счастливейший!”  ",
  "sn8.7:5.3": "Благословенный сказал: “В таком случае, вырази своё вдохновение, Вангиса”.  ",
  "sn8.7:5.4": "И тогда достопочтенный Вангиса уместными строфами произнёс восхваление, [обращаясь] напрямую к Благословенному:  ",
  "sn8.7:6.1": "“Пятьсот монахов собрались сегодня,  ",
  "sn8.7:6.2": "На день пятнадцатый, для очищения —  ",
  "sn8.7:6.3": "провидцы, что живут без беспокойства, отрезавшие путы и оковы, ",
  "sn8.7:6.4": "Существование новое закончили они.  ",
  "sn8.7:7.1": "И точно царь, владыка-миродержец,  ",
  "sn8.7:7.2": "В сопровождении исполнителей своих  ",
  "sn8.7:7.3": "Целую землю с ними объезжает,  ",
  "sn8.7:7.4": "Окружена что глубочайшим океаном, —   ",
  "sn8.7:8.1": "Вот победителю как все они внимают,  ",
  "sn8.7:8.2": "Что лучший средь вожатых каравана, —  ",
  "sn8.7:8.3": "Ученики, носители трёх знаний,  ",
  "sn8.7:8.4": "Те, позади кто смерть саму оставил.   ",
  "sn8.7:9.1": "Благословенного все верные сыны, ",
  "sn8.7:9.2": "Нет бесполезной среди них мякины.  ",
  "sn8.7:9.3": "Я поклоняюсь Родственнику Солнца,  ",
  "sn8.7:9.4": "Уничтожителю стрелы желания”.  "
}