{
  "sn8.10:0.1": "Связанные Наставления 8.10",
  "sn8.10:0.2": "Глава Вангиса",
  "sn8.10:0.3": "Сутта Моггаллана",
  "sn8.10:1.1": "Однажды Благословенный проживал в Раджагахе, на склоне горы Исигили, у Чёрной Скалы, вместе с большой общиной монахов, с пятью сотнями монахов, каждый из которых был арахантом.",
  "sn8.10:1.2": "И тогда достопочтенный Махамоггаллана просматривал их умы умом [и увидел, что они были] освобождены, лишены обретений.",
  "sn8.10:1.3": "И тогда мысль пришла к достопочтенному Вангисе:",
  "sn8.10:1.4": "“Благословенный проживает в Раджагахе, у Чёрной Скалы…",
  "sn8.10:1.5": "достопочтенный Махамоггаллана просмотрел их умы умом [и увидел, что они] освобождены, лишены обретений.",
  "sn8.10:1.6": "Что, если я произнесу восхваление достопочтенному Махамоггаллане в присутствии Благословенного уместными строфами?”",
  "sn8.10:2.1": "И тогда достопочтенный Вангиса поднялся с сиденья, закинул внешнее одеяние за плечо и, подняв сложенные ладони в почтительном приветствии Благословенного, сказал ему:",
  "sn8.10:2.2": "“Вдохновение снизошло на меня, Благословенный! Вдохновение снизошло на меня, Счастливейший!”",
  "sn8.10:2.3": "Благословенный сказал: “В таком случае, вырази своё вдохновение, Вангиса”.",
  "sn8.10:2.4": "И тогда достопочтенный Вангиса произнёс восхваление достопочтенному Махамоггаллане в присутствии Благословенного [этими] уместными строфами:",
  "sn8.10:3.1": "“Пока мудрец сидит на горном склоне,",
  "sn8.10:3.2": "Уйдя на дальний берег от страданий,",
  "sn8.10:3.3": "Его ученики сидят, вникая,",
  "sn8.10:3.4": "Имеющие тройку знаний, смерть оставив.",
  "sn8.10:4.1": "В духовной силе величайший Моггаллана,",
  "sn8.10:4.2": "Окинув собственным умом все их сознания,",
  "sn8.10:4.3": "Их изучил [и вот что он увидел]:",
  "sn8.10:4.4": "Нет обретений в них, и все они свободны!",
  "sn8.10:5.1": "Во многих качествах те люди совершенны,",
  "sn8.10:5.2": "Мудреца, что ушёл от боли на дальний берег;",
  "sn8.10:5.3": "Наделённый множеством качеств,",
  "sn8.10:5.4": "Почитают Готаму”."
}