{
  "sn8.4:0.1": "Связанные Наставления 8.4 ",
  "sn8.4:0.2": "Вангиса ",
  "sn8.4:0.3": "Ананда ",
  "sn8.4:1.1": "Однажды достопочтенный Ананда проживал в Саваттхи, в роще Джеты, в парке Анатхапиндики.  ",
  "sn8.4:1.2": "И тогда, утром, достопочтенный Ананда, одевшись и взяв чашу и внешнее одеяние, вошёл в Саваттхи за подаяниями вместе с сопровождавшим его достопочтенным Вангисой.  ",
  "sn8.4:1.3": "И в то время неудовлетворённость [ведением святой жизни] возникла в достопочтенном Вангисе, похоть наводнила его ум.  ",
  "sn8.4:1.4": "Тогда достопочтенный Вангиса обратился к достопочтенному Ананде строфами:  ",
  "sn8.4:2.1": "“Сгораю я чувственной жаждой,  ",
  "sn8.4:2.2": "Мой ум охвачен огнём.  ",
  "sn8.4:2.3": "Прошу, расскажи, как его потушить,  ",
  "sn8.4:2.4": "Из сострадания, Готама!”   ",
  "sn8.4:3.1": "[Достопочтенный Ананда]: “Когда восприятие искажено –  ",
  "sn8.4:3.2": "Ум твой охвачен огнём.  ",
  "sn8.4:3.3": "Образ красивого ты убери,  ",
  "sn8.4:3.4": "Что провоцирует страсть.   ",
  "sn8.4:4.1": "Всё составное чужим ты увидь,  ",
  "sn8.4:4.2": "Мукой, без всякого \"я\".  ",
  "sn8.4:4.3": "Похоти пламя ты потуши  ",
  "sn8.4:4.4": "И не сгорай им опять.   ",
  "sn8.4:5.1": "На отвратительном ум развивай,  ",
  "sn8.4:5.2": "Объединённым, сосредоточенным.  ",
  "sn8.4:5.3": "К телу осознанность также направь  ",
  "sn8.4:5.4": "И углубись в отторжение.   ",
  "sn8.4:6.1": "На беспредметном освой медитацию,  ",
  "sn8.4:6.2": "И к самомнению склонность отринь.  ",
  "sn8.4:6.3": "Если пробьёшься сквозь самомнение,  ",
  "sn8.4:6.4": "Будешь в покое ты жить”.  "
}