{
 "sn8.11:0.1": "Связанные Наставления 8.11 ",
 "sn8.11:0.2": "Вангиса ",
 "sn8.11:0.3": "Гаггара ",
 "sn8.11:1.1": "Однажды Благословенный проживал в Чампе, на берегу лотосового пруда Гаггары, вместе с большой общиной монахов, с пятью сотнями монахов, семью сотнями мирян и семью сотнями мирянок, а также со многими тысячами божеств. ",
 "sn8.11:1.2": "Благословенный затмевал их [всех] в красоте и славе. ",
 "sn8.11:1.3": "И тогда мысль пришла к достопочтенному Вангисе: ",
 "sn8.11:1.4": "“Благословенный пребывает в Чампе… ",
 "sn8.11:1.5": "…затмевает их [всех] в красоте и славе. ",
 "sn8.11:1.6": "Что, если я произнесу восхваление, [обращаясь] напрямую к достопочтенному Сарипутте, уместными строфами?” ",
 "sn8.11:2.1": "И тогда достопочтенный Вангиса поднялся со своего сиденья, закинул внешнее одеяние за плечо и, подняв сложенные ладони в почтительном приветствии Благословенного, сказал ему: ",
 "sn8.11:2.2": "“Вдохновение снизошло на меня, Благословенный! Вдохновение снизошло на меня, Счастливейший!” ",
 "sn8.11:2.3": "Благословенный сказал: “В таком случае, вырази своё вдохновение, Вангиса”. ",
 "sn8.11:2.4": "И тогда достопочтенный Вангиса уместными строфами произнёс восхваление, [обращаясь] напрямую к Благословенному: ",
 "sn8.11:3.1": "“Словно в безоблачном небе луна ",
 "sn8.11:3.2": "Или же солнце, лишённое пятен, ",
 "sn8.11:3.3": "Ты, Ангираса, великий мудрец, ",
 "sn8.11:3.4": "Славой своею затмил целый мир”. "
}