{
  "sn8.9:0.1": "Связанные Наставления 8.9 ",
  "sn8.9:0.2": "Вангиса ",
  "sn8.9:0.3": "Кондання ",
  "sn8.9:1.1": "Однажды Благословенный пребывал в Раджагахе, в Бамбуковой роще, в Беличьем Святилище. ",
  "sn8.9:1.2": "И тогда достопочтенный Ання Кондання после очень долгого отсутствия  подошёл к Благословенному, упал в ноги Благословенному, расцеловал стопы, погладил их своими руками и объявил своё имя:  ",
  "sn8.9:1.3": "“Я Кондання, Благословенный!  Я Кондання, Счастливейший!” ",
  "sn8.9:1.4": "И тогда мысль пришла к достопочтенному Вангисе:  ",
  "sn8.9:1.5": "“Этот достопочтенный Ання Кондання после очень долгого отсутствия подошёл к Благословенному, упал в ноги Благословенному, расцеловал стопы, погладил их своими руками и объявил своё имя:  ",
  "sn8.9:1.6": "“Я Кондання, Благословенный!  Я Кондання, Счастливейший!” ",
  "sn8.9:1.7": "Что, если я произнесу восхваление достопочтенному Анне Конданне в присутствии Благословенного уместными строфами?” ",
  "sn8.9:2.1": "И тогда достопочтенный Вангиса поднялся со своего сиденья, закинул внешнее одеяние за плечо и, подняв сложенные ладони в почтительном приветствии Благословенного, сказал ему:  ",
  "sn8.9:2.2": "“Вдохновение снизошло на меня, Благословенный!  Вдохновение снизошло на меня, Счастливейший!”  ",
  "sn8.9:2.3": "Благословенный сказал: “В таком случае, вырази своё вдохновение, Вангиса”.  ",
  "sn8.9:2.4": "И тогда достопочтенный Вангиса произнёс восхваление достопочтенному Анне Конданне в присутствии Благословенного [этими] уместными строфами: ",
  "sn8.9:3.1": "“Просветлённый в преемственности Будды, ",
  "sn8.9:3.2": "Кондання — старец с могучим устремлением, — ",
  "sn8.9:3.3": "Он достигает обителей приятных, ",
  "sn8.9:3.4": "Уединений часто достигает. ",
  "sn8.9:4.1": "И то, что может ученик достичь, ",
  "sn8.9:4.2": "Кто Мастера Учение практикует, — ",
  "sn8.9:4.3": "Всё это было им обретено, ",
  "sn8.9:4.4": "Тем, кто прилежно тренировался. ",
  "sn8.9:5.1": "Со знанием тройственным могучий человек, ",
  "sn8.9:5.2": "В течении умов других умелый, — ",
  "sn8.9:5.3": "Кондання, Будды истинный наследник, ",
  "sn8.9:5.4": "У ног Учителя почтение выражает”. "
}