{
  "sn23.5:0.1": "Связанные Наставления 23.5",
  "sn23.5:0.2": "Глава Первая Мара",
  "sn23.5:0.3": "Отшельники ",
  "sn23.5:1.1": "В Саваттхи. ",
  "sn23.5:1.2": "Рядом сидящему Достопочтенному Радхе Благословенный сказал это:",
  "sn23.5:1.3": "“Есть, Радха, эти пять совокупностей, подверженных цеплянию. ",
  "sn23.5:1.4": "Какие пять? ",
  "sn23.5:1.5": "Форма как совокупность, подверженная цеплянию, чувство… восприятие… формации… сознание как совокупность, подверженная цеплянию.",
  "sn23.5:1.6": "Те жрецы и отшельники, Радха, которые не понимают в соответствии с действительностью привлекательности, опасности, и спасения в отношении этих пяти совокупностей – ",
  "sn23.5:1.7": "таких я, Радха, не считаю жрецами среди жрецов и отшельниками среди отшельников, и эти почтенные не входят, познав это для себя самостоятельно посредством прямого знания в этой самой жизни, и не пребывают в цели отшельничества или в цели жречества.",
  "sn23.5:1.8": "Но, Радха, те жрецы и отшельники, которые понимают эти вещи – ",
  "sn23.5:1.9": "тех я, Радха, считаю жрецами среди жрецов и отшельниками среди отшельников, и эти почтенные, познав это для себя самостоятельно посредством прямого знания в этой самой жизни, входят и пребывают в цели отшельничества или в цели жречества”.",
  "sn23.5:1.10": ""
}