{
  "sn23.46:0.1": "Связанные Наставления 23.46",
  "sn23.46:0.2": "Глава Упанисанна",
  "sn23.46:0.3": "Сутта Подверженное Исчезновению",
  "sn23.46:1.1": "В Саваттхи.",
  "sn23.46:1.2": "Благословенный обратился к Достопочтенному Радхе по мере того как тот сидел рядом: ",
  "sn23.46:1.3": "“Радха, тебе следует оставить желание, тебе следует оставить жажду, тебе следует оставить желание и жажду ко всему, что подвержено прекращению. ",
  "sn23.46:1.4": "И что является Марой, Радха?” .. ",
  "sn23.46:1.5": "Форма, Радха, подвержена прекращению. там импульсы должны быть отброшены, страсть отброшена, импульсы страсти отброшены.",
  "sn23.46:1.6": "Чувство…",
  "sn23.46:1.7": "Сознавание…",
  "sn23.46:1.8": "Отождествление…",
  "sn23.46:1.9": "Сознание подвержено прекращению…",
  "sn23.46:1.10": "“Радха, тебе следует отбросить желание, тебе следует отбросить жажду, тебе следует отбросить желание и жажду ко всему, что подвержено прекращению.",
  "sn23.46:1.11": "Глава Упанисанна Четвёртая.",
  "sn23.46:2.0": "Оглавление",
  "sn23.46:2.1": "",
  "sn23.46:2.2": "",
  "sn23.46:2.3": "",
  "sn23.46:2.4": "",
  "sn23.46:2.5": "",
  "sn23.46:2.6": "",
  "sn23.46:2.7": "Радхасаньютта завершена."
}