{
  "sn23.9:0.1": "Связанные Наставления 23.9",
  "sn23.9:0.2": "Глава Первая Мара",
  "sn23.9:0.3": "Оставление желания",
  "sn23.9:1.1": "В Саваттхи. ",
  "sn23.9:1.2": "Рядом сидящему Достопочтенному Радхе Благословенный сказал это:",
  "sn23.9:1.3": "“Любое, Радха, желание, какое только существует по отношению к форме – отбросьте его. ",
  "sn23.9:1.4": "Так будет отброшена эта форма, срублена под корень, сделана подобной обрубку пальмы, уничтожена, неспособная возникнуть в будущем. ",
  "sn23.9:1.5": "И то же самое [следует сделать] в отношении чувства …",
  "sn23.9:1.6": "",
  "sn23.9:1.7": "восприятия …",
  "sn23.9:1.8": "формаций [ума] …",
  "sn23.9:1.9": "",
  "sn23.9:1.10": "и сознания” …",
  "sn23.9:1.11": "",
  "sn23.9:1.12": ""
}