{
  "sn23.4:0.1": "Связанные Наставления 23.4",
  "sn23.4:0.2": "Глава Первая Мара",
  "sn23.4:0.3": "Следует полностью понять",
  "sn23.4:1.1": "В Саваттхи.",
  "sn23.4:1.2": "И тогда И тогда Достопочтенный Радха подошёл к Благословенному, поклонился ему, сел рядом. Рядом сидящему Достопочтенному Радхе Благословенный сказал это: ",
  "sn23.4:2.1": "“Я научу, Радха, вещам, которые следует полностью понять, полному пониманию, и человеку, который полностью понял. ",
  "sn23.4:2.2": "Слушай внимательно, я буду говорить”.",
  "sn23.4:2.3": "“Да, почтенный” – ответил Достопочтенный Радха.",
  "sn23.4:2.4": "Благословенный сказал: ",
  "sn23.4:2.5": "“И что же это за вещи, Радха, которые следует полностью понять? ",
  "sn23.4:2.6": "Форма, Радха – это то, что следует полностью понять.Чувство… восприятие… формации… сознание,  Радха  – это то, что следует полностью понять.",
  "sn23.4:2.7": "Это называется вещами, которые следует полностью понять.",
  "sn23.4:2.8": "И что такое, Радха, полное понимание? ",
  "sn23.4:2.9": "Уничтожение жажды, уничтожение злобы, уничтожение заблуждения ",
  "sn23.4:2.10": "– это называется полным пониманием.",
  "sn23.4:2.11": "И что это за человек, который полностью понял? ",
  "sn23.4:2.12": "[На это] следует ответить так: арахант, ",
  "sn23.4:2.13": "достопочтенный с таким-то именем из такого-то клана. ",
  "sn23.4:2.14": "Такой [человек] зовётся человеком, который полностью понял”.",
  "sn23.4:2.15": ""
}