{
  "sn23.18:0.1": "Связанные Наставления 23.18",
  "sn23.18:0.2": "Глава Вторая Мара",
  "sn23.18:0.3": "Не-сущностный по природе",
  "sn23.18:1.1": "В Саваттхи. ",
  "sn23.18:1.2": "С одной стороны сидящий Достопочтенный Радха так обратился к Благословенному: ",
  "sn23.18:1.3": "“не-сущностной природы, не-сущностной природы, уважаемый – так говорят. ",
  "sn23.18:1.4": "Что же, уважаемый, не-сущностной природы?”",
  "sn23.18:1.5": "“Материя, Радха не-сущностной природы, чувствование не-сущностной природы, сознавание не-сущностной природы, отождествления не-сущностной природы, внимание не-сущностной природы. ",
  "sn23.18:1.6": "Так видящий… ",
  "sn23.18:1.7": "понимает не будет иного индивидуального существования”.",
  "sn23.18:1.8": ""
}