{
  "sn23.17:0.1": "Связанные Наставления 23.17",
  "sn23.17:0.2": "Глава Вторая Мара",
  "sn23.17:0.3": "Не-сущность",
  "sn23.17:1.1": "В Саваттхи. ",
  "sn23.17:1.2": "С одной стороны сидящий Достопочтенный Радха так обратился к Благословенному: ",
  "sn23.17:1.3": "“не-сущность, не-сущность, уважаемый – так говорят. ",
  "sn23.17:1.4": "Что же, уважаемый, не-сущность?”",
  "sn23.17:1.5": "“Материя, Радха не-сущность, чувствование не-сущность, сознавание не-сущность, отождествления не-сущность, внимание болезненна. ",
  "sn23.17:1.6": "Так видящий… ",
  "sn23.17:1.7": "понимает не будет иного индивидуального существования”.",
  "sn23.17:1.8": ""
}