{
  "sn23.19:0.1": "Связанные Наставления 23.19",
  "sn23.19:0.2": "Глава Мара Вторая",
  "sn23.19:0.3": "Сутта Подверженное Разрушению",
  "sn23.19:1.1": "В Саваттхи.",
  "sn23.19:1.2": "Сидя рядом, Достопочтенный Радха обратился к Благословенному:",
  "sn23.19:1.3": "“Почтенный, “подверженное разрушению”, подверженное разрушению” – так говорят.",
  "sn23.19:1.4": "Что такое подверженное разрушению, почтенный?”",
  "sn23.19:1.5": "“Форма, Радха – это подверженное разрушению. Чувство… Восприятие… Формации… Сознание – это подверженное разрушению.",
  "sn23.19:1.6": "Видя так…",
  "sn23.19:1.7": "в какое-либо состояние существования”.",
  "sn23.19:1.8": "Девятая."
}