{
  "sn23.2:0.1": "Связанные Наставления 23.2",
  "sn23.2:0.2": "Глава Первая Мара",
  "sn23.2:0.3": "Существо",
  "sn23.2:1.1": "В Саваттхи. ",
  "sn23.2:1.2": "И тогда Достопочтенный Радха подошёл к Благословенному, поклонился ему, сел рядом и сказал ему: ",
  "sn23.2:1.3": "“Почтенный, “существо, существо” – так говорят. ",
  "sn23.2:1.4": "В каком смысле, почтенный, кто-либо называется существом?”",
  "sn23.2:1.5": "“Когда кто-либо влип, Радха, крепко влип в желание, жажду, наслаждение и влечение к форме, то тогда он зовётся существом. ",
  "sn23.2:1.6": "Когда кто-либо влип, крепко влип в желание, жажду, наслаждение и влечение к чувству… ",
  "sn23.2:1.7": "восприятию… ",
  "sn23.2:1.8": "формациям [ума]… ",
  "sn23.2:1.9": "сознанию, то тогда он зовётся существом.",
  "sn23.2:2.1": "Представь, Радха, как если бы маленькие мальчики и девочки играли бы в песочные замки. ",
  "sn23.2:2.2": "Покуда они не лишены тяги, желания, любви, влечения, страсти и жажды к этим песочным замкам, они лелеют их, играются с ними, ценят их, относятся к ним как к своей собственности. ",
  "sn23.2:2.3": "Но когда эти маленькие мальчики и девочки теряют свою тягу, желание, любовь, влечение, страсть и жажду к этим песочным замкам, то тогда они рассеивают их своими руками и ногами, стирают с лица земли, разрушают их, выбрасывают их из игры.",
  "sn23.2:2.4": "Точно также, Радха, рассей форму, сотри её с лица земли, разрушь её, выбрось её из игры. Практикуй ради уничтожения жажды. ",
  "sn23.2:2.5": "Рассей чувство… ",
  "sn23.2:2.6": "восприятие… ",
  "sn23.2:2.7": "формации… ",
  "sn23.2:2.8": "сознание, сотри его с лица земли, разрушь его, выбрось его из игры. Практикуй ради уничтожения жажды. ",
  "sn23.2:2.9": "Уничтожение жажды, Радха, это ниббана”.",
  "sn23.2:2.10": ""
}