{
  "sn23.12:0.1": "Связанные Наставления 23.12",
  "sn23.12:0.2": "Глава Вторая Мара",
  "sn23.12:0.3": "Подверженный Маре",
  "sn23.12:1.1": "В Саваттхи. ",
  "sn23.12:1.2": "Сидя рядом, Достопочтенный Радха обратился к Благословенному: ",
  "sn23.12:1.3": "“Почтенный, “Подверженный Маре, Подверженный Маре” – так говорят. ",
  "sn23.12:1.4": "Что такое Подверженный Маре, почтенный?”",
  "sn23.12:1.5": "“Форма, Радха подвержена Маре. Чувство… Восприятие… Формации… Сознание подвержено Маре. ",
  "sn23.12:1.6": "Видя так… ",
  "sn23.12:1.7": "не будет более возвращения в какое-либо состояние существования”.",
  "sn23.12:1.8": ""
}