{
  "sn23.21:0.1": "Связанные Наставления 23.21",
  "sn23.21:0.2": "Глава Мара Вторая",
  "sn23.21:0.3": "Сутта Подверженное Возникновению",
  "sn23.21:1.1": "В Саваттхи.",
  "sn23.21:1.2": "Сидя рядом, Достопочтенный Радха обратился к Благословенному:",
  "sn23.21:1.3": "“Почтенный, “подверженное возникновению”, подверженное возникновению” – так говорят.",
  "sn23.21:1.4": "Что такое подверженное разрушению, почтенный?”",
  "sn23.21:1.5": "“Форма, Радха – это подверженное возникновению. Чувство… Восприятие… Формации… Сознание – это подверженное возникновению.",
  "sn23.21:1.6": "Видя так…",
  "sn23.21:1.7": "в какое-либо состояние существования”.",
  "sn23.21:1.8": "Одиннадцатая."
}