{
  "sn23.11:0.1": "Связанные Наставления 23.11",
  "sn23.11:0.2": "Глава Вторая Мара",
  "sn23.11:0.3": "Мара",
  "sn23.11:1.1": "В Саваттхи. ",
  "sn23.11:1.2": "Сидя рядом, Достопочтенный Радха обратился к Благословенному: ",
  "sn23.11:1.3": "“Почтенный, “Мара, Мара” – так говорят. ",
  "sn23.11:1.4": "Что такое Мара, почтенный?”",
  "sn23.11:1.5": "“Форма, Радха – это Мара. Чувство… Восприятие… Формации… Сознание – это Мара. ",
  "sn23.11:1.6": "Видя так, обученный ученик Благородных испытывает разочарование [по отношению] к форме… чувству… восприятию… формациям… сознанию. ",
  "sn23.11:1.7": "Испытывая разочарование, он становится беспристрастным. Через беспристрастие [его ум] освобождается. Когда он освобождён, приходит знание: “Он освобождён”. Он понимает: ",
  "sn23.11:1.8": "“Рождение уничтожено, святая жизнь прожита, сделано то, что следовало сделать, не будет более возвращения в какое-либо состояние существования”.",
  "sn23.11:1.9": ""
}