{
  "sn23.3:0.1": "Связанные Наставления 23.3",
  "sn23.3:0.2": "Глава Первая Мара",
  "sn23.3:0.3": "Проводник к Сушествованию",
  "sn23.3:1.1": "В Саваттхи. ",
  "sn23.3:1.2": "И тогда Достопочтенный Радха подошёл к Благословенному, поклонился ему, сел рядом и сказал ему: ",
  "sn23.3:1.3": "“Почтенный, “проводник к существованию, проводник к существованию” – так говорят. ",
  "sn23.3:1.4": "Что такое, почтенный, проводник к существованию и каково прекращение проводника к существованию?”",
  "sn23.3:1.5": "“Радха, желание, тяга, наслаждение, жажда, вовлечённость, цепляние, умственные позиции, приверженности, скрытые склонности в отношении формы: ",
  "sn23.3:1.6": "вот что такое проводник к существованию. ",
  "sn23.3:1.7": "Их прекращение является прекращением проводника к существованию.",
  "sn23.3:1.8": "Желание, тяга, наслаждение, жажда, вовлечённость, цепляние, умственные позиции, приверженности, скрытые склонности в отношении чувства… ",
  "sn23.3:1.9": "восприятия… ",
  "sn23.3:1.10": "формаций… ",
  "sn23.3:1.11": "сознания: ",
  "sn23.3:1.12": "вот что такое проводник к существованию. ",
  "sn23.3:1.13": "Их прекращение является прекращением проводника к существованию”.",
  "sn23.3:1.14": ""
}