{
  "sn23.35:0.1": "Связанные Наставления 23.35-45",
  "sn23.35:0.2": "Глава Упанисанна",
  "sn23.35:0.3": "Сутта Подверженное Исчезновению",
  "sn23.35:1.1": "В Саваттхи.",
  "sn23.35:1.2": "Благословенный обратился к Достопочтенному Радхе по мере того как тот сидел рядом: ",
  "sn23.35:1.3": "“Радха, тебе следует оставить желание, тебе следует оставить жажду, тебе следует оставить желание и жажду ко всему, что является Марой. ",
  "sn23.35:1.4": "И что является Марой, Радха?” .. ",
  "sn23.35:1.5": "Форма, Радха, – это Мара. там импульсы должны быть отброшены, страсть отброшена, импульсы страсти отброшены.",
  "sn23.35:1.6": "Сознание – это Мара…",
  "sn23.35:1.7": "“Радха, тебе следует отбросить желание, тебе следует отбросить жажду, тебе следует отбросить желание и жажду ко всему, что является Марой.",
  "sn23.36:1.1": "“…желание и жажду ко всему, что подвержено Маре” ",
  "sn23.37:1.1": "“…желание и жажду ко всему, что непостоянно” ",
  "sn23.38:1.1": "“…желание и жажду ко всему, что обладает непостоянной природой” ",
  "sn23.39:1.1": "“…желание и жажду ко всему, что является страданием” ",
  "sn23.40:1.1": "“…желание и жажду ко всему, что обладает болезненной природой” ",
  "sn23.41:1.1": "“…желание и жажду ко всему, что является безличностным” ",
  "sn23.42:1.1": "“…желание и жажду ко всему, что обладает безличностной природой” ",
  "sn23.43:1.1": "“…желание и жажду ко всему, что подвержено разрушению” ",
  "sn23.44:1.1": "“…желание и жажду ко всему, что подвержено исчезновению” ",
  "sn23.45:1.1": "“…желание и жажду ко всему, что подвержено возникновению”"
}