{
  "sn23.1:0.1": "Связанные Наставления 23.1",
  "sn23.1:0.2": "Глава Первая Мара",
  "sn23.1:0.3": "Сутта Мара",
  "sn23.1:1.1": "В обстоятельствах Саваттхи.",
  "sn23.1:1.2": "И тогда уважаемый Радха подошёл, где был Благословенный; подойдя Благословенного поприветствовав с одного края сел. С одного края севший уважаемый Радха Благословенному это сказал:",
  "sn23.1:2.1": "“Мара, Мара”, почтенный, – так говорится.",
  "sn23.1:2.2": "В каком плане, почтенный, говорится о Маре?”",
  "sn23.1:2.3": "“Если на материи-виде-образе, Радха, фокусировка-памятование, то здесь может быть Мара, или убивающий, или то, что умирает.",
  "sn23.1:2.4": "Поэтому, Радха, увидь материю — “Это — Мара”, увидь материю — “Это — убивающий”, увидь материю — “Это — умирает”. Увидь “Это — болезнь”, увидь “Это — опухоль”, увидь “Это — дротик”, увидь “Это — пустое”, увидь “Это — пустой природы”.",
  "sn23.1:2.5": "Которые видят материю таковой, те видят правильно.",
  "sn23.1:2.6": "На ведании фокусировка…",
  "sn23.1:2.7": "На сознавании фокусировка…",
  "sn23.1:2.8": "На отождествлениях фокусировка…",
  "sn23.1:2.9": "Если на внимании-распознавании, фокусировка, то здесь может быть Мара, или убивающий, или то, что умирает.",
  "sn23.1:2.10": "Поэтому, Радха, увидь внимание — “Это — Мара”, увидь внимание — “Это — убивающий”, увидь внимание — “Это — умирает”. Увидь “Это — болезнь”, увидь “Это — опухоль”, увидь “Это — дротик”, увидь “Это — пустое”, увидь “Это — пустой природы”.",
  "sn23.1:2.11": "Которые видят внимание таковым, те видят правильно.",
  "sn23.1:3.1": "“В чём, почтенный, цель-смысл-польза правильного видения?”",
  "sn23.1:3.2": "“Цель правильного видения, Радха, в незаинтересованности”.",
  "sn23.1:3.3": "“В чём, почтенный, цель незаинтересованности?”",
  "sn23.1:3.4": "“Цель незаинтересованности, Радха, бесстрастии-неочарованности”.",
  "sn23.1:3.5": "“В чём, почтенный, цель бесстрастия?”",
  "sn23.1:3.6": "“Цель бесстрастия, Радха, в высвобождении”.",
  "sn23.1:3.7": "“В чём, почтенный, цель высвобождения?”",
  "sn23.1:3.8": "“Цель высвобождения, Радха, – в установлении”.",
  "sn23.1:3.9": "“А в чём, почтенный, цель установления?”",
  "sn23.1:3.10": "“Ты вышел, Радха, за пределы вопрошания, Радха. Ты не смог уловить грань вопрошания.",
  "sn23.1:3.11": "С погружением в установление, Радха, ведётся святая жизнь, с переходом в установление, с установлением как окончательной целью”.",
  "sn23.1:3.12": "Первая."
}