{
  "sn23.10:0.1": "Связанные Наставления 23.10",
  "sn23.10:0.2": "Глава Первая Мара",
  "sn23.10:0.3": "Оставление Желания Вторая",
  "sn23.10:1.1": "В Саваттхи. ",
  "sn23.10:1.2": "Рядом сидящему Достопочтенному Радхе Благословенный сказал это:",
  "sn23.10:1.3": "“Любое, Радха, желание, какое только существует по отношению к форме, любую жажду, наслаждение, вовлечённость и цепляние, умственные позиции, приверженности, скрытые склонности – отбросьте это. ",
  "sn23.10:1.4": "Так будет отброшена эта форма, срублена под корень, сделана подобной обрубку пальмы, уничтожена, неспособная возникнуть в будущем. ",
  "sn23.10:1.5": "И то же самое [следует сделать] в отношении чувства …",
  "sn23.10:1.6": "",
  "sn23.10:1.7": "восприятия …",
  "sn23.10:1.8": "формаций [ума] …",
  "sn23.10:1.9": "",
  "sn23.10:1.10": "и сознания” …",
  "sn23.10:1.11": "",
  "sn23.10:1.12": "",
  "sn23.10:1.13": "",
  "sn23.10:2.0": "",
  "sn23.10:2.1": "",
  "sn23.10:2.2": "",
  "sn23.10:2.3": "",
  "sn23.10:2.4": ""
}