{
  "sn23.13:0.1": "Связанные Наставления 23.13",
  "sn23.13:0.2": "Глава Вторая Мара",
  "sn23.13:0.3": "Ненадежное",
  "sn23.13:1.1": "В Саваттхи. ",
  "sn23.13:1.2": "С одной стороны сидящий Достопочтенный Радха так обратился к Благословенному: ",
  "sn23.13:1.3": "“Ненадежное, ненадежное, уважаемый – так говорят. ",
  "sn23.13:1.4": "Что же, уважаемый, ненадежно?”",
  "sn23.13:1.5": "“Материя, Радха ненадежна, чувствование ненадежно, сознавание ненадежно, отождествления ненадежны, внимание ненадежно. ",
  "sn23.13:1.6": "Так видящий… ",
  "sn23.13:1.7": "понимает не будет иного индивидуального существования”.",
  "sn23.13:1.8": ""
}