{
  "sn23.15:0.1": "Связанные Наставления 23.15",
  "sn23.15:0.2": "Глава Вторая Мара",
  "sn23.15:0.3": "Боль",
  "sn23.15:1.1": "В Саваттхи. ",
  "sn23.15:1.2": "С одной стороны сидящий Достопочтенный Радха так обратился к Благословенному: ",
  "sn23.15:1.3": "“Боль, боль, уважаемый – так говорят. ",
  "sn23.15:1.4": "Что же, уважаемый, болезненно?”",
  "sn23.15:1.5": "“Материя, Радха болезненна, чувствование болезненно, сознавание болезненно, отождествления болезненны, внимание болезненно. ",
  "sn23.15:1.6": "Так видящий… ",
  "sn23.15:1.7": "понимает не будет иного индивидуального существования”.",
  "sn23.15:1.8": ""
}