{
  "sn23.22:0.1": "Связанные Наставления 23.22",
  "sn23.22:0.2": "Глава Мара Вторая",
  "sn23.22:0.3": "Сутта Подверженное Прекращению",
  "sn23.22:1.1": "В Саваттхи.",
  "sn23.22:1.2": "Сидя рядом, Достопочтенный Радха обратился к Благословенному:",
  "sn23.22:1.3": "“Почтенный, “подверженное прекращению, подверженное прекращению” – так говорят.",
  "sn23.22:1.4": "Что такое подверженное разрушению, почтенный?”",
  "sn23.22:1.5": "“Форма, Радха – это подверженное прекращению. Чувство… Восприятие… Формации… Сознание – это подверженное прекращению.",
  "sn23.22:1.6": "Видя так…",
  "sn23.22:1.7": "в какое-либо состояние существования”.",
  "sn23.22:1.8": "Двенадцатая.",
  "sn23.22:1.9": "Глава Мара Вторая.",
  "sn23.22:2.0": "Оглавление",
  "sn23.22:2.1": "",
  "sn23.22:2.2": "",
  "sn23.22:2.3": "",
  "sn23.22:2.4": "",
  "sn23.22:2.5": "",
  "sn23.22:2.6": ""
}