{
  "sn23.23:0.1": "Связанные Наставления 23.23-33",
  "sn23.23:0.2": "Глава Аячана",
  "sn23.23:0.3": "Одиннадцать Сутт Начинающихся с Мары",
  "sn23.23:1.1": "В Саваттхи.",
  "sn23.23:1.2": "Сидя рядом, Достопочтенный Радха обратился к Благословенному:",
  "sn23.23:1.3": "“Почтенный, было бы хорошо, если бы Благословенный вкратце научил бы меня Дхамме так, чтобы я пребывал бы один, в уединении, будучи прилежным, старательным, решительным”.",
  "sn23.23:2.1": "“Радха, тебе следует отбросить желание, тебе следует отбросить жажду, тебе следует отбросить желание и жажду ко всему, что является Марой. ",
  "sn23.23:2.2": "И что является Марой, Радха? ",
  "sn23.23:2.3": "Форма, Радха, – это Мара. там импульсы должны быть отброшены, страсть отброшена, импульсы страсти отброшены.",
  "sn23.23:2.4": "Чувство – это Мара… ",
  "sn23.23:2.5": "Восприятие – это Мара… ",
  "sn23.23:2.6": "Формации – это Мара… ",
  "sn23.23:2.7": "Сознание – это Мара…",
  "sn23.23:2.8": "“Радха, тебе следует отбросить желание, тебе следует отбросить жажду, тебе следует отбросить желание и жажду ко всему, что является Марой.",
  "sn23.24:1.1": "“…желание и жажду ко всему, что подвержено Маре” ",
  "sn23.25:1.1": "“…желание и жажду ко всему, что непостоянно” ",
  "sn23.26:1.1": "“…желание и жажду ко всему, что обладает непостоянной природой” ",
  "sn23.27:1.1": "“…желание и жажду ко всему, что является страданием” ",
  "sn23.28:1.1": "“…желание и жажду ко всему, что обладает болезненной природой” ",
  "sn23.29:1.1": "“…желание и жажду ко всему, что является безличностным” ",
  "sn23.30:1.1": "“…желание и жажду ко всему, что обладает безличностной природой” ",
  "sn23.31:1.1": "“…желание и жажду ко всему, что подвержено разрушению” ",
  "sn23.32:1.1": "“…желание и жажду ко всему, что подвержено исчезновению” ",
  "sn23.33:1.1": "“…желание и жажду ко всему, что подвержено возникновению”"
}