{
  "sn23.34:0.1": "Связанные Наставления 23.34",
  "sn23.34:0.2": "Глава Аячана",
  "sn23.34:0.3": "Сутта Подверженное Исчезновению",
  "sn23.34:1.1": "В Саваттхи.",
  "sn23.34:1.2": "Сидя рядом, Достопочтенный Радха обратился к Благословенному:",
  "sn23.34:1.3": "“Почтенный, было бы хорошо, если бы Благословенный вкратце научил бы меня Дхамме так, чтобы я пребывал бы один, в уединении, будучи прилежным, старательным, решительным”.",
  "sn23.34:2.1": "“Радха, тебе следует отбросить желание, тебе следует отбросить жажду, тебе следует отбросить желание и жажду ко всему, что подвержено прекращению. ",
  "sn23.34:2.2": "И что подвержено прекращению, Радха? ",
  "sn23.34:2.3": "Форма, Радха, – подвержена прекращению. там импульсы должны быть отброшены, страсть отброшена, импульсы страсти отброшены.",
  "sn23.34:2.4": "Чувство подвержено прекращению… ",
  "sn23.34:2.5": "Восприятие подвержено прекращению… ",
  "sn23.34:2.6": "Формации подвержены прекращению… ",
  "sn23.34:2.7": "Сознание подвержено прекращению…",
  "sn23.34:2.8": "“Радха, тебе следует отбросить желание, тебе следует отбросить жажду, тебе следует отбросить желание и жажду ко всему, что подвержено прекращению.",
  "sn23.34:2.9": "Глава Аячана Третья.",
  "sn23.34:3.0": "Оглавление",
  "sn23.34:3.1": "",
  "sn23.34:3.2": "",
  "sn23.34:3.3": "",
  "sn23.34:3.4": "",
  "sn23.34:3.5": "",
  "sn23.34:3.6": ""
}