{
  "sn23.7:0.1": "Связанные Наставления 23.7",
  "sn23.7:0.2": "Глава Первая Мара",
  "sn23.7:0.3": "Услышавший",
  "sn23.7:1.1": "В Саваттхи. ",
  "sn23.7:1.2": "Рядом сидящему Достопочтенному Радхе Благословенный сказал это:",
  "sn23.7:1.3": "“Есть, Радха, эти пять совокупностей, подверженных цеплянию. ",
  "sn23.7:1.4": "Какие пять? ",
  "sn23.7:1.5": "Форма как совокупность, подверженная цеплянию… сознание как совокупность, подверженная цеплянию.",
  "sn23.7:1.6": "Когда, Радха, ученик Благородных понимает в соответствии с действительностью происхождение и исчезновение, привлекательность, опасность, и спасение в отношении этих пяти совокупностей, подверженных цеплянию, ",
  "sn23.7:1.7": "то тогда он зовётся учеником Благородных, вступившим в поток, освобождённым от нижних миров, непоколебимым в своей участи, направляющимся к просветлению”.",
  "sn23.7:1.8": ""
}