{
  "sn23.20:0.1": "Связанные Наставления 23.20",
  "sn23.20:0.2": "Глава Вторая Мара",
  "sn23.20:0.3": "Исчезающий по природе",
  "sn23.20:1.1": "В Саваттхи. ",
  "sn23.20:1.2": "С одной стороны сидящий Достопочтенный Радха так обратился к Благословенному: ",
  "sn23.20:1.3": "“Исчезающей природы, исчезающей природы, уважаемый – так говорят. ",
  "sn23.20:1.4": "Что же, уважаемый, исчезающей природы?”",
  "sn23.20:1.5": "“Материя, Радха исчезающей природы, чувствование исчезающей природы, сознавание исчезающей природы, отождествления исчезающей природы, внимание исчезающей природы. ",
  "sn23.20:1.6": "Так видящий… ",
  "sn23.20:1.7": "понимает не будет иного индивидуального существования”.",
  "sn23.20:1.8": ""
}