{
  "sn23.8:0.1": "Связанные Наставления 23.8",
  "sn23.8:0.2": "Глава Первая Мара",
  "sn23.8:0.3": "Арахант",
  "sn23.8:1.1": "В Саваттхи. ",
  "sn23.8:1.2": "Рядом сидящему Достопочтенному Радхе Благословенный сказал это:",
  "sn23.8:1.3": "“Есть, Радха, эти пять совокупностей, подверженных цеплянию. ",
  "sn23.8:1.4": "Какие пять? ",
  "sn23.8:1.5": "Форма как совокупность, подверженная цеплянию… сознание как совокупность, подверженная цеплянию.",
  "sn23.8:1.6": "Когда, Радха, монах поняв в соответствии с действительностью происхождение и исчезновение, привлекательность, опасность, и спасение в отношении этих пяти совокупностей, подверженных цеплянию, монах освободился за счёт отсутствия цепляния, ",
  "sn23.8:1.7": "то тогда он зовётся монахом, который арахант, чьи пятна [загрязнений ума] уничтожены, который прожил святую жизнь, сделал то, что следовало сделать, достиг своей [конечной] цели, полностью уничтожил оковы существования, освободился посредством окончательного знания”.",
  "sn23.8:1.8": ""
}