{
  "sn23.14:0.1": "Связанные Наставления 23.14",
  "sn23.14:0.2": "Глава Вторая Мара",
  "sn23.14:0.3": "Ненадежное по природе",
  "sn23.14:1.1": "В Саваттхи. ",
  "sn23.14:1.2": "С одной стороны сидящий Достопочтенный Радха так обратился к Благословенному: ",
  "sn23.14:1.3": "“Ненадежной природы, ненадежной природы, уважаемый – так говорят. ",
  "sn23.14:1.4": "Что же, уважаемый, ненадежной природы?”",
  "sn23.14:1.5": "“Материя, Радха ненадежной природы, чувствование ненадежной природы, сознавание ненадежной природы, отождествления ненадежной природы, внимание ненадежной природы. ",
  "sn23.14:1.6": "Так видящий… ",
  "sn23.14:1.7": "понимает не будет иного индивидуального существования”.",
  "sn23.14:1.8": ""
}