{
  "sn23.6:0.1": "Связанные Наставления 23.6",
  "sn23.6:0.2": "Глава Первая Мара",
  "sn23.6:0.3": "Отшельники Вторая",
  "sn23.6:1.1": "В Саваттхи. ",
  "sn23.6:1.2": "Рядом сидящему Достопочтенному Радхе Благословенный сказал это:",
  "sn23.6:1.3": "“Есть, Радха, эти пять совокупностей, подверженных цеплянию. ",
  "sn23.6:1.4": "Какие пять? ",
  "sn23.6:1.5": "Форма как совокупность, подверженная цеплянию… сознание как совокупность, подверженная цеплянию.",
  "sn23.6:1.6": "Те жрецы и отшельники, Радха, которые не понимают в соответствии с действительностью происхождение и прекращение, привлекательности, опасности, и спасения в отношении этих пяти совокупностей…",
  "sn23.6:1.7": "познав это для себя самостоятельно посредством прямого знания в этой самой жизни, входят и пребывают в цели отшельничества или в цели жречества”.",
  "sn23.6:1.8": ""
}