{
  "sn23.16:0.1": "Связанные Наставления 23.16",
  "sn23.16:0.2": "Глава Вторая Мара",
  "sn23.16:0.3": "Болезненное по природе",
  "sn23.16:1.1": "В Саваттхи. ",
  "sn23.16:1.2": "С одной стороны сидящий Достопочтенный Радха так обратился к Благословенному: ",
  "sn23.16:1.3": "“Болезненной природы, болезненной природы, уважаемый – так говорят. ",
  "sn23.16:1.4": "Что же, уважаемый, болезненной природы?”",
  "sn23.16:1.5": "“Материя, Радха болезненной природы, чувствование болезненной природы, сознавание болезненной природы, отождествления болезненной природы, внимание болезненной природы. ",
  "sn23.16:1.6": "Так видящий… ",
  "sn23.16:1.7": "понимает не будет иного индивидуального существования”.",
  "sn23.16:1.8": ""
}