{
  "sn45.140:0.1": "Связанные Наставления 45.140",
  "sn45.140:0.2": "Глава Сокращение Аппамада",
  "sn45.140:0.3": "Сутта След",
  "sn45.140:1.1": "“Подобно тому, как, монахи, как любые следы сухопутных животных, все они покроются следом слона;",
  "sn45.140:1.2": "след слона из них считается наивысшим, в частностии – большим размером;",
  "sn45.140:1.3": "точно также, любые благие качества коренятся в небеспечности, сливаются в небеспечности, и небеспечности считается наивысшим из них.",
  "sn45.140:1.4": "Когда монах небеспечен, то можно ожидать, что он разовьёт Благородный Восьмеричный Путь и взрастит Благородный Восьмеричный Путь.",
  "sn45.140:1.5": "И как, монахи, небеспечный монах развивает Благородный Восьмеричный Путь и преумножает Благородный Восьмеричный Путь?",
  "sn45.140:1.6": "Вот, монахи, монах развивает правильный взгляд, основанный на уединении, бесстрастии, истечении, созревающий в оставлении… правильное объединение опыта, основанное на уединении, бесстрастии, истечении, созревающее в оставлении.",
  "sn45.140:1.7": "Так, монахи, небеспечный монах развивает Благородный Восьмеричный Путь и преумножает Благородный Восьмеричный Путь.",
  "sn45.140:1.8": "Вторая."
}