{
 "sn45.9:0.1": "Связанные Наставления 45.9",
 "sn45.9:0.2": "Глава Авидджа",
 "sn45.9:0.3": "Сутта Острая щепка",
 "sn45.9:1.1": "В Саваттхи.",
 "sn45.9:1.2": "“Подобно тому как, монахи, если шелуха от риса или ячменя торчала бы не в ту сторону и её придавили бы ногой или рукой. Не могло бы произойти такого, чтобы она поранила бы руку или ногу, и выступила бы кровь.",
 "sn45.9:1.3": "Почему?",
 "sn45.9:1.4": "Потому что острая щепка торчала не в ту сторону.",
 "sn45.9:1.5": "Точно также, монахи, не может произойти такого, чтобы монах с неправильно направленным взглядом, с неправильно направленным развитием пути мог бы пронзить неразличение, породить истинное знание, реализовать ниббану.",
 "sn45.9:1.6": "И почему?",
 "sn45.9:1.7": "Потому что его взгляд неправильно направлен.",
 "sn45.9:2.1": "Подобно тому как, монахи, если бы острая щепка от риса или ячменя торчала бы в нужную сторону и её придавили бы ногой или рукой. Могло бы произойти так, что она поранила бы руку или ногу, и выступила бы кровь.",
 "sn45.9:2.2": "Почему?",
 "sn45.9:2.3": "Потому что острая щепка торчала в нужную сторону.",
 "sn45.9:2.4": "Точно также, монахи, может произойти так, что с правильно направленным взглядом, с правильно направленным развитием пути, монах пронзит неразличение, породит различение, реализует ниббану.",
 "sn45.9:2.5": "И почему?",
 "sn45.9:2.6": "Потому что его взгляд правильно направлен.",
 "sn45.9:3.1": "И каким образом монах так делает?",
 "sn45.9:3.2": "Вот, монахи, монах развивает правильный взгляд, основанный на уединении, бесстрастии, истечении, созревающий в освобождении… правильное объединение опыта, основанное на уединении, бесстрастии, истечении, созревающее в освобождении.",
 "sn45.9:3.3": "Вот так, монахи, этот монах с правильно направленным взглядом, с правильно направленным развитием пути пронзает неразличение, порождает различение, реализует ниббану”.",
 "sn45.9:3.4": "Девятая."
}