{
  "sn45.78-82:0.1": "Связанные Наставления 45.78-82",
  "sn45.78-82:0.2": "Глава Сокращение Экадхамма Вторая",
  "sn45.78-82:0.3": "Пятёрка Сутт Начинающихся с Реализации Нравственности",
  "sn45.78-82:1.1": "“Я не наблюдаю, монахи, ни одного другого явления, которое бы невозникший Благородный Восьмеричный Путь приводило бы к возникновению, а возникший Благородный Восьмеричный Путь приводило бы к полному развитию, а именно — реализация нравственности.",
  "sn45.78-82:1.2": "в частности—реализация импульса-намерения…",
  "sn45.78-82:1.3": "в частности—реализация себя…",
  "sn45.78-82:1.4": "в частности—реализация взгляда…",
  "sn45.78-82:1.5": "в частности—реализация небеспечности…",
  "sn45.78-82:1.6": "Шестая."
}