{
 "sn45.110:0.1": "Связанные Наставления 45.110-114",
 "sn45.110:0.2": "Глава Сокращение Ганга Вторая",
 "sn45.110:0.3": "Сутта начинающаяся со Склоняющаяся к Океану Первая",
 "sn45.110:1.1": "“Подобно тому, как, монахи, река Ямуна направляется к океану, склоняется к океану, устремляется к океану;",
 "sn45.110:1.2": "точно также, монахи, монах…",
 "sn45.110:1.3": "",
 "sn45.111:1.1": "Подобно тому, как, монахи, река Ачиравати направляется к океану, склоняется к океану, устремляется к океану;",
 "sn45.111:1.2": "точно также, монахи, монах…",
 "sn45.111:1.3": "",
 "sn45.112:1.1": "Подобно тому, как, монахи, река Сарабху направляется к океану, склоняется к океану, устремляется к океану;",
 "sn45.112:1.2": "точно также, монахи, монах…",
 "sn45.112:1.3": "",
 "sn45.113:1.1": "Подобно тому, как, монахи, река Махи направляется к океану, склоняется к океану, устремляется к океану;",
 "sn45.113:1.2": "точно также, монахи, монах…",
 "sn45.113:1.3": "",
 "sn45.114:1.1": "Подобно тому, как, монахи, эти большие реки, а именно—",
 "sn45.114:1.2": "Ганга, Ямуна, Ачиравати, Сарабху, Махи, все они направляются к океану, склоняются к океану, устремляются к океану;",
 "sn45.114:1.3": "точно также, монахи, монах развивающий Благородный Восьмеричный Путь и преумножающий Благородный Восьмеричный Путь, является направляющимся к ниббане, склоняющимся к ниббане, устремляющимся к ниббане.",
 "sn45.114:1.4": "И как, монахи, монах развивающий Благородный Восьмеричный Путь и преумножающий Благородный Восьмеричный Путь, является направляющимся к ниббане, склоняющимся к ниббане, устремляющимся к ниббане?",
 "sn45.114:1.5": "Вот, монахи, монах развивает правильный взгляд, имеющий целью выведение страсти, имеющий целью выведение злобы, имеющий целью выведение замутнённости… правильное объединение опыта, имеющее целью выведение страсти, имеющее целью выведение злобы, имеющее целью выведение замутнённости.",
 "sn45.114:1.6": "Так, монахи, монах развивающий Благородный Восьмеричный Путь и преумножающий Благородный Восьмеричный Путь, является направляющимся к ниббане, склоняющимся к ниббане, устремляющимся к ниббане”.",
 "sn45.114:1.7": "Шестая.",
 "sn45.114:1.8": "(Двенадцать Выведение Страсти Склоняющаяся к Востоку.)"
}