{
 "sn45.150:0.1": "Связанные Наставления 45.150",
 "sn45.150:0.2": "Глава Балакарания",
 "sn45.150:0.3": "Сутта Семена",
 "sn45.150:1.1": "“Подобно тому, как, монахи, любые виды семян и растений достигают роста, увеличения, разрастания, основываясь на земле, опираясь на землю –",
 "sn45.150:1.2": "точно также, монахи, основываясь на нравственности, опираясь на нравственность, монах развивающий Благородный Восьмеричный Путь, преумножающий Благородный Восьмеричный Путь, достигает роста, увеличения, разрастания в Учениях-дхаммах.",
 "sn45.150:1.3": "И как, монахи, монах, основываясь на нравственности, опираясь на нравственность, монах развивающий Благородный Восьмеричный Путь, преумножающий Благородный Восьмеричный Путь, достигает роста, увеличения, разрастания в Учениях-дхаммах?",
 "sn45.150:1.4": "Вот, монахи, монах развивает правильный взгляд, основанный на уединении, бесстрастии, истечении, созревающий в освобождении… правильное объединение опыта, основанное на уединении, бесстрастии, истечении, созревающее в освобождении…",
 "sn45.150:1.5": "Так, монахи, монах, основываясь на нравственности, опираясь на нравственность, монах развивающий Благородный Восьмеричный Путь, преумножающий Благородный Восьмеричный Путь, достигает роста, увеличения, разрастания в Учениях”.",
 "sn45.150:1.6": "Вторая."
}