{
 "sn45.96:0.1": "Связанные Наставления 45.96",
 "sn45.96:0.2": "Глава Сокращение Ганга",
 "sn45.96:0.3": "Сутта Склоняющаяся на Восток Шестая",
 "sn45.96:1.1": "“Подобно тому, как, монахи, эти большие реки, а именно—",
 "sn45.96:1.2": "Ганга, Ямуна, Ачиравати, Сарабху, Махи, все они направляются к востоку, склоняются к востоку, устремляются к востоку;",
 "sn45.96:1.3": "точно также, монахи, монах развивающий Благородный Восьмеричный Путь и преумножающий Благородный Восьмеричный Путь, является направляющимся к ниббане, склоняющимся к ниббане, устремляющимся к ниббане.",
 "sn45.96:1.4": "И как, монахи, монах развивающий Благородный Восьмеричный Путь и преумножающий Благородный Восьмеричный Путь, является направляющимся к ниббане, склоняющимся к ниббане, устремляющимся к ниббане?",
 "sn45.96:1.5": "Вот, монахи, монах развивает правильный взгляд, основанный на уединении, бесстрастии, истечении, созревающий в оставлении… правильное объединение опыта, основанное на уединении, бесстрастии, истечении, созревающее в оставлении.",
 "sn45.96:1.6": "Так, монахи, монах развивающий Благородный Восьмеричный Путь и преумножающий Благородный Восьмеричный Путь, является направляющимся к ниббане, склоняющимся к ниббане, устремляющимся к ниббане”.",
 "sn45.96:1.7": "Шестая."
}
