{
  "sn45.90:0.1": "Связанные Наставления 45.90",
  "sn45.90:0.2": "Глава Сокращение Экадхамма Вторая",
  "sn45.90:0.3": "Сутта Реализация Представления у Истока Вторая",
  "sn45.90:1.1": "“Как реализация представление у истока.",
  "sn45.90:1.2": "Когда, монахи, у монаха есть реализация представления у истока, то можно ожидать, что он разовьёт Благородный Восьмеричный Путь и взрастит Благородный Восьмеричный Путь.",
  "sn45.90:1.3": "И как, монахи, монах, у которого есть реализация представления у истока, развивает Благородный Восьмеричный Путь и преумножает Благородный Восьмеричный Путь?",
  "sn45.90:1.4": "Вот, монахи, монах развивает правильный взгляд, имеющий целью выведение страсти, имеющий целью выведение злобы, имеющий целью выведение замутнённости… правильное объединение опыта, имеющее целью выведение страсти, имеющее целью выведение злобы, имеющее целью выведение замутнённости.",
  "sn45.90:1.5": "Так, монахи, монах, у которого есть реализация представления у истока, развивает Благородный Восьмеричный Путь и преумножает Благородный Восьмеричный Путь”.",
  "sn45.90:1.6": "Седьмая.",
  "sn45.90:1.7": "Сокращение Экадхамма Вторая",
  "sn45.90:2.0": "Оглавление",
  "sn45.90:2.1": "",
  "sn45.90:2.2": "",
  "sn45.90:2.3": "",
  "sn45.90:2.4": ""
}