{
 "sn45.162:0.1": "Связанные Наставления 45.162",
 "sn45.162:0.2": "Глава Есана",
 "sn45.162:0.3": "Сутта Разделение",
 "sn45.162:1.1": "“Есть три, монахи, разделения-вида.",
 "sn45.162:1.2": "Какие три?",
 "sn45.162:1.3": "Разделение ‘я — лучше’, разделение ‘такой как я’, разделение ‘я — ниже’—",
 "sn45.162:1.4": "Эти три, монахи, разделения.",
 "sn45.162:1.5": "Для этих, монахи, трёх разделений познания, полного понимания, полного исчерпания, покидания этот Благородный Восьмеричный Путь должен быть развит.",
 "sn45.162:1.6": "Какой Благородный Восьмеричный Путь?",
 "sn45.162:1.7": "Вот, монахи, монах развивает правильный взгляд… правильное объединение опыта, основанное на уединении, бесстрастии, истечении, созревающее в оставлении…",
 "sn45.162:1.8": "Для этих, монахи, трёх разделений познания, полного понимания, полного исчерпания, покидания этот Благородный Восьмеричный Путь должен быть развит”.",
 "sn45.162:1.9": "(Как Есана, так должно быть расширенно.)",
 "sn45.162:1.10": "Вторая."
}