{
 "sn45.163:0.1": "Связанные Наставления 45.163",
 "sn45.163:0.2": "Глава Есана",
 "sn45.163:0.3": "Сутта Выделение",
 "sn45.163:1.1": "“Есть три, монахи, выделения.",
 "sn45.163:1.2": "Какие три?",
 "sn45.163:1.3": "Выделение желания, выделение случая, выделение неразличения—",
 "sn45.163:1.4": "Эти три, монахи, выделения.",
 "sn45.163:1.5": "Для этих, монахи, трёх выделений познания, полного понимания, полного исчерпания, покидания… этот Благородный Восьмеричный Путь должен быть развит.",
 "sn45.163:1.6": "Третья."
}