{
 "sn45.49:0.1": "Связанные Наставления 45.49",
 "sn45.49:0.2": "Глава Сокращение Сурья",
 "sn45.49:0.3": "Сутта Благоприятный Друг",
 "sn45.49:1.1": "В Саваттхи.",
 "sn45.49:1.2": "“Солнца, монахи, восходящего это предтеча, это предзнаменование, а именно—заря;",
 "sn45.49:1.3": "и также, монахи, у монаха это является предтечей, предзнаменованием возникновения Благородного Восьмеричного Пути, в частости, благоприятная дружба.",
 "sn45.49:1.4": "Когда, монахи, у монаха есть благоприятная дружба, то можно ожидать, что он разовьёт и взрастит этот Благородный Восьмеричный Путь.",
 "sn45.49:1.5": "И каким образом, монахи, монах, у которого есть благоприятная дружба, развивает Благородный Восьмеричный Путь и преумножает Благородный Восьмеричный Путь?",
 "sn45.49:1.6": "Вот, монахи, монах развивает правильный взгляд, основанный на уединении, бесстрастии, истечении, созревают в освобождении… правильное объединениеопыта, основанное на уединении, бесстрастии, истечении, созревающее в оставлении.",
 "sn45.49:1.7": "Вот так, монахи, монах, у которого есть благоприятная дружба, развивает Благородный Восьмеричный Путь и преумножает Благородный Восьмеричный Путь”.",
 "sn45.49:1.8": "Первая."
}
