{
  "sn45.35:0.1": "Связанные Наставления 45.35",
  "sn45.35:0.2": "Глава Патипатти",
  "sn45.35:0.3": "Сутта Шаманство Первая",
  "sn45.35:1.1": "В Саваттхи.",
  "sn45.35:1.2": "“Я научу вас, монахи, шаманству и плодам шаманства.",
  "sn45.35:1.3": "Услышьте это.",
  "sn45.35:1.4": "И что такое, монахи, шаманство?",
  "sn45.35:1.5": "Это только этот Благородный Восьмеричный Путь, а именно—",
  "sn45.35:1.6": "правильный взгляд… правильное объединение опыта.",
  "sn45.35:1.7": "Это называется шаманством.",
  "sn45.35:1.8": "И что такое, монахи, плоды шаманства?",
  "sn45.35:1.9": "Это плод обретения слуха, плод однажды-возвращения, плод не-возвращения, плод арахантства.",
  "sn45.35:1.10": "Это называется, монахи, плодами шаманства”.",
  "sn45.35:1.11": "Пятая."
}