{
 "sn45.21:0.1": "Связанные Наставления 45.21",
 "sn45.21:0.2": "Глава Миччхатта",
 "sn45.21:0.3": "Сутта Ошибочность",
 "sn45.21:1.1": "В Саваттхи.",
 "sn45.21:1.2": "“Ошибочность вам, монахи, преподам и правильность.",
 "sn45.21:1.3": "Услышьте это.",
 "sn45.21:1.4": "И что такое, монахи, ошибочность?",
 "sn45.21:1.5": "А именно—ошибочный взгляд… ошибочное объединение опыта.",
 "sn45.21:1.6": "Это называется, монахи, ошибочность.",
 "sn45.21:1.7": "И что такое, монахи, правильность?",
 "sn45.21:1.8": "А именно—правильный взгляд… правильное объединение опыта.",
 "sn45.21:1.9": "Это называется, монахи, правильность.",
 "sn45.21:1.10": "Первая."
}