{
  "sn38.3:0.1": "Связанные Наставления 4.4.1.3",
  "sn38.3:0.2": "Глава Джамбукхадака",
  "sn38.3:0.3": "Сутта Знаток Дхаммы",
  "sn38.3:1.1": "“Друг Сарипутта, кто является приверженцами Дхаммы в мире? Кто хорошо практикует в мире? Кто является счастливыми в мире?”",
  "sn38.3:1.2": "“Те, друг, кто обучают Дхамме ради оставления жажды, ради оставления злобы, ради оставления заблуждения – они являются приверженцами Дхаммы в мире. ",
  "sn38.3:1.3": "Те, кто практикуют ради оставления жажды, ради оставления злобы, ради оставления заблуждения – они хорошо практикуют в мире. ",
  "sn38.3:1.4": "Те, в ком жажда, злоба, и заблуждение были отброшены, срублены под корень, сделаны подобными обрубку пальмы, уничтожены так, что более не смогут возникнуть в будущем – они являются счастливыми в мире”.",
  "sn38.3:2.1": "“Но, друг, существует ли путь, есть ли способ отбросить эту жажду, злобу, и заблуждение?”",
  "sn38.3:2.2": "“Существует путь, друг, есть способ отбросить эту жажду, злобу, и заблуждение”.",
  "sn38.3:2.3": "“И какой же, друг, этот путь, какой же способ для отбрасывания этой жажды, злобы, и заблуждения?”",
  "sn38.3:2.4": "“Это, друг, этот самый Благородный Восьмеричный Путь, то есть:",
  "sn38.3:2.5": "Правильные Воззрения… Правильное Сосредоточение.",
  "sn38.3:2.6": "Таков, друг, путь, таков способ для отбрасывания этой жажды, злобы, и заблуждения”.",
  "sn38.3:2.7": "“Это отличный путь, друг, отличный способ для отбрасывания этой жажды, злобы, и заблуждения. ",
  "sn38.3:2.8": "Подходящий [путь], друг Сарипутта, для [приложения] старания”.",
  "sn38.3:2.9": "Третья."
}