{
  "sn38.5:0.1": "Связанные Наставления 4.4.1.5",
  "sn38.5:0.2": "Глава Джамбукхадака",
  "sn38.5:0.3": "Сутта Облегчение",
  "sn38.5:1.1": "“Тот, кто достиг утешения, тот, кто достиг утешения, друг Сарипутта, – так говорят. ",
  "sn38.5:1.2": "Каким образом, друг, кто-либо достиг утешения?”",
  "sn38.5:1.3": "“Когда, друг, монах понимает в соответствии с действительностью происхождение и исчезновение, привлекательность, опасность, и спасение в отношении шести сфер контакта, то тогда он достиг утешения”.",
  "sn38.5:1.4": "“Но, друг, существует ли путь, есть ли способ для реализации этого утешения?”",
  "sn38.5:1.5": "“Существует путь, друг… ",
  "sn38.5:1.6": "",
  "sn38.5:1.7": "Это этот самый Благородный Восьмеричный Путь…”",
  "sn38.5:1.8": "Правильные Воззрения … Правильное Сосредоточение.",
  "sn38.5:1.9": "",
  "sn38.5:1.10": "“Это отличный путь… ",
  "sn38.5:1.11": "Подходящий [путь], друг Сарипутта, для [приложения] старания”.",
  "sn38.5:1.12": "Пятая."
}