{
  "sn38.15:0.1": "Связанные Наставления 4.4.1.15",
  "sn38.15:0.2": "Глава Джамбукхадака",
  "sn38.15:0.3": "Сутта Вопрос о Личности",
  "sn38.15:1.1": "“Личность, личность”, друг Сарипутта, – так говорят. ",
  "sn38.15:1.2": "Что такое личность?”",
  "sn38.15:1.3": "“Эти пять совокупностей, подверженных цеплянию, друг, были названы Благословенным “личностью”, то есть:",
  "sn38.15:1.4": "форма как совокупность, подверженная цеплянию, чувство как совокупность, подверженная цеплянию, восприятие как совокупность, подверженная цеплянию, формации [ума] как совокупность, подверженная цеплянию, сознание как совокупность, подверженная цеплянию.",
  "sn38.15:1.5": "Эти пять совокупностей, подверженных цеплянию, были названы Благословенным “личностью”.",
  "sn38.15:1.6": "“Но, друг, существует ли путь, есть ли способ для полного понимания этой личности?”",
  "sn38.15:1.7": "“Существует путь, друг… ",
  "sn38.15:1.8": "",
  "sn38.15:1.9": "Это этот самый Благородный Восьмеричный Путь…”",
  "sn38.15:1.10": "Правильное воззрение… Правильное сосредоточение. ",
  "sn38.15:1.11": "",
  "sn38.15:1.12": "“Это отличный путь… ",
  "sn38.15:1.13": "Подходящий [путь], друг Сарипутта, для [приложения] старания”.",
  "sn38.15:1.14": "Пятнадцатая."
}