{
  "sn38.16:0.1": "Связанные Наставления 4.4.1.16",
  "sn38.16:0.2": "Глава Джамбукхадака",
  "sn38.16:0.3": "Сутта Трудно Осуществить",
  "sn38.16:1.1": "“Друг Сарипутта, что трудно осуществить в этой Дхамме и Винае?”",
  "sn38.16:1.2": "“Стать монахом, друг – вот что трудно осуществить в этой Дхамме и Винае”.",
  "sn38.16:1.3": "“Друг, что трудно осуществить тому, кто стал монахом?”",
  "sn38.16:1.4": "“Довольствоваться [ведением святой жизни], друг, трудно тому, кто стал монахом”.",
  "sn38.16:1.5": "“Но, друг, что трудно осуществить тому, кто стал довольствоваться?”",
  "sn38.16:1.6": "“Практиковать в соответствии с Дхаммой, друг, трудно осуществить тому, кто стал довольствоваться”.",
  "sn38.16:1.7": "“Но, друг, если монах практикует в соответствии с Дхаммой, то много ли времени потребуется ему, чтобы стать арахантом?”",
  "sn38.16:1.8": "“Немного, друг”.",
  "sn38.16:1.9": "Шестнадцатая.",
  "sn38.16:1.10": "Джамбукхадакасаньютта завершена.",
  "sn38.16:2.0": "Оглавление.",
  "sn38.16:2.1": "Ниббана и арахантство",
  "sn38.16:2.2": "Знаток Дхаммы, в цем цель;",
  "sn38.16:2.3": "Облегчение и полное облегчение,",
  "sn38.16:2.4": "Чувствование загрязнение, незнанние;",
  "sn38.16:2.5": "Цепляние, наводнение, поддавание, ",
  "sn38.16:2.6": "Схождение и боль, личность.",
  "sn38.16:2.7": "В этой дхамма-винае трудно сделать."
}