{
  "sn38.9:0.1": "Связанные Наставления 4.4.1.9",
  "sn38.9:0.2": "Глава Джамбукхадака",
  "sn38.9:0.3": "Сутта Вопрос о Незнании",
  "sn38.9:1.1": "“Незнание, незнание”, товарищ Сарипутта, говорят. ",
  "sn38.9:1.2": "Что такое, товарищ, незнание?",
  "sn38.9:1.3": "“Какое-либо, товарищ, незнание о боли, незнанине о скапливании боли, незнание об истечении боли, незнание о практике ведущей к истечению боли—",
  "sn38.9:1.4": "это, товарищ, назвается незнанием”.",
  "sn38.9:1.5": "“Но есть ли, товарищ, путь, есть ли практика отбрасывания этого незнания?”",
  "sn38.9:1.6": "“Есть, товарищ, путь, есть практика отбрасывания этого незнания.”",
  "sn38.9:1.7": "“И каков же, товарищ, путь, какова практика отбрасывания этого незнания?”",
  "sn38.9:1.8": "“Это именно этот, товарищ, Благородный Восьмеричный Путь, для отбрасывания этого незнания, в частности — ",
  "sn38.9:1.9": "правильный взгляд… правильное объединение опыта. ",
  "sn38.9:1.10": "Это, товарищ, путь, это практика отбрасывания этого незнания.” ",
  "sn38.9:1.11": "“Отличный, товарищ, путь, отличная практика отбрасывания этого незнания. ",
  "sn38.9:1.12": "Стоит того, товарищ Сарипутта, чтобы приложить усилия.”",
  "sn38.9:1.13": "Девятая."
}