{
  "sn38.7:0.1": "Связанные Наставления 4.4.1.7",
  "sn38.7:0.2": "Глава Джамбукхадака",
  "sn38.7:0.3": "Сутта Вопрос о Чувстве",
  "sn38.7:1.1": "“Чувство, чувство, друг Сарипутта, – так говорят. ",
  "sn38.7:1.2": "Что такое чувство?”",
  "sn38.7:1.3": "“Есть, друг, эти три чувства.",
  "sn38.7:1.4": "Какие три? ",
  "sn38.7:1.5": "Приятное чувство, болезненное чувство, ни-приятное-ни-болезненное чувство. ",
  "sn38.7:1.6": "Таковы три чувства”.",
  "sn38.7:1.7": "“Но, друг, существует ли путь, есть ли способ для полного понимания этих трёх чувств?”",
  "sn38.7:1.8": "“Существует путь, друг… ",
  "sn38.7:1.9": "",
  "sn38.7:1.10": "Это этот самый Благородный Восьмеричный Путь…”",
  "sn38.7:1.11": "Правильные Воззрения … Правильное Сосредоточение.",
  "sn38.7:1.12": "",
  "sn38.7:1.13": "“Это отличный путь… ",
  "sn38.7:1.14": "Подходящий [путь], друг Сарипутта, для [приложения] старания”.",
  "sn38.7:1.15": "Седьмая."
}