{
  "sn38.1:0.1": "Связанные Наставления 4.4.1.1",
  "sn38.1:0.2": "Глава Джамбукхадака",
  "sn38.1:0.3": "Сутта Вопрос о Ниббане",
  "sn38.1:1.1": "Однажды Достопочтенный Сарипутта пребывал в Магадхе в Налакагаме. ",
  "sn38.1:1.2": "И тогда странник Джамбукхадака подошёл к Достопочтенному Сарипутте и обменялся с ним вежливыми приветствиями. ",
  "sn38.1:1.3": "После обмена вежливыми приветствиями и любезностями он сел рядом и сказал Достопочтенному Сарипутте:",
  "sn38.1:2.1": "“Друг Сарипутта, “ниббана, ниббана” – так говорят. ",
  "sn38.1:2.2": "Что такое ниббана?”",
  "sn38.1:2.3": "“Уничтожение жажды, уничтожение злобы, уничтожение заблуждения: ",
  "sn38.1:2.4": "это, друг, называется ниббаной”.",
  "sn38.1:2.5": "“Но, друг, существует ли путь, есть ли способ реализовать эту ниббану?”",
  "sn38.1:2.6": "“Существует путь, друг, есть способ реализовать эту ниббану”.",
  "sn38.1:2.7": "“И какой же, друг, этот путь, какой же способ для реализации этой ниббаны?”",
  "sn38.1:2.8": "“Это, друг, этот самый Благородный Восьмеричный Путь, то есть:",
  "sn38.1:2.9": "Правильные Воззрения, Правильное Устремление, Правильная Речь, Правильные Действия, Правильные Средства к жизни, Правильное Усилие, Правильная Осознанность, Правильное Сосредоточение.",
  "sn38.1:2.10": "Таков, друг, путь, таков способ для реализации этой ниббаны”.",
  "sn38.1:2.11": "“Это отличный путь, друг, отличный способ для реализации этой ниббаны. ",
  "sn38.1:2.12": "Подходящий [путь], друг Сарипутта, для [приложения] старания”.",
  "sn38.1:2.13": "Первая."
}