{
  "sn38.6:0.1": "Связанные Наставления 4.4.1.6",
  "sn38.6:0.2": "Глава Джамбукхадака",
  "sn38.6:0.3": "Сутта Наивысшее Облегчение",
  "sn38.6:1.1": "“Тот, кто достиг наивысшего утешения, тот, кто достиг наивысшего утешения, друг Сарипутта, – так говорят. ",
  "sn38.6:1.2": "Каким образом, друг, кто-либо достиг наивысшего утешения?”",
  "sn38.6:1.3": "“Когда, друг, поняв в соответствии с действительностью происхождение и исчезновение, привлекательность, опасность, и спасение в отношении шести сфер контакта, монах освободился посредством отсутствия цепляния, то тогда он достиг наивысшего утешения”.",
  "sn38.6:1.4": "“Но, друг, существует ли путь, есть ли способ для реализации этого наивысшего утешения?”",
  "sn38.6:1.5": "“Существует путь, друг… Это этот самый Благородный Восьмеричный Путь…”",
  "sn38.6:1.6": "“Это отличный путь… Подходящий [путь], друг Сарипутта, для [приложения] старания”.",
  "sn38.6:1.7": "",
  "sn38.6:1.8": "Правильные Воззрения … Правильное Сосредоточение.",
  "sn38.6:1.9": "",
  "sn38.6:1.10": "“Это отличный путь… ",
  "sn38.6:1.11": "Подходящий [путь], друг Сарипутта, для [приложения] старания”.",
  "sn38.6:1.12": "Шестая."
}