{
  "sn38.2:0.1": "Связанные Наставления 4.4.1.2",
  "sn38.2:0.2": "Глава Джамбукхадака",
  "sn38.2:0.3": "Сутта Вопрос об Арахантстве",
  "sn38.2:1.1": "“Арахантство, арахантство, друг Сарипутта, – так говорят. ",
  "sn38.2:1.2": "Что такое арахантство?”",
  "sn38.2:1.3": "“Уничтожение жажды, уничтожение злобы, уничтожение заблуждения: ",
  "sn38.2:1.4": "это, друг, называется арахантством”.",
  "sn38.2:1.5": "“Но, друг, существует ли путь, есть ли способ реализовать это арахантство?”",
  "sn38.2:1.6": "“Существует путь, друг, есть способ реализовать это арахантство”.",
  "sn38.2:1.7": "“И какой же, друг, этот путь, какой же способ для реализации этого арахантства?”",
  "sn38.2:1.8": "“Это, друг, этот самый Благородный Восьмеричный Путь, то есть:",
  "sn38.2:1.9": "Правильные Воззрения … Правильное Сосредоточение.",
  "sn38.2:1.10": "Таков, друг, путь, таков способ для реализации этого арахантства”.",
  "sn38.2:1.11": "“Это отличный путь, друг, отличный способ для реализации этого арахантства. ",
  "sn38.2:1.12": "Подходящий [путь], друг Сарипутта, для [приложения] старания”.",
  "sn38.2:1.13": "Вторая."
}