{
  "sn38.8:0.1": "Связанные Наставления 4.4.1.8",
  "sn38.8:0.2": "Глава Джамбукхадака",
  "sn38.8:0.3": "Сутта Вопрос о Загрязнении",
  "sn38.8:1.1": "“Пятно, пятно, друг Сарипутта, – так говорят. ",
  "sn38.8:1.2": "Что такое пятно?”",
  "sn38.8:1.3": "“Есть, друг, эти три пятна: ",
  "sn38.8:1.4": "пятно чувственности, пятно существования, пятно невежества. ",
  "sn38.8:1.5": "Таковы три пятна”.",
  "sn38.8:1.6": "“Но, друг, существует ли путь, есть ли способ для полного понимания этих трёх пятен?”",
  "sn38.8:1.7": "“Существует путь, друг… ",
  "sn38.8:1.8": "",
  "sn38.8:1.9": "Это этот самый Благородный Восьмеричный Путь…”",
  "sn38.8:1.10": "Правильные Воззрения … Правильное Сосредоточение.",
  "sn38.8:1.11": "",
  "sn38.8:1.12": "“Это отличный путь… ",
  "sn38.8:1.13": "Подходящий [путь], друг Сарипутта, для [приложения] старания”.",
  "sn38.8:1.14": "Восьмая."
}