{
  "sn38.13:0.1": "Связанные Наставления 4.4.1.13",
  "sn38.13:0.2": "Глава Джамбукхадака",
  "sn38.13:0.3": "Сутта Вопрос о Бхаве",
  "sn38.13:1.1": "“Существование, существование”, друг Сарипутта, – так говорят. ",
  "sn38.13:1.2": "Что такое существование?”",
  "sn38.13:1.3": "“Есть, друг, эти три вида существования: ",
  "sn38.13:1.4": "существование желания, существование материи, существование нематериального. ",
  "sn38.13:1.5": "Таковы три вида существования”.",
  "sn38.13:1.6": "“Но, друг, существует ли путь, есть ли способ для полного понимания этих трёх видов существования?”",
  "sn38.13:1.7": "“Существует путь, друг… ",
  "sn38.13:1.8": "",
  "sn38.13:1.9": "Это этот самый Благородный Восьмеричный Путь…”",
  "sn38.13:1.10": "Правильные Воззрения … Правильное Сосредоточение.",
  "sn38.13:1.11": "",
  "sn38.13:1.12": "“Это отличный путь… ",
  "sn38.13:1.13": "Подходящий [путь], друг Сарипутта, для [приложения] старания”.",
  "sn38.13:1.14": "Тринадцатая."
}