{
  "sn21.12:0.1": "Связанные Наставления 2.10.1.12",
  "sn21.12:0.2": "Глава Бхиккху",
  "sn21.12:0.3": "Сутта Спутник ",
  "sn21.12:1.1": "В Саваттхи. ",
  "sn21.12:1.2": "И тогда двое монахов, которые были товарищами, учениками Достопочтенного Махакаппины, отправились к Благословенному. ",
  "sn21.12:1.3": "Благословенный, завидев их издали, ",
  "sn21.12:1.4": "обратился к монахам так: ",
  "sn21.12:1.5": "“Монахи, видите ли вы этих двух монахов, товарищей, учеников Достопочтенного Махакаппины?”",
  "sn21.12:1.6": "“Да, почтенный”.",
  "sn21.12:1.7": "“Эти монахи обладают великой сверхъестественной силой и могуществом. ",
  "sn21.12:1.8": "Не просто найти такого достижения [в этой сфере], которого эти монахи бы ещё не достигли. ",
  "sn21.12:1.9": "И, [кроме того], они те, кто, реализовав это для себя посредством прямого знания, здесь и сейчас входит и пребывает в высочайшей цели святой жизни, ради которой представители клана праведно оставляют жизнь домохозяина и ведут жизнь бездомную”.",
  "sn21.12:2.1": "Так сказал Благословенный. ",
  "sn21.12:2.2": "И сказав так, Счастливейший, Учитель, далее добавил:",
  "sn21.12:3.1": "“Эти монахи, [два] товарища,",
  "sn21.12:3.2": "Долгое время вместе как уже,",
  "sn21.12:3.3": "Чистая Дхамма повязала их,",
  "sn21.12:3.4": "В Учении, провозглашённом Буддой.",
  "sn21.12:4.1": "Их хорошо тренировал Каппина",
  "sn21.12:4.2": "В этом Учении Благородных,",
  "sn21.12:4.3": "Несут они последние тела,",
  "sn21.12:4.4": "Одолев Мару с его грудой”.",
  "sn21.12:4.5": "Двенадцатая.",
  "sn21.12:4.6": "Глава Бхиккху Первая.",
  "sn21.12:5.0": "Огравление.",
  "sn21.12:5.1": "",
  "sn21.12:5.2": "",
  "sn21.12:5.3": "",
  "sn21.12:5.4": "",
  "sn21.12:5.5": "",
  "sn21.12:5.6": "",
  "sn21.12:5.7": "Бхиккхусаньютта завершена.",
  "sn21.12:5.8": "Ниданаваггасаньютта втора.",
  "sn21.12:6.0": "Оглавление.",
  "sn21.12:6.1": "",
  "sn21.12:6.2": "",
  "sn21.12:6.3": "",
  "sn21.12:6.4": "",
  "sn21.12:6.5": "",
  "sn21.12:6.6": "Ниданаваггасаньютта окончена."
}