{
  "sn21.7:0.1": "Связанные Наставления 2.10.1.7",
  "sn21.7:0.2": "Глава Бхиккху",
  "sn21.7:0.3": "Сутта Висакха",
  "sn21.7:1.1": "Так я слышал. ",
  "sn21.7:1.2": "Однажды Благословенный пребывал в Весали в Великом Лесу в Зале с Остроконечной Крышей. ",
  "sn21.7:1.3": "И тогда Достопочтенный Висакха Панчалипутта наставлял, воодушевлял, вдохновлял и радовал монахов беседой о Дхамме в зале для собраний. [Его] речь была утончённой, ясной, c чёткими формулировками, умело раскрывающей смысл, глубокой, непривязанной.",
  "sn21.7:2.1": "И тогда, вечером, Благословенный вышел из затворничества и отправился в зал для собраний. ",
  "sn21.7:2.2": "Там он сел на подготовленное сиденье и обратился к монахам так: ",
  "sn21.7:2.3": "“Монахи, кто [из вас] наставлял, воодушевлял, вдохновлял и радовал монахов беседой о Дхамме в зале для собраний, речью, что была утончённой, ясной, c чёткими формулировками, умело раскрывающей смысл, глубокой, непривязанной?”",
  "sn21.7:2.4": "“Почтенный, это был Достопочтенный Висакха Панчалипутта”. ",
  "sn21.7:3.1": "И тогда Благословенный обратился к Достопочтенному Висакхе Панчалипутте так: ",
  "sn21.7:3.2": "“Хорошо, хорошо, Висакха! ",
  "sn21.7:3.3": "Хорошо, что ты так наставляешь монахов беседой о Дхамме”.",
  "sn21.7:4.1": "Так сказал Благословенный. ",
  "sn21.7:4.2": "И сказав так, Счастливейший, Учитель, далее добавил:",
  "sn21.7:5.1": "“Когда среди глупцов находится мудрец,",
  "sn21.7:5.2": "Они не узнают его, пока он не заговорит,",
  "sn21.7:5.3": "Но узнают о нём, когда он речь ведёт,",
  "sn21.7:5.4": "Описывая путь к тому, где смерти нет.",
  "sn21.7:6.1": "Чтобы раскрыть и рассказать о Дхамме",
  "sn21.7:6.2": "Провидца знамя должен он поднять.",
  "sn21.7:6.3": "Умелыми словами будет это знамя,",
  "sn21.7:6.4": "Сама же Дхамма – знамя для провидцев”.",
  "sn21.7:6.5": "Седьмая."
}