{
  "sn21.6:0.1": "Связанные Наставления 2.10.1.6",
  "sn21.6:0.2": "Глава Бхиккху",
  "sn21.6:0.3": "Сутта Лакунтака Бхаддия",
  "sn21.6:1.1": "В Саваттхи. ",
  "sn21.6:1.2": "И тогда Достопочтенный Лакунтака Бхаддия отправился к Благословенному. ",
  "sn21.6:1.3": "Благословенный, завидев его издали, ",
  "sn21.6:1.4": "обратился к монахам так: ",
  "sn21.6:1.5": "“Монахи, видите ли вы этого монаха – безобразного, непривлекательного, уродливого, к которому монахи относятся с брезгливостью?”",
  "sn21.6:1.6": "“Да, почтенный”.",
  "sn21.6:1.7": "“Этот монах обладает великой сверхъестественной силой и могуществом. Не просто найти такого достижения [в этой сфере], которого этот монах бы ещё не достиг. ",
  "sn21.6:1.8": "И, [кроме того], он тот, кто, реализовав это для себя посредством прямого знания, здесь и сейчас входит и пребывает в высочайшей цели святой жизни, ради которой представители клана праведно оставляют жизнь домохозяина и ведут жизнь бездомную”.",
  "sn21.6:1.9": "Так сказал Благословенный. ",
  "sn21.6:1.10": "И сказав так, Счастливейший, Учитель, далее добавил:",
  "sn21.6:2.1": "“Гуси, цапли и павлины,",
  "sn21.6:2.2": "Слон и крапчатый олень –",
  "sn21.6:2.3": "Все они боятся льва,",
  "sn21.6:2.4": "Несмотря на тел размеры.",
  "sn21.6:3.1": "Так оно и меж людей:",
  "sn21.6:3.2": "Кто пусть мал, но всё же мудр –",
  "sn21.6:3.3": "Тот воистину великий,",
  "sn21.6:3.4": "А не дурак, что крепко сложен”.",
  "sn21.6:3.5": "Шестая."
}