{
  "sn21.5:0.1": "Связанные Наставления 2.10.1.5",
  "sn21.5:0.2": "Глава Бхиккху",
  "sn21.5:0.3": "Сутта Суджата",
  "sn21.5:1.1": "В Саваттхи. ",
  "sn21.5:1.2": "И тогда Достопочтенный Суджата отправился к Благословенному. ",
  "sn21.5:1.3": "Благословенный, завидев его издали, ",
  "sn21.5:1.4": "обратился к монахам так: ",
  "sn21.5:1.5": "“Монахи, этот молодой человек прекрасен в обоих отношениях. ",
  "sn21.5:1.6": "Он красив, наделён привлекательной внешностью, на него приятно смотреть, [он] обладает величайшей красотой своего облика. И, [кроме того], он тот, кто, реализовав это для себя посредством прямого знания, здесь и сейчас входит и пребывает в высочайшей цели святой жизни, ради которой представители клана праведно оставляют жизнь домохозяина и ведут жизнь бездомную”.",
  "sn21.5:1.7": "Так сказал Благословенный. ",
  "sn21.5:1.8": "И сказав так, Счастливейший, Учитель, далее добавил:",
  "sn21.5:2.1": "“Этот монах сияет неземною красотой,",
  "sn21.5:2.2": "Всецело выправив свой ум.",
  "sn21.5:2.3": "Он отделён, свободен от оков,",
  "sn21.5:2.4": "Ниббаны он достиг посредством не-цепляния.",
  "sn21.5:2.5": "Несёт своё последнее он тело,",
  "sn21.5:2.6": "Обратив в бегство Мару с его грудой”.",
  "sn21.5:2.7": "Пятая."
}