{
  "sn21.9:0.1": "Связанные Наставления 2.10.1.9",
  "sn21.9:0.2": "Глава Бхиккху",
  "sn21.9:0.3": "Сутта Тисса",
  "sn21.9:1.1": "В Саваттхи. ",
  "sn21.9:1.2": "И тогда Достопочтенный Тисса, двоюродный брат Благословенного по отцовской линии, отправился к Благословенному, поклонился ему и сел рядом – несчастный, опечаленный, со струящимися из глаз ручьями слёз. И тогда Благословенный обратился к нему:",
  "sn21.9:1.3": "“Тисса, почему ты сидишь здесь, несчастный, опечаленный, со струящимися из глаз ручьями слёз?”",
  "sn21.9:1.4": "“Почтенный, потому что монахи забросали меня со всех сторон колкими словами”.",
  "sn21.9:1.5": "“Это потому, Тисса, что ты делаешь замечания другим, но не выносишь, когда делают замечания тебе. ",
  "sn21.9:1.6": "Тисса, не подобает тебе, как человеку, который благодаря вере ушёл в бездомную жизнь, покинув жизнь мирскую, [вести себя так], что ты делаешь замечания другим, но при этом [сам] не можешь принять замечаний [в свой адрес]. ",
  "sn21.9:1.7": "Но подобает тебе, Тисса, как человеку, который из веры ушёл в бездомную жизнь, покинув жизнь мирскую, [вести себя так], что ты делаешь замечания другим, ",
  "sn21.9:1.8": "и при этом [сам] можешь принять замечания [в свой адрес]”.",
  "sn21.9:2.1": "Так сказал Благословенный. ",
  "sn21.9:2.2": "И сказав так, Счастливейший, Учитель, далее добавил:",
  "sn21.9:3.1": "“Зачем же злишься ты, не злись!",
  "sn21.9:3.2": "Не-злоба, Тисса, лучше для тебя.",
  "sn21.9:3.3": "Чтобы избавиться от злобы, самомнения, насмешек,",
  "sn21.9:3.4": "Вот, Тисса, для чего ведётся вся эта святая жизнь”.",
  "sn21.9:3.5": "Девятая."
}