{
  "sn21.2:0.1": "Связанные Наставления 2.10.1.2",
  "sn21.2:0.2": "Глава Бхиккху",
  "sn21.2:0.3": "Сутта Упатисса",
  "sn21.2:1.1": "В Саваттхи. ",
  "sn21.2:1.2": "Там Достопочтенный Сарипутта обратился к монахам так: ",
  "sn21.2:1.3": "“Друзья монахи!”",
  "sn21.2:1.4": "“Друг!” – отвечали те монахи. ",
  "sn21.2:1.5": "Достопочтенный Сарипутта сказал:",
  "sn21.2:2.1": "“Вот, друзья, по мере того как я пребывал уединённым в затворничестве, такое рассмотрение возникло у меня в уме: ",
  "sn21.2:2.2": "“Есть ли что-либо в мире, из-за изменения и перемены которого во мне могли бы возникнуть печаль, стенание, боль, неудовольствие и отчаяние?” ",
  "sn21.2:2.3": "И мысль пришла ко мне: ",
  "sn21.2:2.4": "“Нет ничего в мире, из-за изменения и перемены которого во мне могли бы возникнуть печаль, стенание, боль, неудовольствие и отчаяние”.",
  "sn21.2:3.1": "Когда так было сказано, Достопочтенный Ананда обратился к Достопочтенному Сарипутте: ",
  "sn21.2:3.2": "“Друг Сарипутта, а если бы сам Учитель претерпел бы изменения и перемены, то разве не возникли бы в тебе печаль, стенание, боль, неудовольствие и отчаяние?”",
  "sn21.2:3.3": "“Друг, даже если бы сам Учитель претерпел бы изменения и перемены, то во мне не возникли бы печаль, стенание, боль, неудовольствие и отчаяние. Однако, мысль пришла бы ко мне: ",
  "sn21.2:3.4": "“Почтенный – такой влиятельный, такой великий и могущественный – скончался. ",
  "sn21.2:3.5": "Если бы Благословенный жил бы в течение долгого времени, то это было бы на благо и счастье многих, из-за сострадания к миру, ради благополучия и счастья богов и людей”.",
  "sn21.2:3.6": "“Должно быть, это потому, что сотворение “я” и сотворение “моего”, а также скрытая склонность к самомнению уже долгое время как были тщательно искоренены в Достопочтенном Сарипутте, ",
  "sn21.2:3.7": "что даже если бы сам Учитель претерпел бы изменения и перемены, в нём не возникли бы печаль, стенание, боль, неудовольствие и отчаяние”.",
  "sn21.2:3.8": "Вторая."
}