{
  "sn21.11:0.1": "Связанные Наставления 2.10.1.11",
  "sn21.11:0.2": "Глава Бхиккху",
  "sn21.11:0.3": "Сутта Махакаппина ",
  "sn21.11:1.1": "В Саваттхи. ",
  "sn21.11:1.2": "И тогда Достопочтенный Махакаппина отправился к Благословенному. ",
  "sn21.11:1.3": "Благословенный, завидев его издали, ",
  "sn21.11:1.4": "обратился к монахам так: ",
  "sn21.11:1.5": "“Монахи, видите ли вы этого монаха, светлокожего, тощего, с выступающим носом?”",
  "sn21.11:1.6": "“Да, почтенный”.",
  "sn21.11:1.7": "“Этот монах обладает великой сверхъестественной силой и могуществом. ",
  "sn21.11:1.8": "Не просто найти такого достижения [в этой сфере], которого этот монах бы ещё не достиг. ",
  "sn21.11:1.9": "И, [кроме того], он тот, кто, реализовав это для себя посредством прямого знания, здесь и сейчас входит и пребывает в высочайшей цели святой жизни, ради которой представители клана праведно оставляют жизнь домохозяина и ведут жизнь бездомную”.",
  "sn21.11:2.1": "Так сказал Благословенный. ",
  "sn21.11:2.2": "И сказав так, Счастливейший, Учитель, далее добавил:",
  "sn21.11:3.1": "“Член варны кхаттиев – вот лучший из людей",
  "sn21.11:3.2": "Для тех, кто меряет всё в рамках варн,",
  "sn21.11:3.3": "Но тот, кто совершенства в знании и поведении достиг –",
  "sn21.11:3.4": "Тот величайший из богов и из людей.",
  "sn21.11:4.1": "Солнце сияет, когда день,",
  "sn21.11:4.2": "Луна сияет, когда ночь,",
  "sn21.11:4.3": "Кхатий сияет, как закован он в броню,",
  "sn21.11:4.4": "И в медитации брахман сияет.",
  "sn21.11:4.5": "Но непрерывно, будь то день иль ночь,",
  "sn21.11:4.6": "Будда сияет славой всей своей”.",
  "sn21.11:4.7": "Одиннадцатая."
}