{
  "sn21.8:0.1": "Связанные Наставления 2.10.1.8",
  "sn21.8:0.2": "Глава Бхиккху",
  "sn21.8:0.3": "Сутта Нанда",
  "sn21.8:1.1": "В Саваттхи. ",
  "sn21.8:1.2": "И тогда Достопочтенный Нанда, двоюродный брат Благословенного по материнской линии, одел тщательно выглаженные одеяния, накрасил глаза, взял глазурованную чашу и отправился к Благословенному. Поклонившись Благословенному, он сел рядом, и Благословенный сказал ему:",
  "sn21.8:1.3": "“Нанда, не подобает тебе, как человеку, который благодаря вере ушёл в бездомную жизнь, покинув жизнь мирскую, носить тщательно выглаженные одеяния, красить свои глаза и носить глазурованную чашу. ",
  "sn21.8:1.4": "Но тебе, Нанда, подобает, как человеку, который благодаря вере ушёл в бездомную жизнь, покинув жизнь мирскую, быть тем, кто проживает в лесу, кто ест полученную с подаяний еду, кто носит одежду из обносков, и тебе подобает пребывать в безразличии в отношении чувственных удовольствий”.",
  "sn21.8:1.5": "Так сказал Благословенный. ",
  "sn21.8:1.6": "И сказав так, Счастливейший, Учитель, далее добавил:",
  "sn21.8:2.1": "“Когда же я увижу Нанду, живущего в лесу,",
  "sn21.8:2.2": "Носящего одежду из обносков сшитую,",
  "sn21.8:2.3": "Живущего лишь на остатках пищи незнакомцев,",
  "sn21.8:2.4": "И безразличного к усладам чувств?”",
  "sn21.8:3.1": "И тогда, через какое-то время, Достопочтенный Нанда стал тем, кто проживает в лесу, кто ест полученную с подаяний еду, кто носит одежду из обносков, и он пребывал в безразличии в отношении чувственных удовольствий.",
  "sn21.8:3.2": "Восьмая."
}