{
  "sn14.28:0.1": "Связанные Наставления 14.28",
  "sn14.28:0.2": "Глава Каммапатха",
  "sn14.28:0.3": "Сутта Восемь Аспектов",
  "sn14.28:1.1": "В Саваттхи. ",
  "sn14.28:1.2": "“Монахи, именно из-за элементов эти существа сходятся вместе и объединяются. ",
  "sn14.28:1.3": "Те, кто имеют ошибочный взгляд, сходятся вместе и объединяются с теми, кто имеет ошибочный взгляд.",
  "sn14.28:1.4": "Те, кто имеет ошибочное устремление…",
  "sn14.28:1.5": "Те, кто имеет ошибочную речь…",
  "sn14.28:1.6": "Те, кто имеет ошибочные действия…",
  "sn14.28:1.7": "Те, кто имеет ошибочные средства к жизни…",
  "sn14.28:1.8": "Те, кто имеет ошибочное усердие…",
  "sn14.28:1.9": "Те, кто имеет ошибочную осознанность…",
  "sn14.28:1.10": "Те, кто имеет ошибочное сосредоточение, сходятся вместе и объединяются с теми, кто имеет ошибочное сосредоточение.",
  "sn14.28:2.1": "Те, кто имеет правильный взгляд… ",
  "sn14.28:2.2": "устремления… ",
  "sn14.28:2.3": "речь… ",
  "sn14.28:2.4": "действия… ",
  "sn14.28:2.5": "средства к жизни… ",
  "sn14.28:2.6": "усердие… ",
  "sn14.28:2.7": "осознанность… ",
  "sn14.28:2.8": "сосредоточение, сходятся вместе и объединяются с теми, кто имеет правильное сосредоточение”.",
  "sn14.28:2.9": "Шестая."
}