{
  "sn14.30:0.1": "Связанные Наставления 14.30",
  "sn14.30:0.2": "Глава Четвертая",
  "sn14.30:0.3": "Сутта Четыре Дхату",
  "sn14.30:1.1": "Однажды Благословенный пребывал в Саваттхи в роще Джеты в монастыре Анатхапиндики…",
  "sn14.30:1.2": "“Монахи, есть эти четыре элемента. ",
  "sn14.30:1.3": "Какие четыре?",
  "sn14.30:1.4": "элемент земли, элемент воды, элемент огня, элемент воздуха.",
  "sn14.30:1.5": "Таковы четыре элемента”.",
  "sn14.30:1.6": "Первая."
}