{
  "sn14.9:0.1": "Связанные Наставления 14.9",
  "sn14.9:0.2": "Глава Нанатта",
  "sn14.9:0.3": "Сутта Бахирапхассананатта ",
  "sn14.9:1.1": "В Саваттхи. ",
  "sn14.9:1.2": "“Монахи, в зависимости от разнообразия элементов возникает разнообразие восприятий. В зависимости от разнообразия восприятий возникает разнообразие намерений. В зависимости от разнообразия намерений возникает разнообразие контактов. В зависимости от разнообразия контактов возникает разнообразие чувств. В зависимости от разнообразия чувств возникает разнообразие желаний. В зависимости от разнообразия желаний возникает разнообразие страстей. В зависимости от разнообразия страстей возникает разнообразие поисков. В зависимости от разнообразия поисков возникает разнообразие обретений.",
  "sn14.9:1.3": "И что такое, монахи, разнообразие элементов?",
  "sn14.9:1.4": "Элемент формы… Элемент ментального феномена.",
  "sn14.9:1.5": "Это, монахи, называется разнообразием элементов.",
  "sn14.9:2.1": "И как, монахи, в зависимости от разнообразия элементов возникает разнообразие восприятий, в зависимости… разнообразие обретений?",
  "sn14.9:3.1": "В зависимости от элемента формы возникает восприятие формы. В зависимости от восприятия формы возникает намерение по отношению к форме. В зависимости от намерения к форме возникает контакт с формой. В зависимости от контакта с формой возникает чувство, рождённое контактом с формой. В зависимости от чувства, рождённого контактом с формой, возникает желание к форме. В зависимости от желания к форме возникает страсть к форме. В зависимости от страсти к форме возникает поиск формы. В зависимости от поиска формы возникает обретение формы.",
  "sn14.9:3.2": "В зависимости от элемента ментального феномена возникает восприятие ментального феномена. В зависимости от восприятия ментального феномена возникает намерение по отношению к ментальному феномену. В зависимости от намерения к ментальному феномену возникает контакт с ментальным феноменом. В зависимости от контакта с ментальным феноменом возникает чувство, рождённое контактом с ментальным феноменом. В зависимости от чувства, рождённого контактом с ментальным феноменом, возникает желание к ментальному феномену. В зависимости от желания к ментальному феномену возникает страсть к ментальному феномену. В зависимости от страсти к ментальному феномену возникает поиск ментального феномена. В зависимости от поиска ментального феномена возникает обретение ментального феномена.",
  "sn14.9:4.1": "Таким образом, монахи, в зависимости от разнообразия элементов возникает разнообразие восприятий, в зависимости… разнообразие обретений”.",
  "sn14.9:4.2": "Девятая."
}