{
  "sn14.18:0.1": "Связанные Наставления 14.18",
  "sn14.18:0.2": "Глава Вторая ",
  "sn14.18:0.3": "Сутта Коренящийся в Недоверии",
  "sn14.18:1.1": "В Саваттхи. ",
  "sn14.18:1.2": "“Монахи, именно из-за элементов эти существа сходятся вместе и объединяются. ",
  "sn14.18:1.3": "Те, у кого нет достаточной веры, сходятся вместе и объединяются с теми, у кого нет достаточной веры; ",
  "sn14.18:1.4": "бесстыдные – с бесстыдными; ",
  "sn14.18:1.5": "немудрые – с немудрыми. ",
  "sn14.18:1.6": "Те, у кого есть вера, сходятся вместе и объединяются с теми, у кого есть вера; ",
  "sn14.18:1.7": "те, у кого есть чувство стыда – с теми, у кого есть чувство стыда; ",
  "sn14.18:1.8": "мудрые – с мудрыми. ",
  "sn14.18:1.9": "В прошлом, монахи, именно из-за элементов эти существа сходились вместе и объединялись…",
  "sn14.18:1.10": "В будущем монахи, именно из-за элементов существа будут сходиться вместе и объединяться…",
  "sn14.18:2.1": "И сейчас, монахи, именно из-за элементов эти существа сходятся вместе и объединяются… ",
  "sn14.18:2.2": "Те, у кого нет достаточной веры, сходятся вместе и объединяются с теми, у кого нет достаточной веры; ",
  "sn14.18:2.3": "бесстыдные – с бесстыдными; немудрые – с немудрыми. ",
  "sn14.18:2.4": "Те, у кого есть вера, сходятся вместе и объединяются с теми, у кого есть вера; ",
  "sn14.18:2.5": "те, у кого есть чувство стыда – с теми, у кого есть чувство стыда; ",
  "sn14.18:2.6": "мудрые – с мудрыми. ",
  "sn14.18:3.1": "Монахи, именно из-за элементов эти существа сходятся вместе и объединяются. ",
  "sn14.18:3.2": "Те, у кого нет достаточной веры, сходятся вместе и объединяются с теми, у кого нет достаточной веры; ",
  "sn14.18:3.3": " не боящиеся проступков – с теми, кто не боится проступков;",
  "sn14.18:3.4": "немудрые – с немудрыми. ",
  "sn14.18:3.5": "Те, у кого есть вера, сходятся вместе и объединяются с теми, у кого есть вера; ",
  "sn14.18:3.6": "те, кто боятся совершить проступок – с теми, кто боится совершить проступок; ",
  "sn14.18:3.7": "мудрые – с мудрыми…",
  "sn14.18:3.8": "(Подобно первому варианту должно быть развернуто.)",
  "sn14.18:4.1": "Монахи, именно из-за элементов… ",
  "sn14.18:4.2": "Те, у кого нет достаточной веры, сходятся вместе и объединяются с теми, у кого нет достаточной веры; ",
  "sn14.18:4.3": "не учёные – с не учёными; ",
  "sn14.18:4.4": "немудрые – с немудрыми. ",
  "sn14.18:4.5": "Те, у кого есть вера, сходятся вместе и объединяются с теми, у кого есть вера; учёные – с учёными; мудрые – с мудрыми…",
  "sn14.18:5.1": "Монахи, именно из-за элементов…",
  "sn14.18:5.2": "Те, у кого нет достаточной веры, сходятся вместе и объединяются с теми, у кого нет достаточной веры; ",
  "sn14.18:5.3": "ленивые – с ленивыми; ",
  "sn14.18:5.4": "немудрые – с немудрыми. ",
  "sn14.18:5.5": "Те, у кого есть вера, сходятся вместе и объединяются с теми, у кого есть вера; ",
  "sn14.18:5.6": "усердные – с усердными; мудрые – с мудрыми… ",
  "sn14.18:6.1": "Монахи, именно из-за элементов…",
  "sn14.18:6.2": "Те, у кого нет достаточной веры, сходятся вместе и объединяются с теми, у кого нет достаточной веры; ",
  "sn14.18:6.3": "те, у кого замутнён ум – с теми, у кого замутнён ум; ",
  "sn14.18:6.4": "немудрые – с немудрыми. ",
  "sn14.18:6.5": "Те, у кого есть вера, сходятся вместе и объединяются с теми, у кого есть вера; ",
  "sn14.18:6.6": "осознанные – с осознанными; мудрые – с мудрыми. Так было в прошлом; так будет в будущем; и так оно и ныне, в настоящем”.",
  "sn14.18:6.7": "Восьмая."
}