{
  "sn14.22:0.1": "Связанные Наставления 14.22",
  "sn14.22:0.2": "Глава Вторая ",
  "sn14.22:0.3": "Сутта Коренящийся в Лени",
  "sn14.22:1.1": "Располагается в Саваттхи.",
  "sn14.22:1.2": " “Монахи, именно из-за элементов эти существа сходятся вместе и объединяются. ",
  "sn14.22:1.3": "Ленивые сходятся вместе и объединяются с ленивыми; ",
  "sn14.22:1.4": "те, у кого замутнён ум – с теми, у кого замутнён ум; ",
  "sn14.22:1.5": "немудрые – с немудрыми. ",
  "sn14.22:1.6": "Усердные сходятся и объединяются с усердными; ",
  "sn14.22:1.7": "осознанные – с осознанными; мудрые – с мудрыми…",
  "sn14.22:1.8": "Двендацатая.",
  "sn14.22:1.9": "(Все нужно расширить на прошлое будущее и текущее.)",
  "sn14.22:1.10": "Глава Вторая",
  "sn14.22:2.0": "Оглавление",
  "sn14.22:2.1": "Семерка и с условием,",
  "sn14.22:2.2": "и с кирпичным зданием;",
  "sn14.22:2.3": "Низкая предрасположенность ходьба№",
  "sn14.22:2.4": "со строфами и седьмая недоверие.",
  "sn14.22:3.1": "Коренящийся в недоверии пять,",
  "sn14.22:3.2": "Четыре коренящийся в бесстыдстве, ",
  "sn14.22:3.3": "Коренящийся в безбоязненности три, ",
  "sn14.22:3.4": "И два с необученным.",
  "sn14.22:4.1": "Ленивый один говорится,",
  "sn14.22:4.2": "Сутты три пятерки;",
  "sn14.22:4.3": "Двадцать две сказаны сутты;",
  "sn14.22:4.4": "Глава Вторая Рассказана."
}