{
  "sn14.6:0.1": "Связанные Наставления 14.6",
  "sn14.6:0.2": "Глава Нанатта",
  "sn14.6:0.3": "Сутта Бахирадхатунанатта ",
  "sn14.6:1.1": "В Саваттхи. ",
  "sn14.6:1.2": "“Монахи, я научу вас разнообразию элементов. ",
  "sn14.6:1.3": "Слушайте внимательно, я буду говорить”…",
  "sn14.6:1.4": "“И что такое, монахи, разнообразие элементов?",
  "sn14.6:1.5": "Элемент формы, Элемент звука, Элемент запаха, Элемент вкуса, Элемент тактильного ощущения, Элемент ментального феномена.",
  "sn14.6:1.6": "Это, монахи, называется разнообразием элементов”.",
  "sn14.6:1.7": "Шестая."
}