{
  "sn14.23:0.1": "Связанные Наставления 14.23",
  "sn14.23:0.2": "Глава Каммапатха",
  "sn14.23:0.3": "Сутта Асамахита",
  "sn14.23:1.1": "В Саваттхи. ",
  "sn14.23:1.2": "“Монахи, именно из-за элементов эти существа сходятся вместе и объединяются. ",
  "sn14.23:1.3": "Те, у кого нет достаточной веры, сходятся вместе и объединяются с теми, у кого нет достаточной веры; ",
  "sn14.23:1.4": "бесстыдные – с бесстыдными; ",
  "sn14.23:1.5": "не боящиеся проступков – с теми, кто не боится проступков; ",
  "sn14.23:1.6": "не сосредоточенные – с не сосредоточенными; ",
  "sn14.23:1.7": "немудрые – с немудрыми.",
  "sn14.23:2.1": "Те, у кого есть вера, сходятся вместе и объединяются с теми, у кого есть вера; ",
  "sn14.23:2.2": "те, у кого есть чувство стыда – с теми, у кого есть чувство стыда; ",
  "sn14.23:2.3": "те, кто боится совершить проступок – с теми, кто боится совершить проступок; ",
  "sn14.23:2.4": "сосредоточенные – с сосредоточенными; ",
  "sn14.23:2.5": "мудрые – с мудрыми”.",
  "sn14.23:2.6": "Первая."
}