{
  "sn14.4:0.1": "Связанные Наставления 14.4",
  "sn14.4:0.2": "Глава Нанатта",
  "sn14.4:0.3": "Сутта Веданананатта",
  "sn14.4:1.1": "В Саваттхи. ",
  "sn14.4:1.2": "“Монахи, в зависимости от разнообразия элементов возникает разнообразие контактов. В зависимости от разнообразия контактов возникает разнообразие чувств.",
  "sn14.4:1.3": "И что такое, монахи, разнообразие элементов?",
  "sn14.4:1.4": "Элемент глаза… Элемент ума—",
  "sn14.4:1.5": "Это, монахи, называется разнообразием элементов.",
  "sn14.4:2.1": "И как, монахи, в зависимости от разнообразия элементов возникает разнообразие контактов; и как в зависимости от разнообразия контактов возникает разнообразие чувств?",
  "sn14.4:2.2": "В зависимости от элемента глаза возникает контакт глаза. В зависимости от контакта глаза возникает чувство, рождённое контактом глаза…",
  "sn14.4:2.3": "В зависимости от элемента ума возникает контакт ума. В зависимости от контакта ума возникает чувство, рождённое контактом ума.",
  "sn14.4:2.4": "Таким образом, монахи, в зависимости от разнообразия элементов возникает разнообразие контактов; в зависимости от разнообразия контактов возникает разнообразие чувств”.",
  "sn14.4:2.5": "Четвёртая."
}