{
  "sn14.5:0.1": "Связанные Наставления 14.5",
  "sn14.5:0.2": "Глава Нанатта",
  "sn14.5:0.3": "Сутта Веданананатта Вторая",
  "sn14.5:1.1": "В Саваттхи. ",
  "sn14.5:1.2": "“Монахи, в зависимости от разнообразия элементов возникает разнообразие контактов. В зависимости от разнообразия контактов возникает разнообразие чувств. Разнообразие контактов не возникает в зависимости от разнообразия чувств. Разнообразие элементов не возникает в зависимости от разнообразия контактов.",
  "sn14.5:1.3": "И что такое, монахи, разнообразие элементов?",
  "sn14.5:1.4": "Элемент глаза… Элемент ума.",
  "sn14.5:1.5": "Это, монахи, называется разнообразием элементов.",
  "sn14.5:2.1": "И как, монахи, в зависимости от разнообразия элементов возникает разнообразие контактов; и как в зависимости от разнообразия контактов возникает разнообразие чувств? Как разнообразие контактов не возникает в зависимости от разнообразия чувств; и как разнообразие элементов не возникает в зависимости от разнообразия контактов?",
  "sn14.5:2.2": "В зависимости от элемента глаза возникает контакт глаза. В зависимости от контакта глаза возникает чувство, рождённое контактом глаза. Контакт глаза не возникает в зависимости от чувства, рождённого контактом глаза. Элемент глаза не возникает в зависимости от контакта глаза…",
  "sn14.5:2.3": "В зависимости от элемента ума возникает контакт ума. В зависимости от контакта ума возникает чувство, рождённое контактом ума. Контакт ума не возникает в зависимости от чувства, рождённого контактом ума. Элемент ума не возникает в зависимости от контакта ума.",
  "sn14.5:2.4": "Таким образом, монахи, в зависимости от разнообразия элементов возникает разнообразие контактов; в зависимости от разнообразия контактов возникает разнообразие чувств. Разнообразие контактов не возникает в зависимости от разнообразия чувств; разнообразие элементов не возникает в зависимости от разнообразия контактов”.",
  "sn14.5:2.5": "Пятая."
}