{
  "sn14.39:0.1": "Связанные Наставления 14.39",
  "sn14.39:0.2": "Глава Четвертая",
  "sn14.39:0.3": "Сутта Шаманы Брахманы Третья",
  "sn14.39:1.1": "В Саваттхи. ",
  "sn14.39:1.2": "“Монахи, те жрецы и отшельники, которые не понимают элемента земли, его происхождения, его прекращения и пути к его прекращению; ",
  "sn14.39:1.3": "которые не понимают элемента воды… ",
  "sn14.39:1.4": "огня… ",
  "sn14.39:1.5": "воздуха, его происхождения, его прекращения и пути к его прекращению – ",
  "sn14.39:1.6": "таких я не считаю жрецами среди жрецов и отшельниками среди отшельников, и эти почтенные не входят, познав это для себя самостоятельно посредством прямого знания в этой самой жизни, и не пребывают в цели отшельничества или в цели жречества.",
  "sn14.39:2.1": "Но, монахи, те жрецы и отшельники, которые понимают… элемент земли…",
  "sn14.39:2.2": "элемент воды…",
  "sn14.39:2.3": "элемент огня…",
  "sn14.39:2.4": "элемент воздуха… тех я считаю жрецами среди жрецов и отшельниками среди отшельников, и эти почтенные входят, ",
  "sn14.39:2.5": "познав это для себя самостоятельно посредством прямого знания в этой самой жизни, и пребывают в цели отшельничества или в цели жречества”.",
  "sn14.39:2.6": "Десятая.",
  "sn14.39:2.7": "Глава Четвёртая.",
  "sn14.39:3.0": "Оглавление",
  "sn14.39:3.1": "",
  "sn14.39:3.2": "",
  "sn14.39:3.3": "",
  "sn14.39:3.4": "",
  "sn14.39:3.5": "Дхатусаньютта завершена."
}