{
 "sn14.35:0.1": "Связанные Наставления 14.35",
 "sn14.35:0.2": "Глава Четвёртая",
 "sn14.35:0.3": "Сутта Обрадование",
 "sn14.35:1.1": "В Саваттхи располагается.",
 "sn14.35:1.2": "“Который, монахи, твердого (земли)-дхату (явлению, феномену) радуется (обрадывается), боли тот радуется.",
 "sn14.35:1.3": "Который боли радуется, 'не освобожден тот от боли - это' говорю.",
 "sn14.35:1.4": "Который жидкости-дхату радуется…",
 "sn14.35:1.5": "который тепла-дхату…",
 "sn14.35:1.6": "который ветра-дхату радуется, боли тот радуется.",
 "sn14.35:1.7": "Который боли радуется, 'не освобожден тот от боли - это' говорю.",
 "sn14.35:2.1": "А который, монахи, твердого-дхату не радуется, боли тот не радуется.",
 "sn14.35:2.2": "Который боли не радуется, 'освобожден тот от боли - это' говорю.",
 "sn14.35:2.3": "Который жидкости-дхату не радуется…",
 "sn14.35:2.4": "который тепла-дхату…",
 "sn14.35:2.5": "который ветра-дхату не радуется, боли тот не радуется.",
 "sn14.35:2.6": "Который боли не радуется, 'освобожден тот от боли - это' говорю.",
 "sn14.35:2.7": "Шестая."
}