{
  "sn14.38:0.1": "Связанные Наставления 14.38",
  "sn14.38:0.2": "Глава Четвертая",
  "sn14.38:0.3": "Сутта Шаманы Брахманы Вторая",
  "sn14.38:1.1": "В Саваттхи. ",
  "sn14.38:1.2": "“Монахи, есть эти четыре элемента. ",
  "sn14.38:1.3": "Какие четыре?",
  "sn14.38:1.4": "элемент земли, элемент воды, элемент огня, элемент воздуха.",
  "sn14.38:1.5": "Те жрецы и отшельники, которые не понимают в соответствии с действительностью происхождения и исчезновения, привлекательности, опасности, спасения в отношении этих четырёх элементов – ",
  "sn14.38:1.6": "(должно быть расширено)",
  "sn14.38:1.7": "Но, монахи, те жрецы и отшельники, которые понимают… ",
  "sn14.38:1.8": "познав это для себя самостоятельно посредством прямого знания в этой самой жизни, и пребывают в цели отшельничества или в цели жречества”.",
  "sn14.38:1.9": "Девятая."
}