{
  "sn14.15:0.1": "Связанные Наставления 14.15",
  "sn14.15:0.2": "Глава Вторая",
  "sn14.15:0.3": "Сутта Чанкама",
  "sn14.15:1.1": "Однажды Благословенный пребывал в Раджагахе на горе Пик Грифов. ",
  "sn14.15:1.2": "И тогда неподалёку от Благословенного Достопочтенный Сарипутта, [медитируя], ходил вперёд и назад с группой монахов. ",
  "sn14.15:1.3": "Достопочтенный Махамоггаллана… ",
  "sn14.15:1.4": "Достопочтенный Махакассапа… ",
  "sn14.15:1.5": "Достопочтенный Ануруддха… ",
  "sn14.15:1.6": "Достопочтенный Пунна Мантанипутта… ",
  "sn14.15:1.7": "Достопочтенный Упали… ",
  "sn14.15:1.8": "Достопочтенный Ананда, [медитируя], ходил вперёд и назад с группой монахов. ",
  "sn14.15:1.9": "И неподалёку от Благословенного и Девадатта, тоже, [медитируя], ходил вперёд и назад с группой монахов.",
  "sn14.15:2.1": "И тогда Благословенный обратился к монахам: ",
  "sn14.15:2.2": "“Монахи, видите ли вы Сарипутту, что ходит вперёд и назад вместе с группой монахов?”",
  "sn14.15:2.3": "“Да, почтенный”.",
  "sn14.15:2.4": "“Все те монахи [обладают] великой мудростью. ",
  "sn14.15:2.5": "Видите ли вы Моггаллану, что ходит вперёд и назад вместе с группой монахов?”",
  "sn14.15:2.6": "“Да, почтенный”.",
  "sn14.15:2.7": "“Все те монахи обладают великой духовной силой. ",
  "sn14.15:2.8": "Видите ли вы Кассапу, что ходит вперёд и назад вместе с группой монахов?”",
  "sn14.15:2.9": "“Да, почтенный”.",
  "sn14.15:2.10": "“Все те монахи – сторонники аскетических практик. ",
  "sn14.15:2.11": "Видите ли вы Ануруддху, что ходит вперёд и назад вместе с группой монахов?”",
  "sn14.15:2.12": "“Да, почтенный”.",
  "sn14.15:2.13": "“Все те монахи обладают божественным глазом. ",
  "sn14.15:2.14": "Видите ли вы Пунна Мантанипутту, что ходит вперёд и назад вместе с группой монахов?”",
  "sn14.15:2.15": "“Да, почтенный”.",
  "sn14.15:2.16": "“Все те монахи – ораторы Дхаммы. ",
  "sn14.15:2.17": "Видите ли вы Упали, что ходит вперёд и назад вместе с группой монахов?”",
  "sn14.15:2.18": "“Да, почтенный”.",
  "sn14.15:2.19": "“Все те монахи – приверженцы Винаи. ",
  "sn14.15:2.20": "Видите ли вы Ананду, что ходит вперёд и назад вместе с группой монахов?”",
  "sn14.15:2.21": "“Да, почтенный”.",
  "sn14.15:2.22": "“Все те монахи – высоко учёные. ",
  "sn14.15:2.23": "Видите ли вы Девадатту, что ходит вперёд и назад вместе с группой монахов?”",
  "sn14.15:2.24": "“Да, почтенный”.",
  "sn14.15:2.25": "“У всех тех монахов – порочные желания.",
  "sn14.15:3.1": "Монахи, именно из-за элементов эти существа сходятся вместе и объединяются. ",
  "sn14.15:3.2": "Те, что с худшими предрасположенностями, сходятся вместе и объединяются с теми, у кого худшие предрасположенности. ",
  "sn14.15:3.3": "Те, что с хорошими предрасположенностями, сходятся и объединяются с теми, у кого хорошие предрасположенности. ",
  "sn14.15:3.4": "В прошлом, монахи, из-за элементов эти существа сходились вместе и объединялись. ",
  "sn14.15:3.5": "Те, что с худшими предрасположенностями, сходятся вместе и объединяются с теми, у кого худшие предрасположенности. ",
  "sn14.15:3.6": "Те, что с хорошими предрасположенностями, сходятся и объединяются с теми, у кого хорошие предрасположенности. ",
  "sn14.15:4.1": "В будущем, монахи, из-за элементов эти существа будут сходиться вместе и объединяться. ",
  "sn14.15:4.2": "Те, что с худшими предрасположенностями, сходятся вместе и объединяются с теми, у кого худшие предрасположенности. ",
  "sn14.15:4.3": "Те, что с хорошими предрасположенностями, сходятся и объединяются с теми, у кого хорошие предрасположенности. ",
  "sn14.15:5.1": "И сейчас , монахи, из-за элементов эти существа сходятся вместе и объединяются. ",
  "sn14.15:5.2": "Те, что с худшими предрасположенностями, сходятся вместе и объединяются с теми, у кого худшие предрасположенности. ",
  "sn14.15:5.3": "Те, что с хорошими предрасположенностями, сходятся и объединяются с теми, у кого хорошие предрасположенности. ",
  "sn14.15:5.4": "Пятая."
}