{
  "sn14.20:0.1": "Связанные Наставления 14.20",
  "sn14.20:0.2": "Глава Вторая ",
  "sn14.20:0.3": "Сутта Коренящийся в Безбоязненности",
  "sn14.20:1.1": "Располагается в Саваттхи.",
  "sn14.20:1.2": "“Монахи, именно из-за элементов эти существа сходятся вместе и объединяются. ",
  "sn14.20:1.3": "Не боящиеся проступков сходятся и объединяются с теми, кто не боится проступков; ",
  "sn14.20:1.4": "не учёные – с не учёными; ",
  "sn14.20:1.5": "немудрые – с немудрыми. ",
  "sn14.20:1.6": "Те, кто боится совершить проступок, сходятся и объединяются с теми, кто боится совершить проступок; ",
  "sn14.20:1.7": "обученные – с обученными; мудрые – с мудрыми…",
  "sn14.20:2.1": "Не боящиеся проступков сходятся и объединяются с теми, кто не боится проступков; ",
  "sn14.20:2.2": "ленивые – с ленивыми; ",
  "sn14.20:2.3": "немудрые – с немудрыми. ",
  "sn14.20:2.4": "Те, кто боится совершить проступок, сходятся и объединяются с теми, кто боится совершить проступок; ",
  "sn14.20:2.5": "усердные – с усердными; мудрые – с мудрыми…",
  "sn14.20:3.1": "Не боящиеся проступков сходятся и объединяются с теми, кто не боится проступков; ",
  "sn14.20:3.2": "те, у кого замутнён ум – с теми, у кого замутнён ум; ",
  "sn14.20:3.3": "немудрые – с немудрыми. ",
  "sn14.20:3.4": "Те, кто боится совершить проступок, сходятся и объединяются с теми, кто боится совершить проступок; ",
  "sn14.20:3.5": "осознанные – с осознанными; мудрые – с мудрыми…",
  "sn14.20:3.6": "Десятая."
}