{
  "sn14.37:0.1": "Связанные Наставления 14.37",
  "sn14.37:0.2": "Глава Четвертая",
  "sn14.37:0.3": "Сутта Шаманы Брахманы",
  "sn14.37:1.1": "В Саваттхи. ",
  "sn14.37:1.2": "“Монахи, есть эти четыре элемента. ",
  "sn14.37:1.3": "Какие четыре?",
  "sn14.37:1.4": "Злемент земли, элемент воды, элемент огня, элемент воздуха.",
  "sn14.37:1.5": "Те жрецы и отшельники, которые не понимают в соответствии с действительностью привлекательности, опасности, спасения в отношении этих четырёх элементов – ",
  "sn14.37:1.6": "таких я не считаю жрецами среди жрецов и отшельниками среди отшельников, и эти почтенные не входят, познав это для себя самостоятельно посредством прямого знания в этой самой жизни, и не пребывают в цели отшельничества или в цели жречества.",
  "sn14.37:2.1": "Но, монахи, те жрецы и отшельники, которые понимают в соответствии с действительностью привлекательность, опасность, спасение в отношении этих четырёх элементов – ",
  "sn14.37:2.2": "тех я считаю жрецами среди жрецов и отшельниками среди отшельников, и эти почтенные входят, познав это для себя самостоятельно посредством прямого знания в этой самой жизни, и пребывают в цели отшельничества или в цели жречества”.",
  "sn14.37:2.3": "Восьмая."
}