{
  "sn14.19:0.1": "Связанные Наставления 14.19",
  "sn14.19:0.2": "Глава Вторая ",
  "sn14.19:0.3": "Сутта Коренящийся в Бесстыдстве",
  "sn14.19:1.1": "В Саваттхи.",
  "sn14.19:1.2": "“Из-за элементов… ",
  "sn14.19:1.3": "Бесстыдные сходятся и объединяются с бесстыдными; не боящиеся проступков – с теми, кто не боится проступков; немудрые – с немудрыми. Те, у кого есть чувство стыда, сходятся вместе и объединяются с теми, у кого есть чувство стыда; те, кто боится совершить проступок – с теми, кто боится совершить проступок; мудрые – с мудрыми… ",
  "sn14.19:2.1": "Бесстыдные сходятся и объединяются с бесстыдными; необученные – с необученными; немудрые – с немудрыми. Те, у кого есть чувство стыда, сходятся вместе и объединяются с теми, у кого есть чувство стыда; учёные – с учёными; мудрые – с мудрыми. ",
  "sn14.19:3.1": "Бесстыдные сходятся и объединяются с бесстыдными; ленивые – с ленивыми; немудрые – с немудрыми. Те, у кого есть чувство стыда, сходятся вместе и объединяются с теми, у кого есть чувство стыда; усердные – с усердными; мудрые – с мудрыми. ",
  "sn14.19:4.1": "Бесстыдные сходятся и объединяются с бесстыдными; те, у кого замутнён ум – с теми, у кого замутнён ум; немудрые – с немудрыми. Те, у кого есть чувство стыда, сходятся вместе и объединяются с теми, у кого есть чувство стыда; осознанные – с осознанными; мудрые – с мудрыми. ",
  "sn14.19:4.2": "Девятая."
}