{
  "sn14.21:0.1": "Связанные Наставления 14.21",
  "sn14.21:0.2": "Глава Вторая ",
  "sn14.21:0.3": "Сутта Коренящийся в Необученности.",
  "sn14.21:1.1": "Располагается в Саваттхи.",
  "sn14.21:1.2": "“Монахи, именно из-за элементов эти существа сходятся вместе и объединяются. ",
  "sn14.21:1.3": "…не учёные – с не учёными…",
  "sn14.21:1.4": "ленивые – с ленивыми…",
  "sn14.21:1.5": "немудрые – с немудрыми… ",
  "sn14.21:1.6": "обученные – с обученными… ",
  "sn14.21:1.7": "усердные – с усердными; мудрые – с мудрыми… ",
  "sn14.21:2.1": "…не учёные – с не учёными… ",
  "sn14.21:2.2": "те, у кого замутнён ум – с теми, у кого замутнён ум… ",
  "sn14.21:2.3": "немудрые – с немудрыми…",
  "sn14.21:2.4": "обученные – с обученными…",
  "sn14.21:2.5": "осознанные – с осознанными… мудрые – с мудрыми…",
  "sn14.21:2.6": "Одиннадцатая."
}