{
  "sn14.31:0.1": "Связанные Наставления 14.31",
  "sn14.31:0.2": "Глава Четвертая",
  "sn14.31:0.3": "Сутта До Пробуждения",
  "sn14.31:1.1": "В Саваттхи. ",
  "sn14.31:1.2": "“Монахи, до моего просветления, пока я всё ещё был непросветлённым бодхисаттой, мысль пришла ко мне: ",
  "sn14.31:1.3": "“В чём привлекательность, в чём опасность, в чём спасение в отношении элемента земли? ",
  "sn14.31:1.4": "В чём привлекательность, в чём опасность, в чём спасение в отношении элемента воды… ",
  "sn14.31:1.5": "огня… ",
  "sn14.31:1.6": "воздуха?”",
  "sn14.31:2.1": "И тогда, монахи, мысль пришла ко мне: ",
  "sn14.31:2.2": "“Удовольствие и радость, что возникают в зависимости от элемента земли – это является привлекательностью элемента земли. ",
  "sn14.31:2.3": "То, что элемент земли непостоянен, страдателен, подвержен изменению – это является опасностью элемента земли. ",
  "sn14.31:2.4": "Устранение и отбрасывание желания и жажды к элементу земли – это является спасением от элемента земли1.",
  "sn14.31:2.5": "Удовольствие и радость, что возникают в зависимости от элемента воды… ",
  "sn14.31:2.6": "…элемента огня… ",
  "sn14.31:2.7": "…элемента воздуха – это является привлекательностью элемента воздуха. ",
  "sn14.31:2.8": "То, что элемент воздуха непостоянен, страдателен, подвержен изменению – это является опасностью элемента воздуха. ",
  "sn14.31:2.9": "Устранение и отбрасывание желания и жажды к элементу воздуха – это является спасением от элемента воздуха”.",
  "sn14.31:3.1": "Пока, монахи, я полностью напрямую не узнал в соответствии с действительностью привлекательность, опасность, спасение в отношении этих четырёх элементов, я не заявлял о том, что пробудился в непревзойдённое совершенное просветление в этом мире с его дэвами, Марой, Брахмой, с его поколениями жрецов и отшельников, богов и людей. ",
  "sn14.31:4.1": "Но когда я напрямую узнал всё это в соответствии с действительностью, то тогда я заявил, что пробудился в непревзойдённое совершенное просветление в этом мире… богов и людей.",
  "sn14.31:4.2": "Знание и видение возникло во мне: ",
  "sn14.31:4.3": "“Непоколебимо моё освобождение ума. Это моё последнее рождение. Не будет нового существования”.",
  "sn14.31:4.4": "Вторая."
}