{
  "sn14.27:0.1": "Связанные Наставления 14.27",
  "sn14.27:0.2": "Глава Каммапатха",
  "sn14.27:0.3": "Сутта Десять Путей Действия",
  "sn14.27:1.1": "В Саваттхи. ",
  "sn14.27:1.2": "“Монахи, именно из-за элементов эти существа сходятся вместе и объединяются. ",
  "sn14.27:1.3": "Те, кто уничтожает жизнь, сходятся вместе и объединяются с теми, кто уничтожает жизнь.",
  "sn14.27:1.4": "Те, кто берёт то, что ему не было дано…",
  "sn14.27:1.5": "Те, кто пускается в неблагое сексуальное поведение…",
  "sn14.27:1.6": "Те, кто говорит неправду…",
  "sn14.27:1.7": "Те, кто говорит сеющие распри речи…",
  "sn14.27:1.8": "Те, кто говорит грубые слова…",
  "sn14.27:1.9": "Те, кто пускается в пустую болтовню…",
  "sn14.27:1.10": "Те, кто скуп…",
  "sn14.27:1.11": "Те, кто питает неприязнь…",
  "sn14.27:1.12": "Те, кто имеет неправильный взгляд, сходятся вместе и объединяются с теми, кто имеет неправильный взгляд.",
  "sn14.27:2.1": "Те, кто отвращаются от уничтожения жизни, сходятся вместе и объединяются с теми, кто отвращается от уничтожения жизни.",
  "sn14.27:2.2": "Те, кто отвращаются от взятия того, что ему не было дано…",
  "sn14.27:2.3": "Те, кто отвращаются от неблагого сексуального поведения…",
  "sn14.27:2.4": "Те, кто отвращаются от лживых речей…",
  "sn14.27:2.5": "Те, кто отвращаются от сеющей распри речи…",
  "sn14.27:2.6": "Те, кто отвращаются от грубых слов…",
  "sn14.27:2.7": "Те, кто отвращаются от пустой болтовни…",
  "sn14.27:2.8": "Те, кто не скуп…",
  "sn14.27:2.9": "Те, кто не питает неприязни…",
  "sn14.27:2.10": "Те, кто не имеет неправильный взгляд, сходятся вместе и объединяются с теми, кто имеет правильный взгляд”.",
  "sn14.27:2.11": "Пятая."
}