{
  "sn14.3:0.1": "Связанные Наставления 14.3",
  "sn14.3:0.2": "Глава Нанатта",
  "sn14.3:0.3": "Сутта Нопхассананатта",
  "sn14.3:1.1": "В Саваттхи. ",
  "sn14.3:1.2": "“Монахи, в зависимости от разнообразия элементов возникает разнообразие контактов. Разнообразие элементов не возникает в зависимости от разнообразия контактов.",
  "sn14.3:1.3": "И что такое, монахи, разнообразие элементов?",
  "sn14.3:1.4": "Элемент глаза… ",
  "sn14.3:1.5": "Элемент ума—",
  "sn14.3:1.6": "Это, монахи, называется разнообразием элементов.",
  "sn14.3:2.1": "И как, монахи, в зависимости от разнообразия элементов возникает разнообразие контактов; и как разнообразие элементов не возникает в зависимости от разнообразия контактов?",
  "sn14.3:2.2": "В зависимости от элемента глаза возникает контакт глаза. Элемент глаза не возникает в зависимости от контакта глаза…",
  "sn14.3:2.3": "В зависимости от элемента ума возникает контакт ума. Элемент ума не возникает в зависимости от контакта ума.",
  "sn14.3:2.4": "Таким образом, монахи, в зависимости от разнообразия элементов возникает разнообразие контактов; разнообразие элементов не возникает в зависимости от разнообразия контактов”.",
  "sn14.3:2.5": "Третья."
}