{
  "sn14.2:0.1": "Связанные Наставления 14.2",
  "sn14.2:0.2": "Глава Нанатта",
  "sn14.2:0.3": "Сутта Пхассананатта",
  "sn14.2:1.1": "В Саваттхи. ",
  "sn14.2:1.2": "“Монахи, в зависимости от разнообразия элементов возникает разнообразие контактов. ",
  "sn14.2:1.3": "И что такое, монахи, разнообразие элементов?",
  "sn14.2:1.4": "Элемент глаза, Элемент уха, Элемент носа, Элемент языка, Элемент тела, Элемент ума.",
  "sn14.2:1.5": "Это, монахи, называется разнообразием элементов. ",
  "sn14.2:2.1": "И как, монахи, в зависимости от разнообразия элементов возникает разнообразие контактов? ",
  "sn14.2:2.2": "В зависимости от элемента глаза возникает контакт глаза. ",
  "sn14.2:2.3": "В зависимости от элемента уха возникает контакт уха. ",
  "sn14.2:2.4": "В зависимости от элемента носа возникает контакт носа. ",
  "sn14.2:2.5": "В зависимости от элемента языка возникает контакт языка. ",
  "sn14.2:2.6": "В зависимости от элемента тела возникает контакт тела. ",
  "sn14.2:2.7": "В зависимости от элемента ума возникает контакт ума. ",
  "sn14.2:2.8": "Таким образом, монахи, в зависимости от разнообразия элементов возникает разнообразие контактов”.",
  "sn14.2:2.9": "Вторая."
}