{
  "sn14.7:0.1": "Связанные Наставления 14.7",
  "sn14.7:0.2": "Глава Нанатта",
  "sn14.7:0.3": "Сутта Санньянанатта ",
  "sn14.7:1.1": "В Саваттхи. ",
  "sn14.7:1.2": "“Монахи, в зависимости от разнообразия элементов возникает разнообразие восприятий. В зависимости от разнообразия восприятий возникает разнообразие намерений. В зависимости от разнообразия намерений возникает разнообразие желаний. В зависимости от разнообразия желаний возникает разнообразие страстей. В зависимости от разнообразия страстей возникает разнообразие поисков.",
  "sn14.7:1.3": "И что такое, монахи, разнообразие элементов?",
  "sn14.7:1.4": "Элемент формы… Элемент ментального феномена.",
  "sn14.7:1.5": "Это, монахи, называется разнообразием элементов.",
  "sn14.7:2.1": "И как, монахи, в зависимости от разнообразия элементов возникает разнообразие восприятий, в зависимости… разнообразие поисков?",
  "sn14.7:3.1": "В зависимости от элемента формы возникает восприятие формы. В зависимости от восприятия формы возникает намерение по отношению к форме. В зависимости от намерения по отношению к форме возникает желание к форме. В зависимости от желания к форме возникает страсть к форме. В зависимости от страсти к форме возникает поиск формы.",
  "sn14.7:3.2": "В зависимости от элемента ментального феномена возникает восприятие ментального феномена. В зависимости от восприятия ментального феномена возникает намерение по отношению к ментальному феномену. В зависимости от намерения по отношению к ментальному феномену возникает желание к ментальному феномену. В зависимости от желания к ментальному феномену возникает страсть к ментальному феномену. В зависимости от страсти к ментальному феномену возникает поиск ментального феномена.",
  "sn14.7:4.1": "Таким образом, монахи, в зависимости от разнообразия элементов возникает разнообразие восприятий, в зависимости… разнообразие поисков”.",
  "sn14.7:4.2": "Седьмая."
}