{
  "sn14.16:0.1": "Связанные Наставления 14.16",
  "sn14.16:0.2": "Глава Вторая",
  "sn14.16:0.3": "Сутта Со Строфами",
  "sn14.16:1.1": "В Саваттхи. ",
  "sn14.16:1.2": "“Монахи, именно из-за элементов эти существа сходятся вместе и объединяются. ",
  "sn14.16:1.3": "Те, что с худшими предрасположенностями, сходятся вместе и объединяются с теми, у кого худшие предрасположенности. ",
  "sn14.16:1.4": "В прошлом, монахи, из-за элементов эти существа сходились вместе и объединялись. ",
  "sn14.16:1.5": "Те, что с худшими предрасположенностями, сходятся вместе и объединяются с теми, у кого худшие предрасположенности. ",
  "sn14.16:2.1": "В будущем, монахи, из-за элементов эти существа будут сходиться вместе и объединяться. ",
  "sn14.16:2.2": "Те, что с худшими предрасположенностями, сходятся вместе и объединяются с теми, у кого худшие предрасположенности. ",
  "sn14.16:3.1": "И сейчас , монахи, из-за элементов эти существа сходятся вместе и объединяются. ",
  "sn14.16:3.2": "Те, что с худшими предрасположенностями, сходятся вместе и объединяются с теми, у кого худшие предрасположенности. ",
  "sn14.16:4.1": "Подобно тому, как фекалии объединяются с фекалиями, ",
  "sn14.16:4.2": "моча с мочой, ",
  "sn14.16:4.3": "слюна со слюной, ",
  "sn14.16:4.4": "гной с гноем, ",
  "sn14.16:4.5": "кровь с кровью – ",
  "sn14.16:4.6": "точно также, монахи, из-за элементов эти существа сходятся вместе и объединяются. ",
  "sn14.16:4.7": "Те, что с худшими предрасположенностями, сходятся вместе и объединяются с теми, у кого худшие предрасположенности. ",
  "sn14.16:4.8": "В прошлом…",
  "sn14.16:4.9": "будущем…",
  "sn14.16:4.10": "И теперь И сейчас , монахи, из-за элементов эти существа сходятся вместе и объединяются. ",
  "sn14.16:4.11": "Те, что с худшими предрасположенностями, сходятся вместе и объединяются с теми, у кого худшие предрасположенности. ",
  "sn14.16:5.1": "Монахи, именно из-за элементов эти существа сходятся вместе и объединяются. ",
  "sn14.16:5.2": "Те, что с хорошими предрасположенностями, сходятся и объединяются с теми, у кого хорошие предрасположенности. ",
  "sn14.16:5.3": "В прошлом, монахи, из-за элементов эти существа сходились вместе и объединялись. ",
  "sn14.16:5.4": "Те, что с хорошими предрасположенностями, сходились и объединялись с теми, у кого хорошие предрасположенности. ",
  "sn14.16:6.1": "В будущем…",
  "sn14.16:6.2": "И сейчас , монахи, из-за элементов эти существа сходятся вместе и объединяются. ",
  "sn14.16:6.3": "Те, что с хорошими предрасположенностями, сходятся и объединяются с теми, у кого хорошие предрасположенности. ",
  "sn14.16:7.1": "Подобно тому, как молоко объединяется с молоком, ",
  "sn14.16:7.2": "масло с маслом, ",
  "sn14.16:7.3": "топлёное масло с топлёным маслом, ",
  "sn14.16:7.4": "мёд с мёдом, ",
  "sn14.16:7.5": "меласса с мелассой – ",
  "sn14.16:7.6": "точно также, из-за элементов эти существа сходятся вместе и объединяются. ",
  "sn14.16:7.7": "Те, что с хорошими предрасположенностями, сходятся и объединяются с теми, у кого хорошие предрасположенности. ",
  "sn14.16:7.8": "В прошлом…",
  "sn14.16:7.9": "будущем…",
  "sn14.16:7.10": "И сейчас , монахи, из-за элементов эти существа сходятся вместе и объединяются. ",
  "sn14.16:7.11": "Те, что с хорошими предрасположенностями, сходятся и объединяются с теми, у кого хорошие предрасположенности. ",
  "sn14.16:8.1": "Так сказал Благословенный. ",
  "sn14.16:8.2": "И сказав это, Счастливейший, Учитель, далее добавил:",
  "sn14.16:9.1": "“Из-за общения лес похоти растёт,",
  "sn14.16:9.2": "А при отсутствии общения он срублен.",
  "sn14.16:9.3": "Точно как тот, взобравшийся на доску,",
  "sn14.16:9.4": "Потонет в волнах океана,",
  "sn14.16:10.1": "Так нравственный и человек потонет,",
  "sn14.16:10.2": "Общаясь с тем, кто апатичен.",
  "sn14.16:10.3": "Так избегайте же такого –",
  "sn14.16:10.4": "Лишённого усердия, вялого.",
  "sn14.16:11.1": "Общайтесь с мудрецом,",
  "sn14.16:11.2": "Усердным в медитации,",
  "sn14.16:11.3": "С тем Благородным, что живёт отшельником,",
  "sn14.16:11.4": "Своё усилие сохраняющим”.",
  "sn14.16:11.5": "Шестая."
}