{
  "sn14.14:0.1": "Связанные Наставления 14.14",
  "sn14.14:0.2": "Глава Вторая",
  "sn14.14:0.3": "Сутта Низкие Предрасположенности",
  "sn14.14:1.1": "В Саваттхи. ",
  "sn14.14:1.2": "“Монахи, именно из-за элементов эти существа сходятся вместе и объединяются. ",
  "sn14.14:1.3": "Те, что с худшими предрасположенностями, сходятся вместе и объединяются с теми, у кого худшие предрасположенности. ",
  "sn14.14:1.4": "Те, что с хорошими предрасположенностями, сходятся и объединяются с теми, у кого хорошие предрасположенности.",
  "sn14.14:2.1": "В прошлом из-за элементов существа сходились вместе и объединялись…",
  "sn14.14:2.2": "Те, что с худшими предрасположенностями, сходятся вместе и объединяются с теми, у кого худшие предрасположенности. ",
  "sn14.14:2.3": "Те, что с хорошими предрасположенностями, сходятся и объединяются с теми, у кого хорошие предрасположенности.",
  "sn14.14:3.1": "В будущем также из-за элементов существа будут сходиться вместе и объединяться…",
  "sn14.14:3.2": "Те, что с худшими предрасположенностями, сходятся вместе и объединяются с теми, у кого худшие предрасположенности. ",
  "sn14.14:3.3": "Те, что с хорошими предрасположенностями, сходятся и объединяются с теми, у кого хорошие предрасположенности.",
  "sn14.14:4.1": "И теперь также, в настоящем, из-за элементов существа сходятся вместе и объединяются. ",
  "sn14.14:4.2": "Те, что с худшими предрасположенностями, сходятся вместе и объединяются с теми, у кого худшие предрасположенности. ",
  "sn14.14:4.3": "Те, что с хорошими предрасположенностями, сходятся и объединяются с теми, у кого хорошие предрасположенности”.",
  "sn14.14:4.4": "Четвёртая."
}