{
  "sn14.26:0.1": "Связанные Наставления 14.26",
  "sn14.26:0.2": "Глава Каммапатха",
  "sn14.26:0.3": "Сутта Семь Путей Действия",
  "sn14.26:1.1": "В Саваттхи. ",
  "sn14.26:1.2": "“Монахи, именно из-за элементов эти существа сходятся вместе и объединяются. ",
  "sn14.26:1.3": "Те, кто уничтожает жизнь, сходятся вместе и объединяются с теми, кто уничтожает жизнь.",
  "sn14.26:1.4": "Те, кто берёт то, что ему не было дано…",
  "sn14.26:1.5": "Те, кто пускается в неблагое сексуальное поведение…",
  "sn14.26:1.6": "Те, кто говорит неправду…",
  "sn14.26:1.7": "Те, кто говорит сеющие распри речи…",
  "sn14.26:1.8": "Те, кто говорит грубые слова…",
  "sn14.26:1.9": "Те, кто занимается пустословием, сходятся вместе и объединяются с теми, кто так делает.",
  "sn14.26:2.1": "Те, кто отвращаются от уничтожения жизни, сходятся вместе и объединяются с теми, кто отвращается от уничтожения жизни.",
  "sn14.26:2.2": "Те, кто отвращаются от взятия того, что ему не было дано…",
  "sn14.26:2.3": "Те, кто отвращаются от неблагого сексуального поведения…",
  "sn14.26:2.4": "Те, кто отвращаются от лживых речей…",
  "sn14.26:2.5": "Те, кто отвращаются от сеющей распри речи…",
  "sn14.26:2.6": "Те, кто отвращаются от грубых слов…",
  "sn14.26:2.7": "Те, кто отвращаются от пустословия, сходятся вместе и объединяются с теми, кто так отвращается”.",
  "sn14.26:2.8": "Четвёртая."
}