{
  "sn14.25:0.1": "Связанные Наставления 14.25",
  "sn14.25:0.2": "Глава Каммапатха",
  "sn14.25:0.3": "Сутта Пять Тренировочных Правил",
  "sn14.25:1.1": "В Саваттхи. ",
  "sn14.25:1.2": "“Монахи, именно из-за элементов эти существа сходятся вместе и объединяются. ",
  "sn14.25:1.3": "Те, кто уничтожает жизнь, сходятся вместе и объединяются с теми, кто уничтожает жизнь.",
  "sn14.25:1.4": "Те, кто берёт то, что ему не было дано…",
  "sn14.25:1.5": "Те, кто пускается в неблагое сексуальное поведение…",
  "sn14.25:1.6": "Те, кто говорит неправду…",
  "sn14.25:1.7": "Те, кто употребляет вино, спиртные напитки и одурманивающие вещества, что являются причиной беспечности, сходятся вместе и объединяются с теми, кто это употребляет.",
  "sn14.25:2.1": "Те, кто отвращаются от уничтожения жизни, сходятся вместе и объединяются с теми, кто отвращается от уничтожения жизни.",
  "sn14.25:2.2": "Те, кто отвращаются от взятия того, что ему не было дано…",
  "sn14.25:2.3": "Те, кто отвращаются от неблагого сексуального поведения…",
  "sn14.25:2.4": "Те, кто отвращаются от лживых речей…",
  "sn14.25:2.5": "Те, кто отвращаются от употребления вина, спиртных напитков, одурманивающих веществ, что являются причиной беспечности, сходятся вместе и объединяются с теми, кто от этого отвращается”.",
  "sn14.25:2.6": "Третья."
}