{
  "sn30.3:0.1": "Связанные Наставления 3.9.1.3",
  "sn30.3:0.2": "Глава Супанна",
  "sn30.3:0.3": "Сутта 'Двояко' Первая ",
  "sn30.3:1.1": "В Саваттхи. ",
  "sn30.3:1.2": "Сидя рядом, тот монах сказал Благословенному: ",
  "sn30.3:1.3": "“Почтенный, в чём условие и причина, почему кто-либо после распада тела, после смерти, перерождается среди супанн, рождённых из яиц?”",
  "sn30.3:1.4": "“Монах, вот некий человек ведёт себя двояко телом, речью, умом. ",
  "sn30.3:1.5": "И он услышал: ",
  "sn30.3:1.6": "“Рождённые из яиц супанны живут долго, красивы, и пребывают в неимоверном счастье”. ",
  "sn30.3:1.7": "И он думает: ",
  "sn30.3:1.8": "“Ох, вот бы мне после распада тела, после смерти, переродиться среди супанн, рождённых из яиц!”. ",
  "sn30.3:1.9": "И тогда после распада тела, после смерти, он перерождается среди супанн, рождённых из яиц.",
  "sn30.3:1.10": "Вот, монах, в чём условие и причина, почему некий человек после распада тела, после смерти, перерождается среди супанн, рождённых из яиц”.",
  "sn30.3:1.11": "Третья."
}