{
  "sn30.17-46:0.1": "Связанные Наставления 30.17-46",
  "sn30.17-46:0.2": "Глава Супанна",
  "sn30.17-46:0.3": "Десятка Сутт Рожденный из Утробы",
  "sn30.17-46:1.1": "В Саваттхи.",
  "sn30.17-46:1.2": "Сидя рядом, тот монах сказал Благословенному:",
  "sn30.17-46:1.3": "“Почтенный, в чём условие и причина, почему кто-либо после распада тела, после смерти, перерождается среди супанн, рождённых из утробы?”",
  "sn30.17-46:1.4": "рождённых из влаги…",
  "sn30.17-46:1.5": "со спонтанным рождением…",
  "sn30.17-46:1.6": "“Монах, вот некий человек ведёт себя двояко телом, речью, умом.",
  "sn30.17-46:1.7": "И он услышал:",
  "sn30.17-46:1.8": "“Спонтанно рожденные супанны живут долго, красивы, и пребывают в неимоверном счастье”.",
  "sn30.17-46:1.9": "И он думает:",
  "sn30.17-46:1.10": "“Ох, вот бы мне после распада тела, после смерти, переродиться среди супанн, рождённых спонтанно!”.",
  "sn30.17-46:1.11": "“И он дарит еду”… ",
  "sn30.17-46:1.12": "“И он дарит питьё”… ",
  "sn30.17-46:1.13": "“И он дарит лампу”… ",
  "sn30.17-46:1.14": "И тогда после распада тела, после смерти, он перерождается среди супанн, рождённых спонтанно.",
  "sn30.17-46:1.15": "Вот, монах, в чём условие и причина, почему некий человек после распада тела, после смерти, перерождается среди супанн, рождённых спонтанно”.",
  "sn30.17-46:1.16": "Сорок шестая.",
  "sn30.17-46:1.17": "",
  "sn30.17-46:1.18": "Глава Супанна Первая. ",
  "sn30.17-46:2.0": "Оглавление.",
  "sn30.17-46:2.1": "",
  "sn30.17-46:2.2": "",
  "sn30.17-46:2.3": "",
  "sn30.17-46:2.4": "",
  "sn30.17-46:2.5": "Супаннасаньютта закончена."
}