{
  "sn30.2:0.1": "Связанные Наставления 3.9.1.2",
  "sn30.2:0.2": "Глава Супанна",
  "sn30.2:0.3": "Сутта Уносят",
  "sn30.2:1.1": "В Саваттхи. ",
  "sn30.2:1.2": "“Монахи, есть четыре вида рождения супанн. ",
  "sn30.2:1.3": "Какие четыре? ",
  "sn30.2:1.4": "Супанны, рождённые из яиц, супанны, рождённые из утробы, супанны, рождённые из влаги, супанны со спонтанным рождением.",
  "sn30.2:1.5": "Таковы четыре вида рождения супанн”.",
  "sn30.2:1.6": "Монахи, [те] супанны, что рождены из яиц, [схватывают и] уносят только [тех] нагов, которые рождены из яиц, но не тех, что рождены из утробы, из влаги, или [тех, что] родились спонтанно.",
  "sn30.2:1.7": "Супанны, что рождены из утробы, [схватывают и] уносят только [тех] нагов, которые рождены из яиц или из утробы, но не тех, что рождены из влаги, или [тех, что] родились спонтанно.",
  "sn30.2:1.8": "Супанны, что рождены из влаги, [схватывают и] уносят только [тех] нагов, которые рождены из яиц или из утробы или из влаги, но не тех, что родились спонтанно.",
  "sn30.2:1.9": "Супанны, что родились спонтанно, [схватывают и] уносят нагов, которые рождены из яиц или из утробы или из влаги или спонтанно.",
  "sn30.2:1.10": "Таковы четыре вида рождения супанн”.",
  "sn30.2:1.11": "Вторая."
}