{
  "sn30.7-16:0.1": "Связанные Наставления 30.7-16",
  "sn30.7-16:0.2": "Глава Супанна",
  "sn30.7-16:0.3": "Десятка Сутт Рожденный из Яйца ",
  "sn30.7-16:1.1": "В Саваттхи.",
  "sn30.7-16:1.2": "Сидя рядом, тот монах сказал Благословенному:",
  "sn30.7-16:1.3": "“Почтенный, в чём условие и причина, почему кто-либо после распада тела, после смерти, перерождается среди супанн, рождённых из яйц?”",
  "sn30.7-16:1.4": "“Монах, вот некий человек ведёт себя двояко телом, речью, умом.",
  "sn30.7-16:1.5": "И он услышал:",
  "sn30.7-16:1.6": "“Рождённые из яиц супанны живут долго, красивы, и пребывают в неимоверном счастье”.",
  "sn30.7-16:1.7": "И он думает:",
  "sn30.7-16:1.8": "“Ох, вот бы мне после распада тела, после смерти, переродиться среди супанн, рождённых из яиц!”.",
  "sn30.7-16:1.9": "“И он дарит еду”… ",
  "sn30.7-16:1.10": "“И он дарит питьё”… ",
  "sn30.7-16:1.11": "“И он дарит одежду”… ",
  "sn30.7-16:1.12": "“И он дарит средство передвижения”… ",
  "sn30.7-16:1.13": "“И он дарит гирлянду”… ",
  "sn30.7-16:1.14": "“И он дарит благовония”… ",
  "sn30.7-16:1.15": "“И он дарит мази”… ",
  "sn30.7-16:1.16": "“И он дарит постель”… ",
  "sn30.7-16:1.17": "“И он дарит жилище”… ",
  "sn30.7-16:1.18": "“И он дарит лампу”… ",
  "sn30.7-16:1.19": "И тогда после распада тела, после смерти, он перерождается среди супанн, рождённых из яиц.",
  "sn30.7-16:1.20": "Вот, монах, в чём условие и причина, почему некий человек после распада тела, после смерти, перерождается среди супанн, рождённых из яиц”.",
  "sn30.7-16:1.21": "Шестнадцатая."
}