{
  "sn30.1:0.1": "Связанные Наставления 3.9.1.1",
  "sn30.1:0.2": "Глава Супанна",
  "sn30.1:0.3": "Сутта Чистая",
  "sn30.1:1.1": "В Саваттхи. ",
  "sn30.1:1.2": "“Монахи, есть четыре вида рождения супанн. ",
  "sn30.1:1.3": "Какие четыре? ",
  "sn30.1:1.4": "Супанны, рождённые из яиц, супанны, рождённые из утробы, супанны, рождённые из влаги, супанны со спонтанным рождением.",
  "sn30.1:1.5": "Таковы четыре вида рождения супанн”.",
  "sn30.1:1.6": "Первая."
}