{
  "sn30.4-6:0.1": "Связанные Наставления 3.9.1.4-6",
  "sn30.4-6:0.2": "Глава Супанна",
  "sn30.4-6:0.3": "Сутта 'Двояко' 2-4",
  "sn30.4-6:1.1": "В Саваттхи. ",
  "sn30.4-6:1.2": "Сидя рядом, тот монах сказал Благословенному: ",
  "sn30.4-6:1.3": "“Почтенный, в чём условие и причина, почему кто-либо после распада тела, после смерти, перерождается среди супанн, рождённых из утробы?”",
  "sn30.4-6:1.4": "из влаги…",
  "sn30.4-6:1.5": "спонтанно…",
  "sn30.4-6:1.6": "“Монах, вот некий человек ведёт себя двояко телом, речью, умом. ",
  "sn30.4-6:1.7": "И он услышал: ",
  "sn30.4-6:1.8": "“Рождённые из яиц супанны живут долго, красивы, и пребывают в неимоверном счастье”. ",
  "sn30.4-6:1.9": "И он думает: ",
  "sn30.4-6:1.10": "“Ох, вот бы мне после распада тела, после смерти, переродиться среди супанн, рождённых из яиц!”. ",
  "sn30.4-6:1.11": "И тогда после распада тела, после смерти, он перерождается среди супанн, рождённых из яиц.",
  "sn30.4-6:1.12": "Вот, монах, в чём условие и причина, почему некий человек после распада тела, после смерти, перерождается среди супанн, рождённых из яиц”.",
  "sn30.4-6:1.13": "Шестая."
}