{
  "sn37.31:0.1": "Связанные Наставления 37.31",
  "sn37.31:0.2": "Глава Бала",
  "sn37.31:0.3": "Сутта Причина",
  "sn37.31:1.1": "“Монахи, существуют эти пять сил женщины.",
  "sn37.31:1.2": "Какие пять?",
  "sn37.31:1.3": "Сила видности, сила богатства, сила родни, сила сыновей, сила нравственности.",
  "sn37.31:1.4": "Монахи, не из-за силы видности, не из-за силы богатства, не из-за силы родни, не из-за силы сыновей [происходит так, что] после распада тела, после смерти, женщина перерождается в благом уделе, в небесном мире.",
  "sn37.31:1.5": "Но из-за силы нравственности эта женщина перерождается в благом уделе, в небесном мире.",
  "sn37.31:1.6": "Таковы пять сил женщины”.",
  "sn37.31:1.7": "Седьмая."
}