{
  "sn37.25:0.1": "Связанные Наставления 37.25",
  "sn37.25:0.2": "Глава Бала ",
  "sn37.25:0.3": "Сутта Уверенная ",
  "sn37.25:1.1": "“Монахи, существуют эти пять сил женщины. ",
  "sn37.25:1.2": "Какие пять? ",
  "sn37.25:1.3": "сила видности, сила богатства, сила родни, сила сыновей, сила нравственности. ",
  "sn37.25:1.4": "Таковы пять сил женщины. ",
  "sn37.25:1.5": "Когда женщина обладает этими пятью силами, она пребывает дома, будучи уверенной”.",
  "sn37.25:1.6": "Первая."
}