{
  "sn37.28:0.1": "Связанные Наставления 37.28",
  "sn37.28:0.2": "Глава Бала",
  "sn37.28:0.3": "Сутта Один",
  "sn37.28:1.1": "“Монахи, когда мужчина обладает одной силой, он пребывает, управляя женщиной.",
  "sn37.28:1.2": "Какой одной?",
  "sn37.28:1.3": "Силой авторитета. Когда женщина побеждена силой авторитета, то её не может спасти ни сила видности, ни сила богатства, ни сила родни, ни сила сыновей, ни сила нравственности”.",
  "sn37.28:1.4": "Четвёртая."
}