{
  "sn37.29:0.1": "Связанные Наставления 37.29",
  "sn37.29:0.2": "Глава Бала",
  "sn37.29:0.3": "Сутта В этом отношении",
  "sn37.29:1.1": "“Монахи, существуют эти пять сил женщины.",
  "sn37.29:1.2": "Какие пять?",
  "sn37.29:1.3": "сила видности, сила богатства, сила родни, сила сыновей, сила нравственности.",
  "sn37.29:1.4": "Если, монахи, женщина обладает силой видности, но не силой богатства,",
  "sn37.29:1.5": "то она неполна в этом отношении.",
  "sn37.29:1.6": "Но если она обладает силой видности и также и силой богатства,",
  "sn37.29:1.7": "то она полна в этом отношении.",
  "sn37.29:1.8": "Если, монахи, женщина обладает силой видности и силой богатства, но не обладает силой родни,",
  "sn37.29:1.9": "то она неполна в этом отношении.",
  "sn37.29:1.10": "Но если она обладает силой видности, силой богатства и также и силой родни,",
  "sn37.29:1.11": "то она полна в этом отношении.",
  "sn37.29:1.12": "Если, монахи, женщина обладает силой видности, силой богатства, силой родни, но не силой сыновей,",
  "sn37.29:1.13": "то она неполна в этом отношении.",
  "sn37.29:1.14": "Но если она обладает силой видности, силой богатства, силой родни и также и силой сыновей,",
  "sn37.29:1.15": "то она полна в этом отношении.",
  "sn37.29:1.16": "Если, монахи, женщина обладает силой видности, силой богатства, силой родни, силой сыновей, но не силой нравственности,",
  "sn37.29:1.17": "то она неполна в этом отношении.",
  "sn37.29:1.18": "Но если она обладает силой видности, силой богатства, силой родни, силой сыновей и также и силой нравственности,",
  "sn37.29:1.19": "то она полна в этом отношении.",
  "sn37.29:1.20": "Таковы пять сил женщины”.",
  "sn37.29:1.21": "Пятая."
}