{
  "sn37.1:0.1": "Связанные Наставления 37.1",
  "sn37.1:0.2": "Глава Сокращение Первая",
  "sn37.1:0.3": "Сутта Женщина",
  "sn37.1:1.1": "“Пятью, монахи, аспектами наделенная женщина всецело не мила мужчине.",
  "sn37.1:1.2": "Какими пятью?",
  "sn37.1:1.3": "Она не видная, она не богата, она безнравственна, она ленива, не заводит потомство.",
  "sn37.1:1.4": "Этими, монахи, пятью аспектами наделенная женщина всецело не мила мужчине.",
  "sn37.1:1.5": "“Пятью, монахи, аспектами наделенная женщина всецело мила мужчине.",
  "sn37.1:1.6": "Какими пятью?",
  "sn37.1:1.7": "Она видная, она богата, она нравственна, она не ленива, заводит потомство.",
  "sn37.1:1.8": "Этими, монахи, пятью аспектами наделенная женщина всецело не мила мужчине.",
  "sn37.1:1.9": "Первая."
}