{
  "sn37.15:0.1": "Связанные Наставления 37.15",
  "sn37.15:0.2": "Глава Сокращение Вторая",
  "sn37.15:0.3": "Сутта Не раздражительна",
  "sn37.15:1.1": "И тогда Достопочтенный Ануруддха подошёл к Благословенному, поклонился ему, сел рядом и сказал:",
  "sn37.15:1.2": "“Учитель, божественным глазом, очищенным и превосходящим человеческий, я вижу как женщины после распада тела, после смерти, перерождаются в благих уделах, в небесном мире.",
  "sn37.15:1.3": "Сколькими качествами наделена женщина, Учитель, что она перерождается так?”",
  "sn37.15:2.1": "“Когда, Ануруддха, женщина наделена пятью качествами, то после распада тела, после смерти, она перерождается в благих уделах, в небесном мире.",
  "sn37.15:2.2": "Какими пятью?",
  "sn37.15:2.3": "Она наделена [качеством] веры, имеет чувство стыда, боится совершения плохих деяний, нераздражительная, имеет понимание.",
  "sn37.15:2.4": "Когда женщина наделена этими пятью качествами, она перерождается в благих уделах, в небесном мире”.",
  "sn37.15:2.5": "Первая."
}