{
  "sn37.30:0.1": "Связанные Наставления 37.30",
  "sn37.30:0.2": "Глава Бала",
  "sn37.30:0.3": "Сутта Выгоняют",
  "sn37.30:1.1": "“Монахи, существуют эти пять сил женщины.",
  "sn37.30:1.2": "Какие пять?",
  "sn37.30:1.3": "Сила видности, сила богатства, сила родни, сила сыновей, сила нравственности.",
  "sn37.30:1.4": "Если, монахи, женщина обладает силой видности, но не силой нравственности, её выгоняют, не оставляют в семье.",
  "sn37.30:1.5": "Если, монахи, женщина обладает силой видности и силой богатства, но не силой нравственности, её выгоняют, не оставляют в семье.",
  "sn37.30:1.6": "Если, монахи, женщина обладает силой видности, силой богатства, силой родни, но не силой нравственности, её выгоняют, не оставляют в семье.",
  "sn37.30:1.7": "Если, монахи, женщина обладает силой видности, силой богатства, силой родни, силой сыновей, но не силой нравственности, её оставляют, не выгоняют из семьи.",
  "sn37.30:1.8": "Если, монахи, женщина обладает силой нравственности, но не силой видности, её оставляют, не выгоняют из семьи.",
  "sn37.30:1.9": "Если, монахи, женщина обладает силой нравственности, но не силой богатства, её оставляют, не выгоняют из семьи.",
  "sn37.30:1.10": "Если, монахи, женщина обладает силой нравственности, но не силой родни, её оставляют, не выгоняют из семьи.",
  "sn37.30:1.11": "Если, монахи, женщина обладает силой нравственности, но не силой сыновей, её оставляют, не выгоняют из семьи.",
  "sn37.30:1.12": "Эти, монахи, пять сил женщины”.",
  "sn37.30:1.13": "Шестая."
}