{
  "sn37.27:0.1": "Связанные Наставления 37.27",
  "sn37.27:0.2": "Глава Бала",
  "sn37.27:0.3": "Сутта Влиятельная",
  "sn37.27:1.1": "“Монахи, существуют эти пять сил женщины.",
  "sn37.27:1.2": "Какие пять?",
  "sn37.27:1.3": "сила видности, сила богатства, сила родни, сила сыновей, сила нравственности.",
  "sn37.27:1.4": "Таковы пять сил женщины.",
  "sn37.27:1.5": "Таковы пять сил женщины. Когда женщина обладает этими пятью силами, она пребывает дома, влияющая на мужа”.",
  "sn37.27:1.6": "Третья."
}