{
  "sn37.11:0.1": "Связанные Наставления 37.11",
  "sn37.11:0.2": "Глава Сокращение Первая",
  "sn37.11:0.3": "Сутта Не обученная",
  "sn37.11:1.1": "“Когда, Ануруддха, женщина наделена пятью качествами, то после распада тела, после смерти, она перерождается в состояниях лишений, в плохих уделах, в нижних мирах, в аду.",
  "sn37.11:1.2": "Какими пятью?",
  "sn37.11:1.3": "Она: не имеет [качества] веры, бесстыдная, не боится совершения плохих деяний, не обученная, не имеет понимания.",
  "sn37.11:1.4": "Когда женщина наделена этими пятью качествами, она перерождается в состояниях лишений, в плохих уделах, в нижних мирах, в аду”.",
  "sn37.11:1.5": "Одниннадцатая."
}