{
  "sn37.5:0.1": "Связанные Наставления 37.5",
  "sn37.5:0.2": "Глава Сокращение Первая ",
  "sn37.5:0.3": "Сутта Раздражительна ",
  "sn37.5:1.1": "И тогда Достопочтенный Ануруддха подошёл к Благословенному, поклонился ему, сел рядом и сказал: ",
  "sn37.5:1.2": "“Учитель, божественным глазом, очищенным и превосходящим человеческий, я вижу как женщины, после распада тела, после смерти, перерождаются в состояниях лишений, в плохих уделах, в нижних мирах, в аду. ",
  "sn37.5:1.3": "Сколькими качествами наделена женщина, Учитель, что она перерождается так?” ",
  "sn37.5:2.1": "“Когда, Ануруддха, женщина наделена пятью качествами, то после распада тела, после смерти, она перерождается в состояниях лишений, в плохих уделах, в нижних мирах, в аду. ",
  "sn37.5:2.2": "Какими пятью? ",
  "sn37.5:2.3": "Она: не имеет [качества] веры, бесстыдная, не боится совершения плохих деяний, раздражительная, не имеет понимания. ",
  "sn37.5:2.4": "Когда женщина наделена этими пятью качествами, она перерождается в состояниях лишений, в плохих уделах, в нижних мирах, в аду”.",
  "sn37.5:2.5": "Пятая."
}