{
 "sn37.23:0.1": "Связанные Наставления 37.23",
 "sn37.23:0.2": "Глава Сокращение Вторая",
 "sn37.23:0.3": "Сутта С установленным памятованием",
 "sn37.23:1.1": "С установленным памятованием, имеет понимание…",
 "sn37.23:1.2": "Когда женщина наделена этими пятью качествами, она перерождается в благих уделах, в небесном мире”.",
 "sn37.23:1.3": "Девятая.",
 "sn37.23:2.1": "Эти восемь кратких изложений сутт."
}