{
  "sn37.3:0.1": "Связанные Наставления 37.3",
  "sn37.3:0.2": "Глава Сокращение Первая",
  "sn37.3:0.3": "Сутта Эксклюзивная Боль",
  "sn37.3:1.1": "“Эти пять, монахи, – эксклюзивные боли женщины, которые переживает женщина, но не мужчины.",
  "sn37.3:1.2": "Какие эти пять?",
  "sn37.3:1.3": "Вот, монахи, женщина молодая уходит в семью мужа, разлучена с родными.",
  "sn37.3:1.4": "Это, монахи, первая эксклюзивная боль женщины, которую переживает женщина, но не мужчины.",
  "sn37.3:1.5": "Далее, монахи, женщина менструирует.",
  "sn37.3:1.6": "Это, монахи, вторая эксклюзивная боль женщины, которую переживает женщина, но не мужчины.",
  "sn37.3:1.7": "Далее, монахи, женщина бывает беременной.",
  "sn37.3:1.8": "Это, монахи, третья эксклюзивная боль женщины, которую переживает женщина, но не мужчины.",
  "sn37.3:1.9": "Далее, монахи, женщина разрожается.",
  "sn37.3:1.10": "Это, монахи, четвёртая эксклюзивная боль женщины, которую переживает женщина, но не мужчины.",
  "sn37.3:1.11": "Далее, монахи, женщина мужчине прислуживает.",
  "sn37.3:1.12": "Это, монахи, пятая эксклюзивная боль женщины, которую переживает женщина, но не мужчины.",
  "sn37.3:1.13": "Эти пять, монахи, – эксклюзивные боли женщины, которые переживает женщина, но не мужчины”.",
  "sn37.3:1.14": "Третья."
}