{
  "sn37.13:0.1": "Связанные Наставления 37.13",
  "sn37.13:0.2": "Глава Сокращение Первая",
  "sn37.13:0.3": "Сутта С замутненным памятованием",
  "sn37.13:1.1": "“Когда, Ануруддха, женщина наделена пятью качествами, то после распада тела, после смерти, она перерождается в состояниях лишений, в плохих уделах, в нижних мирах, в аду.",
  "sn37.13:1.2": "Какими пятью?",
  "sn37.13:1.3": "Она: не имеет [качества] веры, бесстыдная, не боится совершения плохих деяний, с замутненным памятованием, не имеет понимания.",
  "sn37.13:1.4": "Когда женщина наделена этими пятью качествами, она перерождается в состояниях лишений, в плохих уделах, в нижних мирах, в аду”.",
  "sn37.13:1.5": "Тринадцатая."
}