{
  "sn37.10:0.1": "Связанные Наставления 37.10",
  "sn37.10:0.2": "Глава Сокращение Первая",
  "sn37.10:0.3": "Сутта Безнравственная",
  "sn37.10:1.1": "“Когда, Ануруддха, женщина наделена пятью качествами, то после распада тела, после смерти, она перерождается в состояниях лишений, в плохих уделах, в нижних мирах, в аду.",
  "sn37.10:1.2": "Какими пятью?",
  "sn37.10:1.3": "Она: не имеет [качества] веры, бесстыдная, не боится совершения плохих деяний, безнравственная, не имеет понимания.",
  "sn37.10:1.4": "Когда женщина наделена этими пятью качествами, она перерождается в состояниях лишений, в плохих уделах, в нижних мирах, в аду”.",
  "sn37.10:1.5": "Десятая."
}