{
  "sn37.16:0.1": "Связанные Наставления 37.16",
  "sn37.16:0.2": "Глава Сокращение Вторая",
  "sn37.16:0.3": "Сутта Незлонамеренная",
  "sn37.16:1.1": "“Когда, Ануруддха, женщина наделена пятью качествами, то после распада тела, после смерти, она перерождается в благих уделах, в небесном мире.",
  "sn37.16:1.2": "Какими пятью?",
  "sn37.16:1.3": "Она наделена [качеством] веры, имеет чувство стыда, боится совершения плохих деяний, незлонамеренная, имеет понимание.",
  "sn37.16:1.4": "Когда женщина наделена этими пятью качествами, она перерождается в благих уделах, в небесном мире”.",
  "sn37.16:1.5": "Вторая."
}