{
  "sn37.34:0.1": "Связанные Наставления 37.34",
  "sn37.34:0.2": "Глава Бала",
  "sn37.34:0.3": "Сутта Возрастание",
  "sn37.34:1.1": "“Монахи, возрастая в пяти областях роста, женщина, являющаяся учеником Благородных, возрастает с благородным ростом, она обретает суть, обретает лучшее в этом телесном существовании.",
  "sn37.34:1.2": "В каких пяти?",
  "sn37.34:1.3": "Она: возрастает в вере, в нравственности, в учёности, в щедрости, в понимании.",
  "sn37.34:1.4": "Возрастая в этих пяти областях роста, женщина, являющаяся учеником Благородных, возрастает с благородным ростом, она обретает суть, обретает лучшее в этом телесном существовании”.",
  "sn37.34:2.1": "“Когда она растёт и в добродетелях и в вере,",
  "sn37.34:2.2": "И в понимании, в даянии, и в обучении,",
  "sn37.34:2.3": "Последователь Будды нравственный,",
  "sn37.34:2.4": "Она достигнет сути здесь сама”.",
  "sn37.34:2.5": "Десятая.",
  "sn37.34:2.6": "Глава Бала Третья.",
  "sn37.34:3.0": "Оглавление",
  "sn37.34:3.1": "",
  "sn37.34:3.2": "",
  "sn37.34:3.3": "",
  "sn37.34:3.4": "",
  "sn37.34:3.5": ""
}