{
  "sn37.12:0.1": "Связанные Наставления 37.12",
  "sn37.12:0.2": "Глава Сокращение Первая",
  "sn37.12:0.3": "Сутта Ленивая",
  "sn37.12:1.1": "“Когда, Ануруддха, женщина наделена пятью качествами, то после распада тела, после смерти, она перерождается в состояниях лишений, в плохих уделах, в нижних мирах, в аду.",
  "sn37.12:1.2": "Какими пятью?",
  "sn37.12:1.3": "Она: не имеет [качества] веры, бесстыдная, не боится совершения плохих деяний, ленивая, не имеет понимания.",
  "sn37.12:1.4": "Когда женщина наделена этими пятью качествами, она перерождается в состояниях лишений, в плохих уделах, в нижних мирах, в аду”.",
  "sn37.12:1.5": "Двенадцатая."
}