{
  "sn37.2:0.1": "Связанные Наставления 37.2",
  "sn37.2:0.2": "Глава Сокращение Первая",
  "sn37.2:0.3": "Сутта Мужчина",
  "sn37.2:1.1": "“Пятью, монахи, аспектами наделенный мужчина всецело не мил женщине.",
  "sn37.2:1.2": "Какими пятью?",
  "sn37.2:1.3": "Он не видный, он не богат, он безнравственен, он ленив, не заводит потомство.",
  "sn37.2:1.4": "Этими, монахи, пятью аспектами наделенный мужчина всецело не мил женщине.",
  "sn37.2:1.5": "“Пятью, монахи, аспектами наделенная женщина всецело мила мужчине.",
  "sn37.2:1.6": "Какими пятью?",
  "sn37.2:1.7": "Он видный, он богат, он нравственен, он неленив, заводит потомство.",
  "sn37.2:1.8": "Этими, монахи, пятью аспектами наделенный мужчина всецело мил женщине.",
  "sn37.2:1.9": "Вторая."
}