{
  "sn37.4:0.1": "Связанные Наставления 37.4",
  "sn37.4:0.2": "Глава Сокращение Первая",
  "sn37.4:0.3": "Сутта Три качества",
  "sn37.4:1.1": "“Монахи, когда женщина наделена тремя качествами, то, после распада тела, после смерти, она, как правило, перерождается в состоянии лишений, в плохих уделах, в нижних мирах, в аду.",
  "sn37.4:1.2": "Какими тремя?",
  "sn37.4:1.3": "Вот, монахи, утром женщина пребывает дома, а её ум-рассудок охвачен скупостью;",
  "sn37.4:1.4": "днём она пребывает дома, а её ум охвачен завистью;",
  "sn37.4:1.5": "вечером она пребывает дома, а её ум охвачен страсть, желаний.",
  "sn37.4:1.6": "Когда женщина наделена этими тремя качествами, то, после распада тела, после смерти, она, как правило, перерождается в состоянии лишений, в плохих уделах, в нижних мирах, в аду”.",
  "sn37.4:1.7": "Четвёртая.",
  "sn37.4:1.8": ""
}