{
  "sn37.24:0.1": "Связанные Наставления 37.24",
  "sn37.24:0.2": "Глава Сокращение Вторая",
  "sn37.24:0.3": "Сутта Пять правил поведения",
  "sn37.24:1.1": "“Когда Ануруддха, женщина наделена пятью качествами, то после распада тела, после смерти, она перерождается в благих уделах, в небесном мире.",
  "sn37.24:1.2": "Какими пятью?",
  "sn37.24:1.3": "Она отвращается от уничтожения жизни, отвращается от взятия того,  что не было дано, отвращается от ошибочное поведения в желаниях, отвращается от ложных утверждений, отвращается от употребления спиртных напитков, одурманивающих веществ, вызывающих беспечность.",
  "sn37.24:1.4": "Когда женщина наделена этими пятью качествами, она перерождается в благих уделах, в небесном мире”.",
  "sn37.24:1.5": "Десятая.",
  "sn37.24:1.6": "Глава Сокращение Вторая.",
  "sn37.24:2.0": "Оглавление",
  "sn37.24:2.1": "",
  "sn37.24:2.2": "",
  "sn37.24:2.3": "",
  "sn37.24:2.4": "",
  "sn37.24:2.5": "",
  "sn37.24:2.6": ""
}