{
  "sn37.8:0.1": "Связанные Наставления 37.8",
  "sn37.8:0.2": "Глава Сокращение Первая",
  "sn37.8:0.3": "Сутта Скупая",
  "sn37.8:1.1": "“Когда, Ануруддха, женщина наделена пятью качествами, то после распада тела, после смерти, она перерождается в состояниях лишений, в плохих уделах, в нижних мирах, в аду.",
  "sn37.8:1.2": "Какими пятью?",
  "sn37.8:1.3": "Она: не имеет [качества] веры, бесстыдная, не боится совершения плохих деяний, скупая, не имеет понимания.",
  "sn37.8:1.4": "Когда женщина наделена этими пятью качествами, она перерождается в состояниях лишений, в плохих уделах, в нижних мирах, в аду”.",
  "sn37.8:1.5": "",
  "sn37.8:1.6": "Восьмая."
}