{
  "sn37.26:0.1": "Связанные Наставления 37.26",
  "sn37.26:0.2": "Глава Бала ",
  "sn37.26:0.3": "Сутта Добившаяся расположения",
  "sn37.26:1.1": "“Монахи, существуют эти пять сил женщины.",
  "sn37.26:1.2": "Какие пять?",
  "sn37.26:1.3": "сила видности, сила богатства, сила родни, сила сыновей, сила нравственности.",
  "sn37.26:1.4": "Таковы пять сил женщины.",
  "sn37.26:1.5": "Таковы пять сил женщины. Когда женщина обладает этими пятью силами, она пребывает дома, добившаяся расположения мужа”.",
  "sn37.26:1.6": "Вторая."
}