{
  "sn37.14:0.1": "Связанные Наставления 37.14",
  "sn37.14:0.2": "Глава Сокращение Первая",
  "sn37.14:0.3": "Сутта Пять Отторжений",
  "sn37.14:1.1": "“Когда, Ануруддха, женщина наделена пятью качествами, то после распада тела, после смерти, она перерождается в состояниях лишений, в плохих уделах, в нижних мирах, в аду.",
  "sn37.14:1.2": "Какими пятью?",
  "sn37.14:1.3": "Она уничтожает жизнь, берёт то, что не было дано, пускается в ошибочное поведение в желаниях, делает ложные утверждения, употребляет спиртные напитки, одурманивающие вещества, вызывающие беспечность.",
  "sn37.14:1.4": "Когда женщина наделена этими пятью качествами, она перерождается в состояниях лишений, в плохих уделах, в нижних мирах, в аду”.",
  "sn37.14:1.5": "Четырнадцатая.",
  "sn37.14:1.6": "Глава Сокращение Первая.",
  "sn37.14:2.0": "Оглавление",
  "sn37.14:2.1": "",
  "sn37.14:2.2": "",
  "sn37.14:2.3": "",
  "sn37.14:2.4": "",
  "sn37.14:2.5": "",
  "sn37.14:2.6": "",
  "sn37.14:2.7": "",
  "sn37.14:2.8": ""
}