{
 "sn37.17:0.1": "Связанные Наставления 37.17",
 "sn37.17:0.2": "Глава Сокращение Вторая",
 "sn37.17:0.3": "Сутта Не завистливая",
 "sn37.17:1.1": "“Когда, Ануруддха, женщина наделена пятью качествами, то после распада тела, после смерти, она перерождается в благих уделах, в небесном мире.",
 "sn37.17:1.2": "Какими пятью?",
 "sn37.17:1.3": "Она наделена [качеством] веры, имеет чувство стыда, боится совершения плохих деяний, не завистливая, имеет понимание…",
 "sn37.17:1.4": "Третья."
}