{
  "sn37.33:0.1": "Связанные Наставления 37.33",
  "sn37.33:0.2": "Глава Бала ",
  "sn37.33:0.3": "Сутта Уверенная с пятью правилами ",
  "sn37.33:1.1": "“Монахи, когда женщина наделена пятью качествами, она пребывает дома уверенной. ",
  "sn37.33:1.2": "Какими пятью? ",
  "sn37.33:1.3": "Она: отвращается от уничтожения жизни, отвращается от взятия того, что не было дано, отвращается от ошибочное поведения в желаниях, отвращается от ложных утверждений, отвращается от употребления спиртных напитков, одурманивающих веществ, вызывающих беспечность. ",
  "sn37.33:1.4": "Когда женщина наделена этими пятью качествами, она пребывает дома уверенной”.",
  "sn37.33:1.5": "Девятая."
}