{
  "sn37.7:0.1": "Связанные Наставления 37.7",
  "sn37.7:0.2": "Глава Сокращение Первая",
  "sn37.7:0.3": "Сутта Завистливая",
  "sn37.7:1.1": "“Когда, Ануруддха, женщина наделена пятью качествами, то после распада тела, после смерти, она перерождается в состояниях лишений, в плохих уделах, в нижних мирах, в аду.",
  "sn37.7:1.2": "Какими пятью?",
  "sn37.7:1.3": "Она: не имеет [качества] веры, бесстыдная, не боится совершения плохих деяний, завистливая, не имеет понимания.",
  "sn37.7:1.4": "Когда женщина наделена этими пятью качествами, она перерождается в состояниях лишений, в плохих уделах, в нижних мирах, в аду”.",
  "sn37.7:1.5": "Седьмая."
}