{
 "sn47.47:0.1": "Связанные Наставления 47.47",
 "sn47.47:0.2": "Глава Амата",
 "sn47.47:0.3": "Сутта Неблагое поведение",
 "sn47.47:1.1": "И тогда один монах подошёл к Благословенному, поклонился ему, сел рядом и сказал:",
 "sn47.47:1.2": "“Учитель, было бы хорошо, если бы Благословенный вкратце научил бы меня Дхамме так, чтобы я пребывал бы один, в уединении, будучи прилежным, старательным, решительным”.",
 "sn47.47:1.3": "“В таком случае, монах, очисти отправную точку благих состояний.",
 "sn47.47:1.4": "И какова отправная точка благих состояний?",
 "sn47.47:1.5": "Монах, отбросив неблагое поведение телом, тебе следует развивать благое поведение телом.",
 "sn47.47:1.6": "Отбросив неблагое поведение речью, тебе следует развивать благое поведение речью.",
 "sn47.47:1.7": "Отбросив неблагое поведение умом, тебе следует развивать благое поведение умом.",
 "sn47.47:1.8": "Когда, монах, отбросив неблагое поведение телом… Когда, монах, отбросив неблагое поведение речью… Когда, монах, отбросив неблагое поведение умом, ты развил благое поведение умом – то тогда, опираясь на нравственность, основываясь на нравственности, тебе следует развивать четыре основы памятования.",
 "sn47.47:2.1": "Какие четыре?",
 "sn47.47:2.2": "Монах, вот монах пребывает в наблюдении тела в теле, будучи старательным, сознательным, памятующим, устранив влечение и недовольство к миру…",
 "sn47.47:2.3": "в чувствах…",
 "sn47.47:2.4": "в уме…",
 "sn47.47:2.5": "феноменов в феноменах, будучи старательным, сознательным, памятующим, устранив влечение и недовольство к миру.",
 "sn47.47:2.6": "Когда, монах, опираясь на нравственность, основываясь на нравственности, ты будешь развивать эти четыре основы памятования таким способом, то тогда, будь то день или ночь, ты можешь ожидать только лишь возрастания благих состояний, а не уменьшения”…",
 "sn47.47:2.7": "Так тот монах стал одним из арахантов.",
 "sn47.47:2.8": "Седьмая."
}