{
  "sn47.85-94:0.1": "Связанные Наставления 47.85-94",
  "sn47.85-94:0.2": "Глава Есана",
  "sn47.85-94:0.3": "Сутты Начинающиеся с Поиска",
  "sn47.85-94:1.1": "“Эти три, монахи, поиска.",
  "sn47.85-94:1.2": "Какие три?",
  "sn47.85-94:1.3": "Поиск желаний, поиск случая, поиск святой жизни”.",
  "sn47.85-94:1.4": "должно быть расширенно.",
  "sn47.85-94:1.5": "Глава Есана девятая.",
  "sn47.85-94:2.0": "Оглавление",
  "sn47.85-94:2.1": "",
  "sn47.85-94:2.2": "",
  "sn47.85-94:2.3": "",
  "sn47.85-94:2.4": ""
}