{
  "sn47.23:0.1": "Связанные Наставления 47.23",
  "sn47.23:0.2": "Глава Силаттхити",
  "sn47.23:0.3": "Сутта Упадок",
  "sn47.23:1.1": "Там же.",
  "sn47.23:1.2": "",
  "sn47.23:1.3": "Сидя рядом, почтенный Бхадда сказал Достопочтенному Ананде:",
  "sn47.23:1.4": "“В чём условие, Ананда, товарищ, и причина упадка истинной Дхаммы?",
  "sn47.23:1.5": "В чём условие, Ананда, товарищ, и причина отсутствия упадка истинной Дхаммы?”",
  "sn47.23:2.1": "“Хорошо, хорошо, Бхадда, товарищ!",
  "sn47.23:2.2": "Твоя сообразительность превосходна, Бхадда, товарищ, твоя находчивость прекрасна, твой вопрос хорош.",
  "sn47.23:2.3": "Ты спросил меня:",
  "sn47.23:2.4": "“В чём условие, Ананда, товарищ, и причина упадка истинной Дхаммы?",
  "sn47.23:2.5": "В чём условие, Ананда, товарищ, и причина отсутствия упадка истинной Дхаммы?”",
  "sn47.23:2.6": "“Да, товарищ”.",
  "sn47.23:2.7": "“Поскольку, товарищ, четыре установления памятования не развиты и не взращены, истинная Дхамма приходит в упадок.",
  "sn47.23:2.8": "И поскольку четыре установления памятования развиты и взращены, истинная Дхамма не приходит в упадок.",
  "sn47.23:3.1": "Какие четыре?",
  "sn47.23:3.2": "Вот монах пребывает в наблюдении тела в теле, будучи старательным, сознательным, памятующим, устранив влечение и недовольство к миру.",
  "sn47.23:3.3": "Он пребывает в наблюдении чувств в чувствах…",
  "sn47.23:3.4": "ума в уме…",
  "sn47.23:3.5": "феноменов в феноменах, будучи старательным, сознательным, памятующим, устранив влечение и недовольство к миру.",
  "sn47.23:3.6": "Поскольку эти четыре установления памятования не развиты и не взращены, истинная Дхамма приходит в упадок.",
  "sn47.23:3.7": "Поскольку эти четыре установления памятования развиты и взращены, истинная Дхамма не приходит в упадок”.",
  "sn47.23:3.8": "Третья."
}