{
  "sn47.27:0.1": "Связанные Наставления 47.27",
  "sn47.27:0.2": "Глава Силаттхити",
  "sn47.27:0.3": "Сутта Полностью",
  "sn47.27:1.1": "Там же.",
  "sn47.27:1.2": "Сидя рядом, почтенный Сарипутта сказал Достопочтенному Ануруддхе:",
  "sn47.27:1.3": "““окончил обучение, окончил обучение”, Ануруддха, товарищ,  – так говорят.",
  "sn47.27:1.4": "В каком случае, товарищ, некто является тем, кто окончил обучение?”",
  "sn47.27:1.5": "“Поскольку он, товарищ, полностью развил четыре установления памятования, он и является тем, кто окончил обучение.",
  "sn47.27:2.1": "Какие четыре?",
  "sn47.27:2.2": "Вот монах пребывает в наблюдении тела в теле, будучи старательным, сознательным, памятующим, устранив влечение и недовольство к миру.",
  "sn47.27:2.3": "Он пребывает в наблюдении чувств в чувствах…",
  "sn47.27:2.4": "ума в уме…",
  "sn47.27:2.5": "феноменов в феноменах, будучи старательным, сознательным, памятующим, устранив влечение и недовольство к миру.",
  "sn47.27:2.6": "Поскольку он, товарищ, полностью развил четыре установления памятования, он и является тем, кто окончил обучение”.",
  "sn47.27:2.7": "Седьмая."
}