{
  "sn47.42:0.1": "Связанные Наставления 47.42",
  "sn47.42:0.2": "Глава Амата",
  "sn47.42:0.3": "Сутта Схождение",
  "sn47.42:1.1": "“Четырех, монахи, установлений памятования схождению и захождению научу.",
  "sn47.42:1.2": "Это услышьте.",
  "sn47.42:1.3": "И каково, монахи, схождение тела?",
  "sn47.42:1.4": "От питание-схождения схождение тела;",
  "sn47.42:1.5": "От питание-истечения захождение тела.",
  "sn47.42:1.6": "От касание-схождения схождение чувств - веданий;",
  "sn47.42:1.7": "От касание-истечения захождение чувств.",
  "sn47.42:1.8": "От имя-материи-схождения схождение ума-состояния.",
  "sn47.42:1.9": "От имя-материи-истечения захождение ума.",
  "sn47.42:1.10": "От мыследеятельности (ум-представление-проецирование) -схождения схождение явлений.",
  "sn47.42:1.11": "От мыследеятельности-истечения захождение явлений”.",
  "sn47.42:1.12": "Вторая."
}