{
  "sn47.11:0.1": "Связанные Наставления 47.11",
  "sn47.11:0.2": "Глава Наланда ",
  "sn47.11:0.3": "Сутта Великий Человек ",
  "sn47.11:1.1": "В Саваттхи. ",
  "sn47.11:1.2": "И тогда почтенный Сарипутта отправился к Благословенному, поклонился ему, сел рядом и сказал: ",
  "sn47.11:1.3": "“Учитель, “великий человек, великий человек” – так говорят. ",
  "sn47.11:1.4": "В каком смысле, Учитель, говорят о ком-либо как о великом человеке?” ",
  "sn47.11:1.5": "“Тот, у кого ум освобождён, я говорю тебе, является великим человеком, Сарипутта. ",
  "sn47.11:1.6": "Тот, у кого ум не освобождён, я говорю тебе, не является великим человеком. ",
  "sn47.11:2.1": "И как, Сарипутта, у кого-либо ум освобождён? ",
  "sn47.11:2.2": "Вот, Сарипутта, монах пребывает в наблюдении тела в теле, будучи старательным, сознательным, памятующим, устранив влечение и недовольство к миру. ",
  "sn47.11:2.3": "По мере того как он пребывает в наблюдении тела в теле, его ум становится беспристрастным и освобождается от пятен [загрязнений ума] посредством отсутствия цепляния. ",
  "sn47.11:2.4": "Он пребывает в наблюдении чувств в чувствах… ",
  "sn47.11:2.5": "ума в уме… ",
  "sn47.11:2.6": "феноменов в феноменах, будучи старательным, сознательным, памятующим, устранив влечение и недовольство к миру. ",
  "sn47.11:2.7": "По мере того как он пребывает в наблюдении феноменов в феноменах, его ум становится беспристрастным и освобождается от пятен [загрязнений ума] посредством отсутствия цепляния. ",
  "sn47.11:2.8": "Вот так, Сарипутта, у этого человека ум освобождён. ",
  "sn47.11:2.9": "Тот, у кого ум освобождён, я говорю тебе, является великим человеком, Сарипутта. ",
  "sn47.11:2.10": "Тот, у кого ум не освобождён, я говорю тебе, не является великим человеком”.",
  "sn47.11:2.11": "Первая."
}