{
  "sn47.37:0.1": "Связанные Наставления 47.37",
  "sn47.37:0.2": "Глава Анануссута",
  "sn47.37:0.3": "Сутта Импульс",
  "sn47.37:1.1": "“Есть эти четыре, монахи,  установления памятования.",
  "sn47.37:1.2": "Какие четыре?",
  "sn47.37:1.3": "Вот, монахи, монах пребывает в наблюдении тела в теле, будучи старательным, сознательным, памятующим, устранив влечение и недовольство к миру.",
  "sn47.37:1.4": "По мере того как он пребывает в наблюдении тела в теле, всякий импульс-намерение в теле – отбрасывается.",
  "sn47.37:1.5": "С отбрасыванием импульса реализуется Бессмертное.",
  "sn47.37:2.1": "Он пребывает в наблюдении чувств в чувствах, будучи старательным, сознательным, памятующим, устранив влечение и недовольство к миру.",
  "sn47.37:2.2": "По мере того как он пребывает в наблюдении чувств в чувствах, всякий импульс в чувствах – отбрасывается.",
  "sn47.37:2.3": "С отбрасыванием импульса реализуется Бессмертное.",
  "sn47.37:3.1": "Он пребывает в наблюдении ума в уме, будучи старательным, сознательным, памятующим, устранив влечение и недовольство к миру.",
  "sn47.37:3.2": "По мере того как он пребывает в наблюдении ума в уме, всякий импульс в уме – отбрасывается.",
  "sn47.37:3.3": "С отбрасыванием импульса реализуется Бессмертное.",
  "sn47.37:4.1": "Он пребывает в наблюдении феноменов в феноменах, будучи старательным, сознательным, памятующим, устранив влечение и недовольство к миру.",
  "sn47.37:4.2": "По мере того как он пребывает в наблюдении феноменов в феноменах, всякий импульс в феноменах – отбрасывается.",
  "sn47.37:4.3": "С отбрасыванием импульса реализуется Бессмертное”.",
  "sn47.37:4.4": "Седьмая."
}