{
  "sn47.38:0.1": "Связанные Наставления 47.38",
  "sn47.38:0.2": "Глава Анануссута",
  "sn47.38:0.3": "Сутта Полное понимание",
  "sn47.38:1.1": "“Есть эти четыре, монахи, установления памятования.",
  "sn47.38:1.2": "Какие четыре?",
  "sn47.38:1.3": "Вот, монахи, монах пребывает в наблюдении тела в теле, будучи старательным, сознательным, памятующим, устранив влечение и недовольство к миру.",
  "sn47.38:1.4": "По мере того как он пребывает в наблюдении тела в теле, он полностью понимает тело.",
  "sn47.38:1.5": "Поскольку тело полностью понято – реализуется Бессмертное.",
  "sn47.38:2.1": "Он пребывает в наблюдении чувств в чувствах, будучи старательным, сознательным, памятующим, устранив влечение и недовольство к миру.",
  "sn47.38:2.2": "По мере того как он пребывает в наблюдении чувств в чувствах, он полностью понимает чувства.",
  "sn47.38:2.3": "Поскольку чувства полностью поняты – реализуется Бессмертное.",
  "sn47.38:3.1": "Он пребывает в наблюдении ума в уме, будучи старательным, сознательным, памятующим, устранив влечение и недовольство к миру.",
  "sn47.38:3.2": "По мере того как он пребывает в наблюдении ума в уме, он полностью понимает ум.",
  "sn47.38:3.3": "Поскольку ум полностью понят – реализуется Бессмертное.",
  "sn47.38:4.1": "Он пребывает в наблюдении феноменов в феноменах, будучи старательным, сознательным, памятующим, устранив влечение и недовольство к миру.",
  "sn47.38:4.2": "По мере того как он пребывает в наблюдении феноменов в феноменах, он полностью понимает феномены.",
  "sn47.38:4.3": "Поскольку феномены полностью поняты – реализуется Бессмертное”.",
  "sn47.38:4.4": "Восьмая."
}