{
  "sn47.29:0.1": "Связанные Наставления 47.29",
  "sn47.29:0.2": "Глава Силаттхити",
  "sn47.29:0.3": "Сутта Сириваддха",
  "sn47.29:1.1": "Однажды почтенный Ананда пребывал в Раджагахе в Бамбуковой Роще в Беличьем Святилище.",
  "sn47.29:1.2": "И тогда домохозяин Сириваддха был нездоров, поражён болезнью, серьёзно болен.",
  "sn47.29:1.3": "И вот домохозяин Сириваддха обратился к одному человеку так:",
  "sn47.29:1.4": "“Ну же, дорогой, отправляйся к Достопочтенному Ананде, поклонись ему в ноги от моего имени и скажи:",
  "sn47.29:1.5": "“Господин, домохозяин Сириваддха нездоров, поражён болезнью, серьёзно болен.",
  "sn47.29:1.6": "Он выражает почтение Достопочтенному Ананде, кланяясь ему в ноги”.",
  "sn47.29:1.7": "И далее скажи:",
  "sn47.29:1.8": "“Было бы хорошо, Господин, если бы почтенный Ананда пришёл бы домой к домохозяину Сириваддхе из сострадания”.",
  "sn47.29:1.9": "“Да, Господин” – ответил тот человек, отправился к Достопочтенному Ананде, поклонился ему, сел рядом, и донёс послание.",
  "sn47.29:1.10": "",
  "sn47.29:1.11": "",
  "sn47.29:1.12": "",
  "sn47.29:1.13": "почтенный Ананда молча согласился.",
  "sn47.29:2.1": "Затем, утром, почтенный Ананда оделся, взял чашу и верхнее одеяние, и отправился домой к домохозяину Сириваддхе. Там он сел на подготовленное сиденье и обратился к домохозяину Сириваддхе:",
  "sn47.29:2.2": "“Я надеюсь, ты поправляешься, домохозяин, я надеюсь, тебе становится лучше. Я надеюсь, твои болезненные ощущения спадают, а не возрастают, и что можно увидеть их спад, а не увеличение”.",
  "sn47.29:2.3": "“Господин, я не поправляюсь, мне не становится лучше. Сильные болезненные ощущения возрастают во мне, а не спадают, и можно увидеть их увеличение, а не спад”.",
  "sn47.29:3.1": "“Что же, домохозяин, вот как тебе следует тренировать себя:",
  "sn47.29:3.2": "“Я буду пребывать в наблюдении тела в теле, будучи старательным, сознательным, памятующим, отбросив влечение и недовольство к миру.",
  "sn47.29:3.3": "Я буду пребывать в наблюдении чувств в чувствах…",
  "sn47.29:3.4": "ума в уме…",
  "sn47.29:3.5": "феноменов в феноменах – будучи старательным, сознательным, памятующим, отбросив влечение и недовольство к миру”.",
  "sn47.29:3.6": "Вот так тебе следует тренировать себя”.",
  "sn47.29:4.1": "“Господин, что касается этих четырёх установлений памятования, которым научил Благословенный, то они существуют во мне, и я живу в соответствии с ними.",
  "sn47.29:4.2": "Я пребываю, Господин, созерцая тело в теле…",
  "sn47.29:4.3": "чувства в чувствах…",
  "sn47.29:4.4": "ум в уме…",
  "sn47.29:4.5": "феномены в феноменах, будучи старательным, сознательным, памятующим, отбросив влечение и недовольство к миру.",
  "sn47.29:4.6": "И что касается пяти нижних оков, которым научил Благословенный, то я не вижу, чтобы хоть одна из них была бы не отброшена мной”.",
  "sn47.29:4.7": "“Какое благо для тебя, домохозяин! Какое большое благо для тебя, домохозяин!",
  "sn47.29:4.8": "Домохозяин, ты объявил [об обретении] плода не-возвращения”.",
  "sn47.29:4.9": "Девятая."
}