{
 "sn47.49:0.1": "Связанные Наставления 47.49",
 "sn47.49:0.2": "Глава Амата",
 "sn47.49:0.3": "Сутта Чувства",
 "sn47.49:1.1": "“Монахи, есть эти три чувства.",
 "sn47.49:1.2": "Какие три?",
 "sn47.49:1.3": "Приятное чувство, болезненное чувство, ни-болезненное-ни-приятное чувство.",
 "sn47.49:1.4": "Таковы три чувства.",
 "sn47.49:1.5": "Эти четыре основы памятования следует развивать ради полного понимания этих трёх чувств.",
 "sn47.49:2.1": "Какие четыре?",
 "sn47.49:2.2": "Вот, монахи, монах пребывает в наблюдении тела в теле, будучи старательным, сознательным, памятующим, устранив влечение и недовольство к миру…",
 "sn47.49:2.3": "в чувствах…",
 "sn47.49:2.4": "в уме…",
 "sn47.49:2.5": "феноменов в феноменах, будучи старательным, сознательным, памятующим, устранив влечение и недовольство к миру.",
 "sn47.49:2.6": "Эти четыре основы памятования следует развивать ради полного понимания этих трёх чувств”.",
 "sn47.49:2.7": "Девятая."
}