{
  "sn47.19:0.1": "Связанные Наставления 47.19",
  "sn47.19:0.2": "Глава Наланда",
  "sn47.19:0.3": "Сутта Седака",
  "sn47.19:1.1": "Однажды Благословенный пребывал в стране Сумбахов, где был город Сумбахов под названием Седака. ",
  "sn47.19:1.2": "Там Благословенный обратился к монахам так:",
  "sn47.19:1.3": "“Монахи, однажды в прошлом акробат установил бамбуковый шест и обратился к своему ученику Медакатхалике: ",
  "sn47.19:1.4": "“Ну же, дорогой Медакатхалика, взбирайся на бамбуковый шест и вставай мне на плечи”. ",
  "sn47.19:1.5": "Ответив: “Да, почтенный”, ученик Медакатхалика взобрался на бамбуковый шест и встал на плечи учителя. ",
  "sn47.19:1.6": "Затем акробат сказал ученику Медакатхалике: ",
  "sn47.19:1.7": "“Ты охраняй меня, дорогой Медакатхалика, а я буду охранять тебя. ",
  "sn47.19:1.8": "Так, охраняя друг друга, поддерживая друг друга, мы сможем показать наше мастерство, собрать оплату, и в безопасности спуститься с бамбукового шеста”.",
  "sn47.19:1.9": "Когда так было сказано, ученик Медакатхалика ответил: ",
  "sn47.19:1.10": "“Не стоит так делать, учитель. ",
  "sn47.19:1.11": "Вы охраняйте себя сами, а я буду охранять себя сам. ",
  "sn47.19:1.12": "Так каждый из нас будет охранять сам себя и защищать сам себя, и тогда мы покажем наше мастерство, соберём оплату, и в безопасности спустимся с бамбукового шеста”.",
  "sn47.19:2.1": "“Именно таков метод” – сказал Благословенный: “Подобно тому, монахи, как ученик Медакатхалика сказал учителю: ",
  "sn47.19:2.2": "“Я буду охранять себя сам” – точно также следует практиковать установления памятования. ",
  "sn47.19:2.3": "Охраняя себя, монахи, человек охраняет и других. ",
  "sn47.19:2.4": "Охраняя других, он охраняет себя.",
  "sn47.19:3.1": "И как, монахи, охраняя себя, человек охраняет других? ",
  "sn47.19:3.2": "Путём преследования, развития, и взращивания [четырёх установлений памятования]. ",
  "sn47.19:3.3": "Вот так человек, охраняя себя, охраняет других.",
  "sn47.19:3.4": "И как, монахи, охраняя других, человек охраняет себя? ",
  "sn47.19:3.5": "Путём терпения, непричинения вреда, доброты, и сочувствия. ",
  "sn47.19:3.6": "Вот так, защищая других, человек защищает сам себя.",
  "sn47.19:3.7": "“Я буду охранять себя сам” – монахи, вот как следует практиковать установления памятования. ",
  "sn47.19:3.8": "“Я буду охранять других” – монахи, вот как следует практиковать установления памятования. ",
  "sn47.19:3.9": "Охраняя себя, монахи, человек охраняет и других. Охраняя других, он охраняет себя”.",
  "sn47.19:3.10": "Девятая."
}