{
  "sn47.34:0.1": "Связанные Наставления 47.34",
  "sn47.34:0.2": "Глава Анануссута",
  "sn47.34:0.3": "Сутта Развитый",
  "sn47.34:1.1": "“Эти четыре, монахи, установления памятования, будучи развитыми и взращенными, приводят к оставлению ближнего берега и прибытию на дальний.",
  "sn47.34:2.1": "Какие четыре?",
  "sn47.34:2.2": "Вот, монахи, монах пребывает в наблюдении тела в теле, будучи старательным, сознательным, памятующим, устранив влечение и недовольство к миру.",
  "sn47.34:2.3": "в чувствах…",
  "sn47.34:2.4": "в уме…",
  "sn47.34:2.5": "феноменов в феноменах, будучи старательным, сознательным, памятующим, устранив влечение и недовольство к миру.",
  "sn47.34:2.6": "Эти четыре, монахи, установления памятования, будучи развитыми и взращенными, приводят от не-иного к иному”.",
  "sn47.34:2.7": "Четвёртая."
}