{
 "sn47.30:0.1": "Связанные Наставления 47.30",
 "sn47.30:0.2": "Глава Силаттхити",
 "sn47.30:0.3": "Сутта Махадинна",
 "sn47.30:1.1": "Там же.",
 "sn47.30:1.2": "И тогда домохозяин Махадинна был нездоров, поражён болезнью, серьёзно болен.",
 "sn47.30:1.3": "И вот домохозяин Махадинна обратился к одному человеку так:",
 "sn47.30:1.4": "“Ну же, дорогой…",
 "sn47.30:1.5": "“Господин, я не поправляюсь, мне не становится лучше. Сильные болезненные ощущения возрастают во мне, а не спадают, и можно увидеть их увеличение, а не спад.",
 "sn47.30:1.6": "Но, Господин, когда я ощущаю такое болезненное чувство, я пребываю в наблюдении тела в теле…",
 "sn47.30:1.7": "чувств в чувствах…",
 "sn47.30:1.8": "ума в уме…",
 "sn47.30:1.9": "феноменов в феноменах, будучи старательным, сознательным, памятующим, отбросив влечение и недовольство к миру.",
 "sn47.30:1.10": "И что касается пяти нижних оков, которым научил Благословенный, то я не вижу, чтобы хоть одна из них была бы не отброшена мной”.",
 "sn47.30:1.11": "“Какое благо для тебя, домохозяин! Какое большое благо для тебя, домохозяин!",
 "sn47.30:1.12": "Домохозяин, ты объявил [об обретении] плода не-возвращения”.",
 "sn47.30:1.13": "Десятая.",
 "sn47.30:1.14": "Глава Силаттхити Третья.",
 "sn47.30:2.0": "Оглавление",
 "sn47.30:2.1": "",
 "sn47.30:2.2": "",
 "sn47.30:2.3": "",
 "sn47.30:2.4": ""
}