{
  "sn47.32:0.1": "Связанные Наставления 47.32",
  "sn47.32:0.2": "Глава Анануссута",
  "sn47.32:0.3": "Сутта Бесстрастие",
  "sn47.32:1.1": "“Монахи, эти четыре установления памятования, будучи развитыми и взращенными, приводят к полной утрате очарованности, к бесстрастию, к прекращению, к покою, к прямому знанию, к просветлению, к ниббане.",
  "sn47.32:2.1": "Какие четыре?",
  "sn47.32:2.2": "Вот, монахи, монах пребывает в наблюдении тела в теле, будучи старательным, сознательным, памятующим, устранив влечение и недовольство к миру.",
  "sn47.32:2.3": "в чувствах…",
  "sn47.32:2.4": "в уме…",
  "sn47.32:2.5": "феноменов в феноменах, будучи старательным, сознательным, памятующим, устранив влечение и недовольство к миру.",
  "sn47.32:2.6": "Эти четыре установления памятования, будучи развитыми и взращенными, приводят к полной утрате очарованности, к бесстрастию, к прекращению, к покою, к прямому знанию, к просветлению, к ниббане”.",
  "sn47.32:2.7": "Вторая."
}