{
  "sn47.40:0.1": "Связанные Наставления 47.40",
  "sn47.40:0.2": "Глава Анануссута",
  "sn47.40:0.3": "Сутта Анализ",
  "sn47.40:1.1": "“Монахи, я научу вас установлению памятования, развитию установления памятования, и пути, ведущему к развитию установления памятования.",
  "sn47.40:1.2": "Услышьте это.",
  "sn47.40:1.3": "И, что такое, монахи, установление памятования?",
  "sn47.40:1.4": "Вот, монахи, монах пребывает в наблюдении тела в теле, будучи старательным, сознательным, памятующим, устранив влечение и недовольство к миру.",
  "sn47.40:1.5": "Он пребывает в наблюдении чувств в чувствах…",
  "sn47.40:1.6": "ума в уме…",
  "sn47.40:1.7": "феноменов в феноменах, будучи старательным, сознательным, памятующим, устранив влечение и недовольство к миру.",
  "sn47.40:1.8": "Это называется установление памятования.",
  "sn47.40:2.1": "И что такое, монахи, развитие установления памятования?",
  "sn47.40:2.2": "Вот, монахи, монах пребывает в наблюдении природы возникновения в теле. Он пребывает в наблюдении природы прекращения в теле. Он пребывает в наблюдении природы возникновения и прекращения в теле, будучи старательным, сознательным, памятующим, устранив влечение и недовольство к миру.",
  "sn47.40:2.3": "Он пребывает в наблюдении природы возникновения в чувствах…",
  "sn47.40:2.4": "Он пребывает в наблюдении природы возникновения в уме…",
  "sn47.40:2.5": "Он пребывает в наблюдении природы возникновения в феноменах. Он пребывает в наблюдении природы прекращения в феноменах. Он пребывает в наблюдении природы возникновения и прекращения в феноменах, будучи старательным, сознательным, памятующим, устранив влечение и недовольство к миру.",
  "sn47.40:2.6": "Это называется развитием установления памятования.",
  "sn47.40:3.1": "И каков, монахи, путь, ведущий к развитию установления памятования?",
  "sn47.40:3.2": "Это этот самый Благородный Восьмеричный Путь, то есть:",
  "sn47.40:3.3": "Правильный взгляд, правильное намерение-заготовка, правильная речь, правильные действия, правильные быт, правильное старание, правильное памятование, правильное объединение опыта.",
  "sn47.40:3.4": "Это называется путём, ведущим к развитию установления памятования”.",
  "sn47.40:3.5": "Десятая.",
  "sn47.40:3.6": "Глава Ануссута Четвёртая.",
  "sn47.40:4.0": "Оглавление",
  "sn47.40:4.1": "",
  "sn47.40:4.2": "",
  "sn47.40:4.3": "",
  "sn47.40:4.4": ""
}