{
  "sn47.28:0.1": "Связанные Наставления 47.28",
  "sn47.28:0.2": "Глава Силаттхити",
  "sn47.28:0.3": "Сутта Свет-Мир",
  "sn47.28:1.1": "Там же.",
  "sn47.28:1.2": "Сидя рядом, почтенный Сарипутта сказал Достопочтенному Ануруддхе:",
  "sn47.28:1.3": "“Развив и взрастив, Ануруддха, товарищ,  какие явления достиг такого величия в прямом знании?”",
  "sn47.28:1.4": "“Развив и взрастив, товарищ,   четыре установления памятования, я обрёл такое величие в прямом знании.",
  "sn47.28:2.1": "Какие четыре?",
  "sn47.28:2.2": "Вот, товарищ, я пребываю в наблюдении тела в теле, будучи старательным, сознательным, памятующим, отбросив влечение и недовольство к миру.",
  "sn47.28:2.3": "Я пребываю в наблюдении чувств в чувствах…",
  "sn47.28:2.4": "ума в уме…",
  "sn47.28:2.5": "феноменов в феноменах, будучи старательным, сознательным, памятующим, отбросив влечение и недовольство к миру.",
  "sn47.28:2.6": "Развив и взрастив, товарищ,   четыре установления памятования, я обрёл такое величие в прямом знании.",
  "sn47.28:2.7": "Поскольку я развил и взрастил эти четыре установления памятования, я напрямую знаю тысячный мир”.",
  "sn47.28:2.8": "Восьмая."
}