{
  "sn47.8:0.1": "Связанные Наставления 47.8",
  "sn47.8:0.2": "Глава Амбапали",
  "sn47.8:0.3": "Сутта Повар",
  "sn47.8:1.1": "“Монахи, представьте глупого, необученного, неумелого повара, который приготовил бы для царя или царского министра различные виды карри: ",
  "sn47.8:1.2": "кислое, горькое, острое, сладкое, едкое, неострое, солёное, несолёное.",
  "sn47.8:2.1": "И этот глупый, необученный, неумелый повар не уловил бы предмета предпочтения своего хозяина: ",
  "sn47.8:2.2": "“Сегодня такое-то карри порадовало моего хозяина, или же он чаще брал именно такое-то [карри], или же он брал много такого-то [карри], или же он хвалил вот это [карри]; ",
  "sn47.8:2.3": "или же кислое карри порадовало моего хозяина сегодня, или же он чаще брал именно кислое, или же он брал много кислого, или же он хвалил кислое [карри]; или же горькое… острое… сладкое… едкое… неострое… солёное… несолёное карри порадовало моего хозяина сегодня, или же он чаще брал именно умеренное, или же он брал много умеренного, или же он хвалил умеренное [карри]”.",
  "sn47.8:3.1": "Этот глупый, необученный, неумелый повар не добился приобретения [подарков в виде] одежд, прибавки, премий. ",
  "sn47.8:3.2": "И почему? ",
  "sn47.8:3.3": "Потому что этот глупый, необученный, неумелый повар не уловил предмета предпочтения своего хозяина.",
  "sn47.8:3.4": "Точно также, монахи, некий глупый, необученный, неумелый монах пребывает в наблюдении тела в теле, будучи старательным, сознательным, памятующим, устранив влечение и недовольство к миру. ",
  "sn47.8:3.5": "По мере того, как он пребывает в наблюдении тела в теле, его ум не становится сосредоточенным, его загрязнения [ума] не отбрасываются, ",
  "sn47.8:3.6": "он не улавливает этого образа.",
  "sn47.8:3.7": "Он пребывает в наблюдении чувств в чувствах… ",
  "sn47.8:3.8": "ума в уме… ",
  "sn47.8:3.9": "феноменов в феноменах, будучи старательным, сознательным, памятующим, устранив влечение и недовольство к миру. ",
  "sn47.8:3.10": "По мере того как он пребывает в наблюдении феноменов в феноменах, его ум не становится сосредоточенным, его загрязнения [ума] не отбрасываются, ",
  "sn47.8:3.11": "он не улавливает этого образа.",
  "sn47.8:4.1": "Этот глупый, необученный, неумелый монах не достигает приятных пребываний в этой самой жизни, и не обретает памятования и сознательности. ",
  "sn47.8:4.2": "И почему? ",
  "sn47.8:4.3": "Потому что, монахи, этот глупый, необученный, неумелый монах не улавливает образа своего ума.",
  "sn47.8:5.1": "Представьте, монахи, мудрого, обученного, умелого повара, который приготовил бы для царя или царского министра различные виды карри: ",
  "sn47.8:5.2": "кислое, горькое, острое, сладкое, едкое, неострое, солёное, несолёное.",
  "sn47.8:6.1": "И этот мудрый, обученный, умелый повар уловил бы предмет предпочтения своего хозяина: ",
  "sn47.8:6.2": "“Сегодня такое-то карри порадовало моего хозяина…”.",
  "sn47.8:6.3": "",
  "sn47.8:7.1": "Этот мудрый, обученный, умелый повар добился приобретения [подарков в виде] одежд, прибавки, премий. ",
  "sn47.8:7.2": "И почему? ",
  "sn47.8:7.3": "Потому что этот мудрый, обученный, умелый, повар уловил предмет предпочтения своего хозяина.",
  "sn47.8:7.4": "Точно также, монахи, некий мудрый, обученный, умелый монах пребывает в наблюдении тела в теле, будучи старательным, сознательным, памятующим, устранив влечение и недовольство к миру. ",
  "sn47.8:7.5": "По мере того как он пребывает в наблюдении тела в теле, его ум становится сосредоточенным, его загрязнения [ума] отбрасываются, ",
  "sn47.8:7.6": "он улавливает этот образ.",
  "sn47.8:7.7": "Он пребывает в наблюдении чувств в чувствах… ",
  "sn47.8:7.8": "ума в уме… ",
  "sn47.8:7.9": "феноменов в феноменах, будучи старательным, сознательным, памятующим, устранив влечение и недовольство к миру. ",
  "sn47.8:7.10": "По мере того как он пребывает в наблюдении феноменов в феноменах, его ум становится сосредоточенным, его загрязнения [ума] отбрасываются, ",
  "sn47.8:7.11": "он улавливает этот образ.",
  "sn47.8:8.1": "Этот мудрый, обученный, умелый монах достигает приятных пребываний в этой самой жизни и обретает осознанность и сознательность. ",
  "sn47.8:8.2": "И почему? ",
  "sn47.8:8.3": "Потому что, монахи, этот мудрый, обученный, умелый монах улавливает образ своего ума”.",
  "sn47.8:8.4": "Восьмая."
}