{
  "sn47.24:0.1": "Связанные Наставления 47.24",
  "sn47.24:0.2": "Глава Силаттхити",
  "sn47.24:0.3": "Сутта Чистая",
  "sn47.24:1.1": "В Саваттхи.",
  "sn47.24:1.2": "“Монахи, есть эти четыре установления памятования.",
  "sn47.24:1.3": "Какие четыре?",
  "sn47.24:1.4": "Вот, монахи, монах пребывает в наблюдении тела в теле, будучи старательным, сознательным, памятующим, устранив влечение и недовольство к миру.",
  "sn47.24:1.5": "Он пребывает в наблюдении чувств в чувствах…",
  "sn47.24:1.6": "ума в уме…",
  "sn47.24:1.7": "феноменов в феноменах, будучи старательным, сознательным, памятующим, устранив влечение и недовольство к миру.",
  "sn47.24:1.8": "Таковы четыре установления памятования”.",
  "sn47.24:1.9": "Четвёртая."
}