{
  "sn47.35:0.1": "Связанные Наставления 47.35",
  "sn47.35:0.2": "Глава Анануссута",
  "sn47.35:0.3": "Сутта Памятующий",
  "sn47.35:1.1": "В Саваттхи.",
  "sn47.35:1.2": "“Монах, монахи,  должен пребывать памятующим и сознательным.",
  "sn47.35:1.3": "Таково наше наставление вам.",
  "sn47.35:2.1": "И как, монахи, монах осознан?",
  "sn47.35:2.2": "Вот, монахи, монах пребывает в наблюдении тела в теле, будучи старательным, сознательным, памятующим, устранив влечение и недовольство к миру.",
  "sn47.35:2.3": "в чувствах…",
  "sn47.35:2.4": "в уме…",
  "sn47.35:2.5": "феноменов в феноменах, будучи старательным, сознательным, памятующим, устранив влечение и недовольство к миру.",
  "sn47.35:2.6": "Вот так, монахи, монах осознан.",
  "sn47.35:3.1": "И как, монахи, монах тренирует сознательность?",
  "sn47.35:3.2": "Вот, монахи, монах понимает чувства по мере того как они возникают, понимает их по мере того как они наличествуют, понимает их по мере того как они угасают.",
  "sn47.35:3.3": "Понимает мысли по мере того как они возникают, понимает их по мере того как они наличествуют, понимает их по мере того как они угасают.",
  "sn47.35:3.4": "Понимает восприятия по мере того как они возникают, понимает их по мере того как они наличествуют, понимает их по мере того как они угасают.",
  "sn47.35:3.5": "Вот так, монахи, этот монах тренирует сознательность.",
  "sn47.35:3.6": "Монах, монахи,  должен пребывать памятующим и сознательным –",
  "sn47.35:3.7": "таково наше наставление вам”.",
  "sn47.35:3.8": "Пятая."
}