{
  "sn47.73-84:0.1": "Связанные Наставления 47.73-84",
  "sn47.73-84:0.2": "Глава Балакарания",
  "sn47.73-84:0.3": "Сутты Начинающиеся С Требующий Сил",
  "sn47.73-84:1.1": "“Подобно тому, как, монахи, деляются любые дела, требующие сил”.",
  "sn47.73-84:1.2": "должно быть расширенно.",
  "sn47.73-84:1.3": "Глава Балакарания восьмая",
  "sn47.73-84:2.0": "Оглавление",
  "sn47.73-84:2.1": "",
  "sn47.73-84:2.2": "",
  "sn47.73-84:2.3": "",
  "sn47.73-84:2.4": ""
}