{
  "sn47.9:0.1": "Связанные Наставления 47.9",
  "sn47.9:0.2": "Глава Амбапали",
  "sn47.9:0.3": "Сутта Болен",
  "sn47.9:1.1": "Так я слышал.",
  "sn47.9:1.2": "Однажды Благословенный пребывал в Весали в Белувагамаке.",
  "sn47.9:1.3": "Там Благословенный обратился к монахам так:",
  "sn47.9:1.4": "“Ну же, монахи, проводите сезон дождей там, где у вас есть товарищи, знакомые, товарищи в округе Весали.",
  "sn47.9:1.5": "Сам я проведу сезон дождей здесь, в Белувагамаке”.",
  "sn47.9:1.6": "“Да, Учитель” – ответили те монахи и отправились проводить сезон дождей там, где у них были товарищи, знакомые, товарищи в округе Весали,",
  "sn47.9:1.7": "тогда как Благословенный стал проводить сезон дождей прямо здесь, в Белувагамаке.",
  "sn47.9:2.1": "И затем, когда Благословенный только начал проводить сезон дождей, в нём возникла тяжёлая болезнь, его охватили ужасающие смертоносные боли.",
  "sn47.9:2.2": "Но Благословенный терпел их, будучи памятующим и сознательным, не становясь обеспокоенным.",
  "sn47.9:2.3": "И тогда мысль пришла к Благословенному:",
  "sn47.9:2.4": "“Не подобает мне обрести окончательную ниббану, не обратившись прежде к моим прислужникам и не сообщив об уходе Сангхе монахов.",
  "sn47.9:2.5": "Почему бы мне не подавить эту болезнь посредством усилия и жить дальше, настроившись на слагающую жизни”.",
  "sn47.9:2.6": "И тогда Благословенный подавил эту болезнь посредством усилия и стал жить дальше, настроившись на слагающую жизни.",
  "sn47.9:2.7": "И затем Благословенный выздоровел.",
  "sn47.9:3.1": "И вскоре после выздоровления он вышел из своего жилища и сел на подготовленное сиденье в тени хижины.",
  "sn47.9:3.2": "И тогда почтенный Ананда подошёл к Благословенному, поклонился ему, сел рядом и сказал:",
  "sn47.9:3.3": "“Удивительно, Учитель,",
  "sn47.9:3.4": "что Благословенный так стойко держится,",
  "sn47.9:3.5": "чудесно, что он выздоровел!",
  "sn47.9:3.6": "Но, Учитель, когда Благословенный был болен, то моё тело было как будто заторможенным, стороны света мне не были ясны, учения мне всплывали ы уме.",
  "sn47.9:3.7": "И всё же, меня утешало вот что:",
  "sn47.9:3.8": "то, что Благословенный не обретёт окончательной ниббаны, не сделав заявлений насчёт Сангхи монахов”.",
  "sn47.9:4.1": "“Чего же ещё, Ананда, хочет сейчас от меня Сангха монахов?",
  "sn47.9:4.2": "Я научил Дхамме, Ананда, не делая разделения на внутреннее и внешнее.",
  "sn47.9:4.3": "У Татхагаты нет ничего в сжатом кулаке учителя в отношении учений.",
  "sn47.9:4.4": "Если, Ананда, кто-либо думает так:",
  "sn47.9:4.5": "“Я возглавлю Сангху монахов” или “Сангха монахов перейдёт под моё руководство” – то вот он и должен делать какие-либо заявления насчёт Сангхи монахов.",
  "sn47.9:4.6": "Но, Ананда, не приходит к Татхагате такой мысли:",
  "sn47.9:4.7": "“Я возглавлю Сангху монахов” или “Сангха монахов перейдёт под моё руководство” –",
  "sn47.9:4.8": "так зачем же Татхагате делать некие заявления насчёт Сангхи монахов?",
  "sn47.9:4.9": "Я стар, Ананда, отягощён годами, много прожил, мои дни подходят к концу.",
  "sn47.9:4.10": "Мне идёт восьмидесятый год.",
  "sn47.9:4.11": "Подобно тому, как старая телега едет скрепленная связками из ремней,",
  "sn47.9:4.12": "точно также, кажется, что и тело Татхагаты держится лишь на связке из ремней.",
  "sn47.9:5.1": "Каждый раз, когда, не обращая внимания на все объекты, посредством прекращения определённых чувств, Татхагата входит и пребывает в беспредметном сосредоточении ума, то тогда, Ананда, тело Татхагаты более комфортно.",
  "sn47.9:5.2": "Поэтому, Ананда, будьте сами себе островом - светильником, сами себе прибежищем, не имея иного прибежища; [живите] с Дхаммой в качестве острова, с Дхаммой в качестве прибежища, не имея иного прибежища.",
  "sn47.9:6.1": "И как, Ананда, монах пребывает, являясь сам себе островом… не имея иного прибежища?",
  "sn47.9:6.2": "Вот, Ананда, монах пребывает в наблюдении тела в теле, будучи старательным, сознательным, памятующим, устранив влечение и недовольство к миру.",
  "sn47.9:6.3": "Он пребывает в наблюдении чувств в чувствах…",
  "sn47.9:6.4": "ума в уме…",
  "sn47.9:6.5": "феноменов в феноменах, будучи старательным, сознательным, памятующим, устранив влечение и недовольство к миру.",
  "sn47.9:6.6": "Так, Ананда, монах пребывает, являясь сам себе островом… не имея иного прибежища.",
  "sn47.9:6.7": "Те монахи, Ананда, что есть сейчас или появятся, когда я уйду, которые пребывают, являясь сами себе островом… не имея иного прибежища – именно эти монахи, Ананда, будут для меня наивысшими среди тех, кто занимается практикой”.",
  "sn47.9:6.8": "Девятая."
}