{
  "sn47.33:0.1": "Связанные Наставления 47.33",
  "sn47.33:0.2": "Глава Анануссута",
  "sn47.33:0.3": "Сутта Пренебрегали",
  "sn47.33:1.1": "“Те, кто, монахи, пренебрегали этими четырьмя установлениями памятования, пренебрегали и благородным путём, ведущим к полному исчерпанию боли.",
  "sn47.33:1.2": "Те, кто практиковали эти четыре установления памятования, практиковали и благородный путь, ведущий к полному исчерпанию боли.",
  "sn47.33:2.1": "Какие четыре?",
  "sn47.33:2.2": "Вот, монахи, монах пребывает в наблюдении тела в теле, будучи старательным, сознательным, памятующим, устранив влечение и недовольство к миру.",
  "sn47.33:2.3": "в чувствах…",
  "sn47.33:2.4": "в уме…",
  "sn47.33:2.5": "феноменов в феноменах, будучи старательным, сознательным, памятующим, устранив влечение и недовольство к миру.",
  "sn47.33:2.6": "Те, кто пренебрегали этими четырьмя установлениями памятования, пренебрегали и благородным путём, ведущим к полному исчерпанию боли.",
  "sn47.33:2.7": "Те, кто практиковали эти четыре установления памятования, практиковали и благородный путь, ведущий к полному исчерпанию боли”.",
  "sn47.33:2.8": "Третья."
}