{
 "sn47.31:0.1": "Связанные Наставления 47.31",
 "sn47.31:0.2": "Глава Анануссута",
 "sn47.31:0.3": "Сутта Не слышанное прежде",
 "sn47.31:1.1": "В Саваттхи.",
 "sn47.31:1.2": "“Это – наблюдение тела в теле”: так, монахи, в отношении вещей, неслыханных прежде, видение возникло во мне, знание, мудрость, истинное знание и свет.",
 "sn47.31:1.3": "“Это наблюдение тела в теле следует развить”: так, монахи…",
 "sn47.31:1.4": "развито”: так, монахи, в отношении вещей, неслыханных прежде, видение возникло во мне, знание, мудрость, истинное знание и свет.",
 "sn47.31:2.1": "“Это – наблюдение чувств в чувствах”: так, монахи, в отношении вещей, неслыханных прежде, видение возникло во мне, знание, мудрость, истинное знание и свет.",
 "sn47.31:2.2": "“Это наблюдение чувств в чувствах следует развить”: так, монахи…",
 "sn47.31:2.3": "развито”: так, монахи, в отношении вещей, неслыханных прежде, видение возникло во мне, знание, мудрость, истинное знание и свет.",
 "sn47.31:3.1": "“Это – наблюдение ума в уме”: так, монахи, в отношении вещей, неслыханных прежде, видение возникло во мне, знание, мудрость, истинное знание и свет.",
 "sn47.31:3.2": "“Это наблюдение ума в уме следует развить”: так, монахи…",
 "sn47.31:3.3": "развито”: так, монахи, в отношении вещей, неслыханных прежде, видение возникло во мне, знание, мудрость, истинное знание и свет.",
 "sn47.31:4.1": "“Это – наблюдение феноменов в феноменах”: так, монахи, в отношении вещей, неслыханных прежде, видение возникло во мне, знание, мудрость, истинное знание и свет.",
 "sn47.31:4.2": "“Это наблюдение феноменов в феноменах следует развить”…",
 "sn47.31:4.3": "“Это наблюдение феноменов в феноменах было развито: так, монахи, в отношении вещей, неслыханных прежде, видение возникло во мне, знание, мудрость, истинное знание и свет”.",
 "sn47.31:4.4": "Первая."
}