{
 "sn47.95-104:0.1": "Связанные Наставления 47.95-104",
 "sn47.95-104:0.2": "Глава Огха",
 "sn47.95-104:0.3": "Сутты Начинающиеся с Восхдящий",
 "sn47.95-104:1.1": "“Эти пять, монахи, восходящие связанности.",
 "sn47.95-104:1.2": "Какие пять?",
 "sn47.95-104:1.3": "Страсть к матери, страсть к нематериальному, самомнение, возбужденность, незнание—",
 "sn47.95-104:1.4": "Эти пять, монахи, восходящие связанности.",
 "sn47.95-104:1.5": "Этих, монахи, пяти восходящих связанностей для познания, полномго понимания, полного исчерпания, покидания четыре приложения концентрации-памятования должны быть развиты.",
 "sn47.95-104:2.1": "Какие четыре?",
 "sn47.95-104:2.2": "Вот, монахи, монах в теле тело наблюдающий пребывает, пылкий, сознательный, памятующий, вычищая к свету-миру алчность и недовольство;",
 "sn47.95-104:2.3": "в чувствах…",
 "sn47.95-104:2.4": "в уме…",
 "sn47.95-104:2.5": "в явлениях явления наблюдающий пребывает, пылкий, сознательный, памятующий, вычищая к миру алчность и недовольство.",
 "sn47.95-104:2.6": "Этих, монахи, пяти восходящих связанностей для познания, полномго понимания, полного исчерпания, покидания четыре приложения концентрации-памятования должны быть развиты.",
 "sn47.95-104:2.7": "Десятая.",
 "sn47.95-104:3.1": "(Как Маггасаньютта так должно быть расширено.)",
 "sn47.95-104:3.2": "Глава Огха десятая.",
 "sn47.95-104:4.0": "Оглавление",
 "sn47.95-104:4.1": "",
 "sn47.95-104:4.2": "",
 "sn47.95-104:4.3": "",
 "sn47.95-104:4.4": "",
 "sn47.95-104:4.5": "Сатипаттханасаньютта Третья."
}