{
  "sn47.36:0.1": "Связанные Наставления 47.36",
  "sn47.36:0.2": "Глава Анануссута",
  "sn47.36:0.3": "Сутта Окончательное знание",
  "sn47.36:1.1": "“Есть эти четыре, монахи,  установления памятования.",
  "sn47.36:1.2": "Какие четыре?",
  "sn47.36:1.3": "Вот, монахи, монах пребывает в наблюдении тела в теле, будучи старательным, сознательным, памятующим, устранив влечение и недовольство к миру.",
  "sn47.36:1.4": "в чувствах…",
  "sn47.36:1.5": "в уме…",
  "sn47.36:1.6": "феноменов в феноменах, будучи старательным, сознательным, памятующим, устранив влечение и недовольство к миру.",
  "sn47.36:1.7": "Эти четыре, монахи,  установления памятования.",
  "sn47.36:1.8": "Когда, монахи, эти четыре установления памятования были развиты и взращены, то можно ожидать одного из двух плодов:",
  "sn47.36:1.9": "либо окончательного знания в видимой действительности, либо при наличии остаточного цепляния — не-возвращение”.",
  "sn47.36:1.10": "Шестая."
}