{
  "sn47.22:0.1": "Связанные Наставления 47.22",
  "sn47.22:0.2": "Глава Силаттхити",
  "sn47.22:0.3": "Сутта Продолжительность",
  "sn47.22:1.1": "Там же.",
  "sn47.22:1.2": "Сидя рядом, почтенный Бхадда сказал Достопочтенному Ананде:",
  "sn47.22:1.3": "“В чём условие, Ананда,  товарищ, и причина того, что истинная Дхамма не продлится долго после того, как Татхагата достигнет окончательной ниббаны?",
  "sn47.22:1.4": "В чём условие, Ананда,  товарищ, и причина того, что истинная Дхамма продлится долго после того, как Татхагата достигнет окончательной ниббаны?”",
  "sn47.22:2.1": "“Хорошо, хорошо, товарищ Бхадда!",
  "sn47.22:2.2": "Твоя сообразительность превосходна, твоя находчивость прекрасна, твой вопрос хорош.",
  "sn47.22:2.3": "Ты спросил меня:",
  "sn47.22:2.4": "“В чём условие, Ананда,  товарищ, и причина того, что истинная Дхамма не продлится долго после того, как Татхагата достигнет окончательной ниббаны?",
  "sn47.22:2.5": "В чём условие, Ананда,  товарищ, и причина того, что истинная Дхамма продлится долго после того, как Татхагата достигнет окончательной ниббаны?”",
  "sn47.22:2.6": "“Да, товарищ”.",
  "sn47.22:2.7": "“Поскольку, товарищ, четыре установления памятования не развиты и не взращены, истинная Дхамма не продлится долго после того, как Татхагата достигнет окончательной ниббаны.",
  "sn47.22:2.8": "И поскольку четыре установления памятования развиты и взращены, истинная Дхамма продлится долго после того, как Татхагата достигнет окончательной ниббаны.",
  "sn47.22:3.1": "Какие четыре?",
  "sn47.22:3.2": "Вот монах пребывает в наблюдении тела в теле, будучи старательным, сознательным, памятующим, устранив влечение и недовольство к миру.",
  "sn47.22:3.3": "Он пребывает в наблюдении чувств в чувствах…",
  "sn47.22:3.4": "ума в уме…",
  "sn47.22:3.5": "феноменов в феноменах, будучи старательным, сознательным, памятующим, устранив влечение и недовольство к миру.",
  "sn47.22:3.6": "Поскольку эти четыре установления памятования не развиты и не взращены, истинная Дхамма не продлится долго после того, как Татхагата достигнет окончательной ниббаны.",
  "sn47.22:3.7": "Поскольку эти четыре установления памятования развиты и взращены, истинная Дхамма продлится долго после того, как Татхагата достигнет окончательной ниббаны”.",
  "sn47.22:3.8": "Вторая."
}