{
  "sn47.17:0.1": "Связанные Наставления 47.17",
  "sn47.17:0.2": "Глава Наланда",
  "sn47.17:0.3": "Сутта Благородный",
  "sn47.17:1.1": "“Монахи, эти четыре установления памятования, будучи развитыми и взращенными, являются благородными и освобождающими. Они ведут того, кто действует в согласии с ними, к полному исчерпанию боли.",
  "sn47.17:1.2": "Какие четыре?",
  "sn47.17:1.3": "Вот, монахи, монах пребывает в наблюдении тела в теле, будучи старательным, сознательным, памятующим, устранив влечение и недовольство к миру.",
  "sn47.17:1.4": "Он пребывает в наблюдении чувств в чувствах…",
  "sn47.17:1.5": "ума в уме…",
  "sn47.17:1.6": "феноменов в феноменах, будучи старательным, сознательным, памятующим, устранив влечение и недовольство к миру.",
  "sn47.17:1.7": "Эти четыре установления памятования, будучи развитыми и взращенными, являются благородными и освобождающими. Они ведут того, кто действует в согласии с ними, к полному исчерпанию боли”.",
  "sn47.17:1.8": "Седьмая."
}