{
  "sn47.45:0.1": "Связанные Наставления 47.45",
  "sn47.45:0.2": "Глава Амата ",
  "sn47.45:0.3": "Сутта Куча благого ",
  "sn47.45:1.1": "“Если, монахи, кто-либо назвал бы что-либо “массой благого”, то он правдиво бы так сказал о четырёх основах памятования. ",
  "sn47.45:1.2": "Поскольку это целая масса благого, то есть, четыре основы памятования. ",
  "sn47.45:2.1": "Какие четыре? ",
  "sn47.45:2.2": "Вот, монахи, монах пребывает в наблюдении тела в теле, будучи старательным, сознательным, памятующим, устранив влечение и недовольство к миру. ",
  "sn47.45:2.3": "в чувствах… ",
  "sn47.45:2.4": "в уме… ",
  "sn47.45:2.5": "Он пребывает в наблюдении феноменов в феноменах, будучи старательным, сознательным, памятующим, устранив влечение и недовольство к миру. ",
  "sn47.45:2.6": "Если кто-либо назвал бы что-либо “массой благого”, то он правдиво бы так сказал о четырёх основах памятования. ",
  "sn47.45:2.7": "Поскольку это целая масса благого, то есть, четыре основы памятования”.",
  "sn47.45:2.8": "Пятая."
}