{
  "sn47.44:0.1": "Связанные Наставления 47.44",
  "sn47.44:0.2": "Глава Амата",
  "sn47.44:0.3": "Сутта Осознанный",
  "sn47.44:1.1": "“Монах, монахи, должен пребывать, будучи памятующим.",
  "sn47.44:1.2": "Таково наше наставление вам.",
  "sn47.44:1.3": "И как, монахи, монах пребывает памятующим?",
  "sn47.44:1.4": "Вот, монахи, монах пребывает в наблюдении тела в теле, будучи старательным, сознательным, памятующим, устранив влечение и недовольство к миру.",
  "sn47.44:1.5": "Он пребывает в наблюдении чувств в чувствах…",
  "sn47.44:1.6": "ума в уме…",
  "sn47.44:1.7": "феноменов в феноменах, будучи старательным, сознательным, памятующим, устранив влечение и недовольство к миру.",
  "sn47.44:1.8": "Вот так, монахи, этот монах пребывает памятующим.",
  "sn47.44:1.9": "Монах, монахи, должен пребывать, будучи памятующим.",
  "sn47.44:1.10": "Таково наше наставление вам”.",
  "sn47.44:1.11": "Четвёртая."
}