{
  "sn47.39:0.1": "Связанные Наставления 47.39",
  "sn47.39:0.2": "Глава Анануссута",
  "sn47.39:0.3": "Сутта Развитие",
  "sn47.39:1.1": "“Монахи, я научу вас развитию четырёх установлений памятования.",
  "sn47.39:1.2": "Слушайте.",
  "sn47.39:1.3": "И каково, монахи, развитие четырёх установлений памятования?",
  "sn47.39:1.4": "Вот, монахи, монах пребывает в наблюдении тела в теле, будучи старательным, сознательным, памятующим, устранив влечение и недовольство к миру.",
  "sn47.39:1.5": "в чувствах…",
  "sn47.39:1.6": "в уме…",
  "sn47.39:1.7": "феноменов в феноменах, будучи старательным, сознательным, памятующим, устранив влечение и недовольство к миру.",
  "sn47.39:1.8": "Таково, монахи, развитие четырёх установлений памятования”.",
  "sn47.39:1.9": "Девятая."
}