{
 "sn47.48:0.1": "Связанные Наставления 47.48",
 "sn47.48:0.2": "Глава Амата ",
 "sn47.48:0.3": "Сутта Друг",
 "sn47.48:1.1": "“Тех, монахи, к кому у вас есть сострадание, и кто относится к вам со вниманием – друзей или коллег, родственников и родню – их вам следует наставлять, утверждать, укреплять в развитии четырёх основ памятования. ",
 "sn47.48:2.1": "Каких четырёх? ",
 "sn47.48:2.2": "Вот, монахи, монах пребывает в наблюдении тела в теле, будучи старательным, сознательным, памятующим, устранив влечение и недовольство к миру…",
 "sn47.48:2.3": "в чувствах… ",
 "sn47.48:2.4": "уме… ",
 "sn47.48:2.5": "феноменов в феноменах, будучи старательным, сознательным, памятующим, устранив влечение и недовольство к миру. ",
 "sn47.48:2.6": "Тех, монахи, к кому у вас есть сострадание, и кто относится к вам со вниманием – друзей или коллег, родственников и родню – их вам следует наставлять, утверждать, укреплять в развитии этих четырёх основ памятования”.",
 "sn47.48:2.7": "Восьмая."
}