{
  "sn47.2:0.1": "Связанные Наставления 47.2",
  "sn47.2:0.2": "Глава Амбапали",
  "sn47.2:0.3": "Сутта Концентрация-памятование",
  "sn47.2:1.1": "Однажды Благословенный пребывал в Весали в Роще Амбапали.",
  "sn47.2:1.2": "Там Благословенный обратился к монахам:",
  "sn47.2:1.3": "“Монахи!”",
  "sn47.2:1.4": "“Достопочтенный!” – отвечали монахи.",
  "sn47.2:1.5": "Благословенный сказал так:",
  "sn47.2:2.1": "“Монах, монахи,  должен пребывать сконцентрированно-памятующим и сознательным –",
  "sn47.2:2.2": "таково наше наставление вам.",
  "sn47.2:2.3": "И как, монахи, монах памятующий?",
  "sn47.2:2.4": "Вот, монахи, монах пребывает в наблюдении тела в теле, будучи старательным, сознательным, памятующим, устранив влечение и недовольство к миру.",
  "sn47.2:2.5": "Он пребывает в наблюдении чувств в чувствах…",
  "sn47.2:2.6": "ума в уме…",
  "sn47.2:2.7": "феноменов в феноменах, будучи старательным, сознательным, памятующим, устранив влечение и недовольство к миру.",
  "sn47.2:2.8": "Вот так, монахи, монах памятующий.",
  "sn47.2:3.1": "И как, монахи, монах тренирует сознательность?",
  "sn47.2:3.2": "Вот, монахи, монах действует с сознательно, когда идёт вперёд и возвращается; когда смотрит вперёд и смотрит в сторону; когда сгибается и разгибается; когда несёт одежду и верхнее одеяние, чашу; когда ест, пьёт, жуёт, распробывает; когда  испражняется и мочится; когда идёт, стоит, сидит, засыпает, просыпается, разговаривает и молчит.",
  "sn47.2:3.3": "Вот так этот монах тренирует сознательность.",
  "sn47.2:3.4": "“Монах, монахи,  должен пребывать сконцентрированно-памятующим и сознательным",
  "sn47.2:3.5": "таково наше наставление вам”.",
  "sn47.2:3.6": "Вторая."
}