{
 "sn47.51-62:0.1": "Связанные Наставления 47.51-62",
 "sn47.51-62:0.2": "Глава Ганга Сокращение",
 "sn47.51-62:0.3": "Сутта Двенадцать Сутт, начинающихся с Ганг",
 "sn47.51-62:1.1": "“Подобно тому, как, монахи, река Ганг направляется, склоняется, устремляется к востоку –",
 "sn47.51-62:1.2": "точно также, монах, который развивает и взращивает четыре основы памятования, направляется, склоняется, устремляется к ниббане.",
 "sn47.51-62:2.1": "И как, монахи, монах развивает и взращивает четыре основы памятования, [так что] направляется, склоняется, устремляется к ниббане?",
 "sn47.51-62:2.2": "Вот, монахи, монах пребывает в наблюдении тела в теле, будучи старательным, сознательным, памятующим, устранив влечение и недовольство к миру…",
 "sn47.51-62:2.3": "в чувствах…",
 "sn47.51-62:2.4": "в уме…",
 "sn47.51-62:2.5": "феноменов в феноменах, будучи старательным, сознательным, памятующим, устранив влечение и недовольство к миру.",
 "sn47.51-62:2.6": "Таким образом, монахи, монах развивает и взращивает четыре основы памятования, [так что] направляется, склоняется, устремляется к ниббане”.",
 "sn47.51-62:2.7": "Глава Ганга Сокращение Шестая.",
 "sn47.51-62:3.0": "Оглавление",
 "sn47.51-62:3.1": "",
 "sn47.51-62:3.2": "",
 "sn47.51-62:3.3": "",
 "sn47.51-62:3.4": ""
}