{
 "sn47.50:0.1": "Связанные Наставления 47.50",
 "sn47.50:0.2": "Глава Амата",
 "sn47.50:0.3": "Сутта Пятно",
 "sn47.50:1.1": "“Монахи, есть эти три пятна [загрязнений].",
 "sn47.50:1.2": "Какие три?",
 "sn47.50:1.3": "Пятно желания, пятно существования, пятно незнания.",
 "sn47.50:1.4": "Таковы три пятна.",
 "sn47.50:1.5": "Эти четыре основы памятования следует развивать ради полного понимания этих трёх пятен.",
 "sn47.50:2.1": "Какие четыре?",
 "sn47.50:2.2": "Вот, монахи, монах пребывает в наблюдении тела в теле, будучи старательным, сознательным, памятующим, устранив влечение и недовольство к миру…",
 "sn47.50:2.3": "в чувствах…",
 "sn47.50:2.4": "в уме…",
 "sn47.50:2.5": "феноменов в феноменах, будучи старательным, сознательным, памятующим, устранив влечение и недовольство к миру.",
 "sn47.50:2.6": "Эти четыре основы памятования следует развивать ради полного понимания этих трёх пятен”.",
 "sn47.50:2.7": "Десятая.",
 "sn47.50:2.8": "Глава Амата Пятая.",
 "sn47.50:3.0": "Оглавление",
 "sn47.50:3.1": "",
 "sn47.50:3.2": "",
 "sn47.50:3.3": "",
 "sn47.50:3.4": ""
}