{
  "sn47.41:0.1": "Связанные Наставления 47.41",
  "sn47.41:0.2": "Глава Амата",
  "sn47.41:0.3": "Сутта Бессмертное",
  "sn47.41:1.1": "В Саваттхи.",
  "sn47.41:1.2": "“Пребывайте, монахи, с умами, хорошо утверждёнными в четырёх установлениях памятования.",
  "sn47.41:1.3": "Не позволяйте себе упустить Бессмертное.",
  "sn47.41:1.4": "В каких четырёх?",
  "sn47.41:1.5": "Вот, монахи, монах пребывает в наблюдении тела в теле, будучи старательным, сознательным, памятующим, устранив влечение и недовольство к миру.",
  "sn47.41:1.6": "в чувствах…",
  "sn47.41:1.7": "ума в уме…",
  "sn47.41:1.8": "феноменов в феноменах, будучи старательным, сознательным, памятующим, устранив влечение и недовольство к миру.",
  "sn47.41:1.9": "Пребывайте, монахи, с умами, хорошо утверждёнными в этих четырёх установлениях памятования.",
  "sn47.41:1.10": "Не позволяйте себе упустить Бессмертное”.",
  "sn47.41:1.11": "Первая."
}