{
  "sn47.1:0.1": "Связанные Наставления 47.1",
  "sn47.1:0.2": "Глава Амбапали",
  "sn47.1:0.3": "Сутта Амбапали",
  "sn47.1:1.1": "Так я слышал.",
  "sn47.1:1.2": "Однажды Благословенный пребывал в Весали в Роще Амбапали.",
  "sn47.1:1.3": "Там Благословенный обратился к монахам:",
  "sn47.1:1.4": "“Монахи!”",
  "sn47.1:1.5": "“Достопочтенный!” – отвечали монахи.",
  "sn47.1:1.6": "Благословенный сказал так:",
  "sn47.1:2.1": "“Это однонаправленный, монахи, путь к очищению существ, к преодолению печали и стенания, к прекращению боли и недовольства, к достижению метода, к реализации ниббаны, то есть, четыре установления памятования.",
  "sn47.1:2.2": "Какие четыре?",
  "sn47.1:2.3": "Вот, монахи, монах пребывает в наблюдении тела в теле, будучи старательным, сознательным, памятующим, устранив влечение и недовольство к миру.",
  "sn47.1:2.4": "Он пребывает в наблюдении чувств в чувствах, будучи старательным, сознательным, памятующим, устранив влечение и недовольство к миру.",
  "sn47.1:2.5": "ума в уме, будучи старательным, сознательным, памятующим, устранив влечение и недовольство к миру.",
  "sn47.1:2.6": "феноменов в феноменах, будучи старательным, сознательным, памятующим, устранив влечение и недовольство к миру.",
  "sn47.1:2.7": "Таков, монахи, прямой путь к очищению существ, к преодолению печали и стенания, к прекращению боли и недовольства, к достижению метода, к реализации ниббаны, то есть, четыре установления памятования”.",
  "sn47.1:3.1": "Так сказал Благословенный.",
  "sn47.1:3.2": "Воодушевлённые, те монахи обрадовались словам Благословенного.",
  "sn47.1:3.3": "Первая."
}
