{
  "sn47.26:0.1": "Связанные Наставления 47.26",
  "sn47.26:0.2": "Глава Силаттхити",
  "sn47.26:0.3": "Сутта Частично",
  "sn47.26:1.1": "Однажды почтенный Сарипутта и почтенный Махамоггаллана пребывали в Сакете в Терновой Роще.",
  "sn47.26:1.2": "И тогда, вечером, почтенный Сарипутта и почтенный Махамоггаллана вышли из затворничества, отправились к Достопочтенному Ануруддхе, и обменялись с ним вежливыми приветствиями.",
  "sn47.26:1.3": "После обмена вежливыми приветствиями и любезностями они сели рядом, и почтенный Сарипутта сказал Достопочтенному Ануруддхе:",
  "sn47.26:1.4": "““ученик, ученик”, Ануруддха, товарищ, – так говорят.",
  "sn47.26:1.5": "В каком случае, товарищ, некто является учеником?”",
  "sn47.26:1.6": "“Поскольку он, товарищ,  частично развил четыре установления памятования, он и является учеником.",
  "sn47.26:2.1": "Какие четыре?",
  "sn47.26:2.2": "Вот монах пребывает в наблюдении тела в теле, будучи старательным, сознательным, памятующим, устранив влечение и недовольство к миру.",
  "sn47.26:2.3": "Он пребывает в наблюдении чувств в чувствах…",
  "sn47.26:2.4": "ума в уме…",
  "sn47.26:2.5": "феноменов в феноменах, будучи старательным, сознательным, памятующим, устранив влечение и недовольство к миру.",
  "sn47.26:2.6": "Поскольку он, товарищ,  частично развил четыре установления памятования, он и является учеником”.",
  "sn47.26:2.7": "Шестая."
}