{
  "sn47.5:0.1": "Связанные Наставления 47.5",
  "sn47.5:0.2": "Глава Амбапали",
  "sn47.5:0.3": "Сутта Масса Неблагого",
  "sn47.5:1.1": "В Саваттхи.",
  "sn47.5:1.2": "Там Благословенный сказал так:",
  "sn47.5:1.3": "“Монахи, если бы кто-либо назвал бы что-либо “массой неблагого”, то он правдиво бы так сказал о пяти помехах.",
  "sn47.5:1.4": "Поскольку это целая масса неблагого, то есть, пять помех.",
  "sn47.5:1.5": "Какие пять?",
  "sn47.5:1.6": "помеха импульсо-желания, помеха враждебности, помеха лени и апатии, помеха возбужденности и тревоги, помеха разбредания.",
  "sn47.5:1.7": "Если бы кто-либо назвал бы что-либо “мамой неблагого”, то он правдиво бы так сказал о пяти помехах.",
  "sn47.5:1.8": "Поскольку это целая масса неблагого, то есть, пять помех.",
  "sn47.5:2.1": "Если, монахи, кто-либо назвал бы что-либо “мамой благого”, то он правдиво бы так сказал о четырёх установлениях памятования.",
  "sn47.5:2.2": "Поскольку это целая масса благого, то есть, четыре установления памятования.",
  "sn47.5:2.3": "Какие четыре?",
  "sn47.5:2.4": "Вот, монахи, монах пребывает в наблюдении тела в теле, будучи старательным, сознательным, памятующим, устранив влечение и недовольство к миру.",
  "sn47.5:2.5": "Он пребывает в наблюдении чувств в чувствах…",
  "sn47.5:2.6": "Он пребывает в наблюдении ума в уме…",
  "sn47.5:2.7": "Он пребывает в наблюдении феноменов в феноменах, будучи старательным, сознательным, памятующим, устранив влечение и недовольство к миру.",
  "sn47.5:2.8": "Если кто-либо назвал бы что-либо “мамой благого”, то он правдиво бы так сказал о четырёх установлениях памятования.",
  "sn47.5:2.9": "Поскольку это целая масса благого, то есть, четыре установления памятования”.",
  "sn47.5:2.10": "Пятая."
}