{
  "sn47.21:0.1": "Связанные Наставления 47.21",
  "sn47.21:0.2": "Глава Силаттхити",
  "sn47.21:0.3": "Сутта Нравственность",
  "sn47.21:1.1": "Так я слышал.",
  "sn47.21:1.2": "Однажды почтенный Ананда и почтенный Бхадда пребывали в Паталипутте в Петушином Парке.",
  "sn47.21:1.3": "И тогда, вечером, почтенный Бхадда вышел из затворничества, подошёл к Достопочтенному Ананде, и обменялся с ним вежливыми приветствиями.",
  "sn47.21:1.4": "После обмена вежливыми приветствиями и любезностями он сел рядом и сказал Достопочтенному Ананде:",
  "sn47.21:1.5": "“Что касается, Ананда,  товарищ, благих нравственных качеств, о которых говорил Благословенный – с какой целью о них говорил Благословенный?”",
  "sn47.21:2.1": "“Хорошо, хорошо, Бхадда, товарищ!",
  "sn47.21:2.2": "Твоя сообразительность превосходна, твоя находчивость прекрасна, твой вопрос хорош.",
  "sn47.21:2.3": "Ты спросил меня:",
  "sn47.21:2.4": "“Что касается, Ананда,  товарищ, благих нравственных качеств, о которых говорил Благословенный – с какой целью о них говорил Благословенный?”",
  "sn47.21:2.5": "“Да, товарищ”.",
  "sn47.21:2.6": "“Благословенный говорил об этих благих нравственных качествах для развития четырёх установлений памятования.",
  "sn47.21:3.1": "Каких четырёх?",
  "sn47.21:3.2": "Вот монах пребывает в наблюдении тела в теле, будучи старательным, сознательным, памятующим, устранив влечение и недовольство к миру.",
  "sn47.21:3.3": "Он пребывает в наблюдении чувств в чувствах…",
  "sn47.21:3.4": "ума в уме…",
  "sn47.21:3.5": "феноменов в феноменах, будучи старательным, сознательным, памятующим, устранив влечение и недовольство к миру.",
  "sn47.21:3.6": "Благословенный говорил об этих благих нравственных качествах для развития этих четырёх установлений памятования”.",
  "sn47.21:3.7": "Первая."
}