{
  "sn39.1-15:0.1": "Связанные Наставления 4.5.1.1-15",
  "sn39.1-15:0.2": "Глава Самандака",
  "sn39.1-15:0.3": "Самандака Сутта",
  "sn39.1-15:1.1": "Однажды Достопочтенный Сарипутта пребывал в Магадхе в Налакагаме. ",
  "sn39.1-15:1.2": "И тогда странник Самандака подошёл к Достопочтенному Сарипутте и обменялся с ним вежливыми приветствиями. ",
  "sn39.1-15:1.3": "После обмена вежливыми приветствиями и любезностями он сел рядом и сказал Достопочтенному Сарипутте:",
  "sn39.1-15:2.1": "“Друг Сарипутта, “ниббана, ниббана” – так говорят. ",
  "sn39.1-15:2.2": "Что такое ниббана?”",
  "sn39.1-15:2.3": "“Уничтожение жажды, уничтожение злобы, уничтожение заблуждения: ",
  "sn39.1-15:2.4": "это, друг, называется ниббаной”.",
  "sn39.1-15:2.5": "“Но, друг, существует ли путь, есть ли способ реализовать эту ниббану?”",
  "sn39.1-15:2.6": "“Существует путь, друг, есть способ реализовать эту ниббану”.",
  "sn39.1-15:3.1": "“И какой же, друг, этот путь, какой же способ для реализации этой ниббаны?”",
  "sn39.1-15:3.2": "“Это, друг, этот самый Благородный Восьмеричный Путь, то есть:",
  "sn39.1-15:3.3": "Правильные Воззрения… Правильное Сосредоточение.",
  "sn39.1-15:3.4": "Таков, друг, путь, таков способ для реализации этой ниббаны”.",
  "sn39.1-15:3.5": "“Это отличный путь, друг, отличный способ для реализации этой ниббаны. ",
  "sn39.1-15:3.6": "Подходящий [путь], друг Сарипутта, для [приложения] старания”.",
  "sn39.1-15:3.7": "Первая.",
  "sn39.1-15:4.1": "(Как Джамбукхадакасаньютта, так же расширенна.)"
}