{
  "sn39.16:0.1": "Связанные Наставления 4.5.1.16",
  "sn39.16:0.2": "Глава Самандака",
  "sn39.16:0.3": "Сутта Трудно Осуществить",
  "sn39.16:1.1": "“Друг Сарипутта, что трудно осуществить в этой Дхамме и Винае?”",
  "sn39.16:1.2": "“Стать монахом, друг – вот что трудно осуществить в этой Дхамме и Винае”.",
  "sn39.16:1.3": "“Друг, что трудно осуществить тому, кто стал монахом?”",
  "sn39.16:1.4": "“Довольствоваться [ведением святой жизни], друг, трудно тому, кто стал монахом”.",
  "sn39.16:1.5": "“Но, друг, что трудно осуществить тому, кто стал довольствоваться?”",
  "sn39.16:1.6": "“Практиковать в соответствии с Дхаммой, друг, трудно осуществить тому, кто стал довольствоваться”.",
  "sn39.16:1.7": "“Но, друг, если монах практикует в соответствии с Дхаммой, то много ли времени потребуется ему, чтобы стать арахантом?”",
  "sn39.16:1.8": "“Немного, друг”.",
  "sn39.16:1.9": "Шестнадцатая.",
  "sn39.16:1.10": "(Оглавление подобно предыдущему.)",
  "sn39.16:1.11": "Самандакасаньютта завершена."
}