{
  "sn40.2:0.1": "Связанные Наставления 4.6.1.2",
  "sn40.2:0.2": "Глава Моггаллана",
  "sn40.2:0.3": "Сутта Вопрос о Второй Джхане",
  "sn40.2:1.1": "“Так говорят – “вторая джхана, вторая джхана”. ",
  "sn40.2:1.2": "Что же такое вторая джхана?”",
  "sn40.2:1.3": "И тогда, друзья, мысль пришла ко мне: ",
  "sn40.2:1.4": "“Вот, c угасанием направления и удержания [ума на объекте медитации] монах входит и пребывает во второй джхане, которая характерна внутренней устойчивостью и единением ума, не имеет направления и удержания, наделена восторгом и удовольствием, что рождены сосредоточением. ",
  "sn40.2:1.5": "Это называется второй джханой”.",
  "sn40.2:1.6": "Затем, друзья, с угасанием направления и удержания я вошёл и пребывал во второй джхане… ",
  "sn40.2:1.7": "По мере того как я пребывал в ней, восприятие и внимание, сопровождаемые направлением и удержанием, охватили меня.",
  "sn40.2:2.1": "Тогда, друзья, Благословенный пришёл ко мне посредством сверхъестественных сил и сказал так: ",
  "sn40.2:2.2": "“Моггаллана, Моггаллана, ",
  "sn40.2:2.3": "не будь беспечным, брахман, в отношении второй джханы. Утверди свой ум во второй джхане, объедини свой ум во второй джхане, сосредоточь свой ум во второй джхане”. ",
  "sn40.2:2.4": "И далее, друзья, спустя какое-то время, с угасанием направления и удержания я вошёл и пребывал во второй джхане, которая характерна внутренней устойчивостью и единением ума, не имеет направления и удержания, наделена восторгом и удовольствием, что рождены сосредоточением.",
  "sn40.2:2.5": "Если, друзья, кто-либо правдиво говорил бы о ком-либо так: ",
  "sn40.2:2.6": "“Он – ученик, достигший величия в прямом знании под руководством Учителя” – то он мог бы так правдиво сказать обо мне”:",
  "sn40.2:2.7": "“Он – ученик, достигший величия в прямом знании под руководством Учителя”.",
  "sn40.2:2.8": "Вторая."
}