{
  "sn40.11:0.1": "Связанные Наставления 4.6.1.11",
  "sn40.11:0.2": "Глава Моггаллана",
  "sn40.11:0.3": "Чандана Сутта",
  "sn40.11:1.1": "И тогда Чандана, сын дэвов…",
  "sn40.11:2.1": "И тогда Суяма, сын дэвов…",
  "sn40.11:3.1": "И тогда Сантусито, сын дэвов…",
  "sn40.11:4.1": "И тогда Суниммито, сын дэвов…",
  "sn40.11:5.1": "И тогда Вассаватти, сын дэвов…",
  "sn40.11:6.1": "(Как Сакка Сутта так эти пять реприз должны быть развернуты.)",
  "sn40.11:6.2": "Одиннадцатая.",
  "sn40.11:6.3": "Глава Моггаллана Первая.",
  "sn40.11:7.0": "",
  "sn40.11:7.1": "",
  "sn40.11:7.2": "",
  "sn40.11:7.3": "",
  "sn40.11:7.4": "",
  "sn40.11:7.5": "",
  "sn40.11:7.6": "",
  "sn40.11:7.7": "Моггалланасаньютта завершена."
}