{
  "sn40.1:0.1": "Связанные Наставления 4.6.1.1",
  "sn40.1:0.2": "Глава Моггаллана",
  "sn40.1:0.3": "Сутта Вопрос о Первой Джхане",
  "sn40.1:1.1": "Однажды Достопочтенный Махамоггаллана пребывал в Саваттхи в роще Джеты в монастыре Анатхапиндики. ",
  "sn40.1:1.2": "И там Достопочтенный Махамоггаллана обратился к монахам так:",
  "sn40.1:1.3": "“Друзья монахи!”",
  "sn40.1:1.4": "“Друг!” – отвечали те монахи. ",
  "sn40.1:1.5": "Достопочтенный Махамоггаллана сказал следующее:",
  "sn40.1:2.1": "“Вот, друзья, по мере того как я пребывал уединённым в затворничестве1, такое рассмотрение возникло в моём уме: ",
  "sn40.1:2.2": "“Так говорят – “первая джхана, первая джхана”. ",
  "sn40.1:2.3": "Что же такое первая джхана?”",
  "sn40.1:2.4": "И тогда, друзья, мысль пришла ко мне: ",
  "sn40.1:2.5": "“Вот, отбросив чувственные удовольствия, отбросив неблагие состояния [ума], монах входит и пребывает в первой джхане, которая сопровождается направлением и удержанием [ума на объекте медитации], а также восторгом и удовольствием, что рождены этим отбрасыванием. ",
  "sn40.1:2.6": "Это называется первой джханой”.",
  "sn40.1:2.7": "Затем, друзья, отбросив чувственные удовольствия, отбросив неблагие состояния, я вошёл и пребывал в первой джхане… ",
  "sn40.1:2.8": "По мере того как я пребывал в ней, восприятие и внимание, сопровождаемые чувственностью, охватили меня2.",
  "sn40.1:3.1": "Тогда, друзья, Благословенный пришёл ко мне посредством сверхъестественных сил и сказал так: ",
  "sn40.1:3.2": "“Моггаллана, Моггаллана, ",
  "sn40.1:3.3": "не будь беспечным, брахман, в отношении первой джханы. Утверди свой ум в первой джхане, объедини свой ум в первой джхане, сосредоточь свой ум в первой джхане”. ",
  "sn40.1:3.4": "И далее, друзья, спустя какое-то время, отбросив чувственные удовольствия, отбросив неблагие состояния, я вошёл и пребывал в первой джхане, которая сопровождается направлением и удержанием [ума на объекте медитации], а также восторгом и удовольствием, что рождены этим отбрасыванием.",
  "sn40.1:3.5": "Если, друзья, кто-либо правдиво говорил бы о ком-либо так: ",
  "sn40.1:3.6": "“Он – ученик, достигший величия в прямом знании под руководством Учителя” – то он мог бы так правдиво сказать обо мне”:",
  "sn40.1:3.7": "“Он – ученик, достигший величия в прямом знании под руководством Учителя”.",
  "sn40.1:3.8": "Первая."
}