{
  "sn40.4:0.1": "Связанные Наставления 4.6.1.4",
  "sn40.4:0.2": "Глава Моггаллана",
  "sn40.4:0.3": "Сутта Вопрос о Четвертой Джхане",
  "sn40.4:1.1": "“четвёртая джхана, четвёртая джхана”. ",
  "sn40.4:1.2": "Что же такое четвёртая джхана?”",
  "sn40.4:1.3": "И тогда, друзья, мысль пришла ко мне: ",
  "sn40.4:1.4": "“Вот, с успокоением удовольствия и боли – как и с предшествующим угасанием радости и недовольства – монах входит и пребывает в четвёртой джхане, которая ни-болезненна-ни-приятна, характерна чистейшей осознанностью из-за невозмутимости. ",
  "sn40.4:1.5": "Это называется четвёртой джханой”.",
  "sn40.4:1.6": "Затем, друзья, с оставлением удовольствия и боли… я вошёл и пребывал в четвёртой джхане… ",
  "sn40.4:1.7": "По мере того как я пребывал в ней, восприятие и внимание, сопровождаемые счастьем, охватили меня.",
  "sn40.4:2.1": "Тогда, друзья, Благословенный пришёл ко мне посредством сверхъестественных сил и сказал так: ",
  "sn40.4:2.2": "“Моггаллана, Моггаллана, ",
  "sn40.4:2.3": "не будь беспечным, брахман, в отношении четвёртой джханы. Утверди свой ум в четвёртой джхане, объедини свой ум в четвёртой джхане, сосредоточь свой ум в четвёртой джхане”. ",
  "sn40.4:2.4": "И далее, друзья, спустя какое-то время, с оставлением удовольствия и боли, равно как и с предыдущим угасанием радости и недовольства, я вошёл и пребывал в четвёртой джхане, которая ни-болезненна-ни-приятна, характерна чистейшей осознанностью из-за невозмутимости.",
  "sn40.4:2.5": "Если, друзья, кто-либо правдиво говорил бы о ком-либо так: “Он – ученик, достигший величия в прямом знании под руководством Учителя” – то он мог бы так правдиво сказать обо мне”.",
  "sn40.4:2.6": "Четвертая."
}