{
  "sn40.10:0.1": "Связанные Наставления 4.6.1.10",
  "sn40.10:0.2": "Глава Моггаллана",
  "sn40.10:0.3": "Сакка Сутта ",
  "sn40.10:1.1": "И тогда, также быстро, как сильный человек распрямляет согнутую руку или сгибает распрямлённую, Достопочтенный Махамоггаллана исчез из рощи Джеты и возник в мире божеств Таватимсы.",
  "sn40.10:1.2": "И тогда Сакка, царь дэвов, подошёл к Достопочтенному Махамоггаллане, поклонился Достопочтенному Махамоггаллане и встал рядом. Затем Достопочтенный Махамоггаллана обратился к нему:",
  "sn40.10:2.1": "“Благостно это, царь дэвов – принять прибежище в Будде. ",
  "sn40.10:2.2": "Поскольку они приняли прибежище в Будде, некоторые существа после распада тела, после смерти, перерождаются в благих уделах, в небесном мире. ",
  "sn40.10:2.3": "Благостно это, царь дэвов – принять прибежище в Дхамме. ",
  "sn40.10:2.4": "Поскольку они приняли прибежище в Дхамме, некоторые существа после распада тела, после смерти, перерождаются в благих уделах, в небесном мире. ",
  "sn40.10:2.5": "Благостно это, царь дэвов – принять прибежище в Сангхе. ",
  "sn40.10:2.6": "Поскольку они приняли прибежище в Сангхе, некоторые существа после распада тела, после смерти, перерождаются в благих уделах, в небесном мире”.",
  "sn40.10:3.1": "“Благостно это, Почтенный Моггаллана – принять прибежище в Будде… ",
  "sn40.10:3.2": "",
  "sn40.10:3.3": "Дхамме… ",
  "sn40.10:3.4": "",
  "sn40.10:3.5": "Сангхе. ",
  "sn40.10:3.6": "Поскольку они приняли прибежище в Сангхе, некоторые существа после распада тела, после смерти, перерождаются в благих уделах, в небесном мире”.",
  "sn40.10:4.1": "И затем Сакка, царь дэвов, подошёл к Достопочтенному Махамоггаллане с шестью сотнями дэвов… ",
  "sn40.10:4.2": "семью сотнями дэвов… ",
  "sn40.10:4.3": "восемью сотнями дэвов… ",
  "sn40.10:4.4": "восьмьюдесятью тысячами дэвов. Подойдя, он поклонился Достопочтенному Махамоггаллане и встал рядом. Затем Достопочтенный Махамоггаллана обратился к нему:",
  "sn40.10:5.1": "“Благостно это, царь дэвов – принять прибежище в Будде. ",
  "sn40.10:5.2": "Поскольку они приняли прибежище в Будде, некоторые существа после распада тела, после смерти, перерождаются в благих уделах, в небесном мире. ",
  "sn40.10:5.3": "Благостно это, царь дэвов – принять прибежище в Дхамме. ",
  "sn40.10:5.4": "Поскольку они приняли прибежище в Дхамме, некоторые существа после распада тела, после смерти, перерождаются в благих уделах, в небесном мире. ",
  "sn40.10:5.5": "Благостно это, царь дэвов – принять прибежище в Сангхе. ",
  "sn40.10:5.6": "Поскольку они приняли прибежище в Сангхе, некоторые существа после распада тела, после смерти, перерождаются в благих уделах, в небесном мире”.",
  "sn40.10:6.1": "“Благостно это, Почтенный Моггаллана – принять прибежище в Будде… ",
  "sn40.10:6.2": "",
  "sn40.10:6.3": "Дхамме… ",
  "sn40.10:6.4": "Сангхе. ",
  "sn40.10:6.5": "Поскольку они приняли прибежище в Сангхе, некоторые существа после распада тела, после смерти, перерождаются в благих уделах, в небесном мире”.",
  "sn40.10:7.1": "Затем Сакка, царь дэвов, подошёл к Достопочтенному Махамоггаллане вместе с пятью сотнями дэвов. Подойдя, он поклонился Достопочтенному Махамоггаллане и встал рядом. Затем Достопочтенный Махамоггаллана обратился к нему:",
  "sn40.10:8.1": "“Благостно это, царь дэвов – обладать подтверждённой верой в Будду: ",
  "sn40.10:8.2": "“В самом деле таков Благословенный: достойный, истинно самопробуждённый, совершенный в знании и поведении, достигший блага, знаток мира, непревзойдённый учитель тех, кто готов обучаться, учитель богов и людей, пробуждённый, благословенный”. ",
  "sn40.10:8.3": "Обладая подтверждённой верой в Будду, некоторые существа после распада тела, после смерти, перерождаются в благих уделах, в небесном мире.",
  "sn40.10:9.1": "Благостно это, царь дэвов – обладать подтверждённой верой в Дхамму: ",
  "sn40.10:9.2": "“Дхамма превосходно разъяснена Благословенным, видимая здесь и сейчас, не зависящая от времени, приглашающая пойти и увидеть, ведущая к цели, познаваемая мудрыми самостоятельно”. ",
  "sn40.10:9.3": "Обладая подтверждённой верой в Дхамму, некоторые существа после распада тела, после смерти, перерождаются в благих уделах, в небесном мире.",
  "sn40.10:10.1": "Благостно это, царь дэвов – обладать подтверждённой верой в Сангху: ",
  "sn40.10:10.2": "“Сангха учеников Благословенного, идущих по хорошему пути, идущих по прямому пути, идущих по верному пути, идущих по совершенному пути, другими словами, четыре пары или восемь типов личностей – это Сангха учеников Благословенного: достойная даров, достойная гостеприимства, достойная подношений, достойная уважения, несравненное поле заслуг для мира”. ",
  "sn40.10:10.3": "Обладая подтверждённой верой в Сангху, некоторые существа после распада тела, после смерти, перерождаются в благих уделах, в небесном мире.",
  "sn40.10:11.1": "Благостно это, царь дэвов – обладать нравственными качествами, которые дороги Благородным: прочными, цельными, незапятнанными, освобождающими, восхваляемыми мудрецами, яркими, ведущими к сосредоточению. ",
  "sn40.10:11.2": "Обладая нравственными качествами, которые дороги Благородным, некоторые существа после распада тела, после смерти, перерождаются в благих уделах, в небесном мире”.",
  "sn40.10:12.1": "“Благостно это, Почтенный Моггаллана – обладать подтверждённой верой в Будду… ",
  "sn40.10:12.2": "",
  "sn40.10:12.3": "",
  "sn40.10:13.1": "Дхамму… ",
  "sn40.10:13.2": "",
  "sn40.10:13.3": "",
  "sn40.10:14.1": "Сангху… ",
  "sn40.10:14.2": "",
  "sn40.10:14.3": "",
  "sn40.10:15.1": "обладать добродетельными качествами… ведущими к сосредоточению. ",
  "sn40.10:15.2": "Обладая нравственными качествами, которые дороги Благородным, некоторые существа после распада тела, после смерти, перерождаются в благих уделах, в небесном мире”.",
  "sn40.10:16.1": "И затем Сакка, царь дэвов, подошёл к Достопочтенному Махамоггаллане с шестью сотнями дэвов… ",
  "sn40.10:16.2": "семью сотнями дэвов… ",
  "sn40.10:16.3": "восемью сотнями дэвов… ",
  "sn40.10:16.4": "восьмьюдесятью тысячами дэвов. Подойдя, он поклонился Достопочтенному Махамоггаллане и встал рядом. Затем Достопочтенный Махамоггаллана обратился к нему:",
  "sn40.10:17.1": "“Благостно это, царь дэвов – обладать подтверждённой верой в Будду… ",
  "sn40.10:17.2": "",
  "sn40.10:17.3": "",
  "sn40.10:18.1": "Дхамму… ",
  "sn40.10:18.2": "",
  "sn40.10:18.3": "",
  "sn40.10:19.1": "Сангху… ",
  "sn40.10:19.2": "",
  "sn40.10:19.3": "",
  "sn40.10:20.1": "обладать добродетельными качествами… ",
  "sn40.10:20.2": "",
  "sn40.10:21.1": "“Благостно это, Почтенный Моггаллана – обладать подтверждённой верой в Будду… ",
  "sn40.10:21.2": "",
  "sn40.10:21.3": "",
  "sn40.10:22.1": "Дхамму… ",
  "sn40.10:22.2": "",
  "sn40.10:22.3": "",
  "sn40.10:23.1": "Сангху… ",
  "sn40.10:23.2": "",
  "sn40.10:23.3": "",
  "sn40.10:24.1": "обладать добродетельными качествами…”.",
  "sn40.10:24.2": "",
  "sn40.10:25.1": "Затем Сакка, царь дэвов, подошёл к Достопочтенному Махамоггаллане вместе с пятью сотнями дэвов. ",
  "sn40.10:25.2": "Подойдя, он поклонился Достопочтенному Махамоггаллане и встал рядом. Затем Достопочтенный Махамоггаллана обратился к нему:",
  "sn40.10:26.1": "“Благостно это, царь дэвов – принять прибежище в Будде. ",
  "sn40.10:26.2": "Поскольку они приняли прибежище в Будде, некоторые существа после распада тела, после смерти, перерождаются в благих уделах, в небесном мире. ",
  "sn40.10:26.3": "И они превосходят других дэвов в десяти отношениях:",
  "sn40.10:26.4": "в длительности божественной жизни, в божественной красоте, в божественном счастье, в божественной славе, в божественном верховенстве, в божественных формах, в божественных звуках, в божественных запахах, в божественных вкусах, в божественных тактильных ощущениях.",
  "sn40.10:27.1": "Благостно это, царь дэвов – принять прибежище в Дхамме… ",
  "sn40.10:27.2": "",
  "sn40.10:27.3": "",
  "sn40.10:27.4": "",
  "sn40.10:28.1": "принять прибежище в Сангхе. ",
  "sn40.10:28.2": "Поскольку они приняли прибежище в Сангхе, некоторые существа после распада тела, после смерти, перерождаются в благих уделах, в небесном мире. ",
  "sn40.10:28.3": "И они превосходят других дэвов в десяти отношениях…",
  "sn40.10:28.4": "",
  "sn40.10:29.1": "“Благостно это, Почтенный Моггаллана – принять прибежище в Будде… ",
  "sn40.10:29.2": "",
  "sn40.10:29.3": "",
  "sn40.10:29.4": "Дхамме… ",
  "sn40.10:30.1": "",
  "sn40.10:31.1": "Сангхе. ",
  "sn40.10:31.2": "Поскольку они приняли прибежище… ",
  "sn40.10:31.3": "превосходят других дэвов в десяти отношениях…”",
  "sn40.10:31.4": "в длительности божественной жизни, в божественной красоте, в божественном счастье, в божественной славе, в божественном верховенстве, в божественных формах, в божественных звуках, в божественных запахах, в божественных вкусах, в божественных тактильных ощущениях.",
  "sn40.10:32.1": "И затем Сакка, царь дэвов, подошёл к Достопочтенному Махамоггаллане с шестью сотнями дэвов… ",
  "sn40.10:32.2": "семью сотнями дэвов… ",
  "sn40.10:32.3": "восемью сотнями дэвов… ",
  "sn40.10:32.4": "восьмьюдесятью тысячами дэвов… Затем Сакка, царь дэвов, подошёл к Достопочтенному Махамоггаллане вместе с пятью сотнями дэвов. Подойдя, он поклонился Достопочтенному Махамоггаллане и встал рядом. Затем Достопочтенный Махамоггаллана обратился к нему:",
  "sn40.10:33.1": "“Благостно это, царь дэвов – обладать подтверждённой верой в Будду… ",
  "sn40.10:33.2": "",
  "sn40.10:33.3": "",
  "sn40.10:33.4": "",
  "sn40.10:34.1": "Дхамму… ",
  "sn40.10:35.1": "Сангху… ",
  "sn40.10:35.2": "",
  "sn40.10:35.3": "превосходят других дэвов в десяти отношениях…”. ",
  "sn40.10:35.4": "в длительности божественной жизни, в божественной красоте, в божественном счастье, в божественной славе, в божественном верховенстве, в божественных формах, в божественных звуках, в божественных запахах, в божественных вкусах, в божественных тактильных ощущениях.",
  "sn40.10:36.1": "“Благостно это, Почтенный Моггаллана – обладать подтверждённой верой в Будду… ",
  "sn40.10:36.2": "Дхамму… ",
  "sn40.10:36.3": "Сангху… ",
  "sn40.10:36.4": "",
  "sn40.10:36.5": "превосходят других дэвов в десяти отношениях…”.",
  "sn40.10:36.6": "в длительности божественной жизни, в божественной красоте, в божественном счастье, в божественной славе, в божественном верховенстве, в божественных формах, в божественных звуках, в божественных запахах, в божественных вкусах, в божественных тактильных ощущениях.",
  "sn40.10:37.1": "И затем Сакка, царь дэвов, подошёл к Достопочтенному Махамоггаллане с пятью сотнями дэвов… ",
  "sn40.10:38.1": "",
  "sn40.10:38.2": "",
  "sn40.10:38.3": "",
  "sn40.10:38.4": "",
  "sn40.10:38.5": "",
  "sn40.10:39.1": "",
  "sn40.10:39.2": "",
  "sn40.10:39.3": "",
  "sn40.10:40.1": "",
  "sn40.10:40.2": "",
  "sn40.10:40.3": "",
  "sn40.10:41.1": "",
  "sn40.10:41.2": "",
  "sn40.10:41.3": "",
  "sn40.10:41.4": "",
  "sn40.10:42.1": "",
  "sn40.10:42.2": "",
  "sn40.10:42.3": "",
  "sn40.10:42.4": "",
  "sn40.10:42.5": "",
  "sn40.10:43.1": "",
  "sn40.10:43.2": "",
  "sn40.10:43.3": "",
  "sn40.10:43.4": "",
  "sn40.10:43.5": "",
  "sn40.10:44.1": "",
  "sn40.10:44.2": "",
  "sn40.10:44.3": "",
  "sn40.10:45.1": "",
  "sn40.10:45.2": "",
  "sn40.10:45.3": "",
  "sn40.10:45.4": "",
  "sn40.10:46.1": "И затем Сакка, царь дэвов, подошёл к Достопочтенному Махамоггаллане с шестью сотнями дэвов… ",
  "sn40.10:46.2": "семью сотнями дэвов… ",
  "sn40.10:46.3": "восемью сотнями дэвов… ",
  "sn40.10:46.4": "восьмьюдесятью тысячами дэвов… ",
  "sn40.10:47.1": "",
  "sn40.10:47.2": "",
  "sn40.10:47.3": "",
  "sn40.10:47.4": "“превосходят других дэвов в десяти отношениях…”.",
  "sn40.10:47.5": "",
  "sn40.10:48.1": "",
  "sn40.10:48.2": "",
  "sn40.10:48.3": "",
  "sn40.10:48.4": "",
  "sn40.10:48.5": "",
  "sn40.10:49.1": "",
  "sn40.10:49.2": "",
  "sn40.10:49.3": "",
  "sn40.10:49.4": "",
  "sn40.10:49.5": "",
  "sn40.10:50.1": "",
  "sn40.10:50.2": "",
  "sn40.10:50.3": "“превосходят других дэвов в десяти отношениях…”.",
  "sn40.10:50.4": "в длительности божественной жизни, в божественной красоте, в божественном счастье, в божественной славе, в божественном верховенстве, в божественных формах, в божественных звуках, в божественных запахах, в божественных вкусах, в божественных тактильных ощущениях.",
  "sn40.10:51.1": "",
  "sn40.10:51.2": "",
  "sn40.10:51.3": "",
  "sn40.10:51.4": "",
  "sn40.10:51.5": "",
  "sn40.10:52.1": "",
  "sn40.10:52.2": "",
  "sn40.10:52.3": "",
  "sn40.10:52.4": "“превосходят других дэвов в десяти отношениях…”.",
  "sn40.10:52.5": "в длительности божественной жизни, в божественной красоте, в божественном счастье, в божественной славе, в божественном верховенстве, в божественных формах, в божественных звуках, в божественных запахах, в божественных вкусах, в божественных тактильных ощущениях.",
  "sn40.10:53.1": "",
  "sn40.10:53.2": "",
  "sn40.10:53.3": "",
  "sn40.10:53.4": "“превосходят других дэвов в десяти отношениях…”.",
  "sn40.10:53.5": "в длительности божественной жизни, в божественной красоте, в божественном счастье, в божественной славе, в божественном верховенстве, в божественных формах, в божественных звуках, в божественных запахах, в божественных вкусах, в божественных тактильных ощущениях.",
  "sn40.10:54.1": "",
  "sn40.10:54.2": "",
  "sn40.10:54.3": "“превосходят других дэвов в десяти отношениях…”.",
  "sn40.10:54.4": "в длительности божественной жизни, в божественной красоте, в божественном счастье, в божественной славе, в божественном верховенстве, в божественных формах, в божественных звуках, в божественных запахах, в божественных вкусах, в божественных тактильных ощущениях.",
  "sn40.10:54.5": "Десятая."
}