{
  "sn40.9:0.1": "Связанные Наставления 4.6.1.9",
  "sn40.9:0.2": "Глава Моггаллана",
  "sn40.9:0.3": "Сутта Вопрос о Беспредметном",
  "sn40.9:1.1": "“Так говорят – “беспредметное сосредоточение ума, беспредметное сосредоточение ума”. ",
  "sn40.9:1.2": "Что же такое беспредметное сосредоточение ума?”",
  "sn40.9:1.3": "И тогда, друзья, мысль пришла ко мне: ",
  "sn40.9:1.4": "“Вот, за счёт не-внимания ко всем образам монах входит и пребывает в беспредметном сосредоточении ума. ",
  "sn40.9:1.5": "Это называется беспредметным сосредоточением ума”.",
  "sn40.9:1.6": "Затем, друзья, за счёт не-внимания ко всем образам я вошёл и пребывал в беспредметном сосредоточении ума. ",
  "sn40.9:1.7": "По мере того как я пребывал там, моё сознание стало устремляться вместе с образами2.",
  "sn40.9:2.1": "Тогда, друзья, Благословенный пришёл ко мне посредством сверхъестественных сил и сказал так: ",
  "sn40.9:2.2": "“Моггаллана, Моггаллана, ",
  "sn40.9:2.3": "не будь беспечным, брахман, в отношении беспредметного сосредоточения ума. Утверди свой ум в беспредметном сосредоточении ума, объедини свой ум в беспредметном сосредоточении ума, сосредоточь свой ум в беспредметном сосредоточении ума”. ",
  "sn40.9:2.4": "И далее, друзья, спустя какое-то время, за счёт не-внимания ко всем образам я вошёл и пребывал в беспредметном сосредоточении ума.",
  "sn40.9:2.5": "Если, друзья, кто-либо правдиво говорил бы о ком-либо так: ",
  "sn40.9:2.6": "“Он – ученик, достигший величия в прямом знании под руководством Учителя” – то он мог бы так правдиво сказать обо мне:",
  "sn40.9:2.7": "“Он – ученик, достигший величия в прямом знании под руководством Учителя” ",
  "sn40.9:2.8": "Девятая."
}