{
  "sn40.7:0.1": "Связанные Наставления 4.6.1.7",
  "sn40.7:0.2": "Глава Моггаллана",
  "sn40.7:0.3": "Сутта Вопрос о Сфере отсутствия всего",
  "sn40.7:1.1": "“Так говорят – “сфера отсутствия всего, сфера отсутствия всего”. ",
  "sn40.7:1.2": "Что же такое сфера отсутствия всего?”",
  "sn40.7:1.3": "И тогда, друзья, мысль пришла ко мне: ",
  "sn40.7:1.4": "“Вот, с полным преодолением сферы безграничного сознания, осознавая “здесь ничего нет”, монах входит и пребывает в сфере отсутствия всего. ",
  "sn40.7:1.5": "Это называется сферой отсутствия всего”.",
  "sn40.7:1.6": "Затем, друзья, с полным преодолением сферы безграничного сознания, осознавая “здесь ничего нет”, я вошёл и пребывал в сфере отсутствия всего. ",
  "sn40.7:1.7": "По мере того как я пребывал там, восприятие и внимание, сопровождаемые сферой безграничного сознания, охватили меня.",
  "sn40.7:2.1": "Тогда, друзья, Благословенный пришёл ко мне посредством сверхъестественных сил и сказал так: ",
  "sn40.7:2.2": "“Моггаллана, Моггаллана, ",
  "sn40.7:2.3": "не будь беспечным, брахман, в отношении сферы отсутствия всего. Утверди свой ум в сфере отсутствия всего, объедини свой ум в сфере отсутствия всего, сосредоточь свой ум в сфере отсутствия всего”. ",
  "sn40.7:2.4": "И далее, друзья, спустя какое-то время, с преодолением сферы безграничного сознания, осознавая “здесь ничего нет”, я вошёл и пребывал в сфере отсутствия всего.",
  "sn40.7:2.5": "Если, друзья, кто-либо правдиво говорил бы о ком-либо так: “Он – ученик, достигший величия в прямом знании под руководством Учителя” – то он мог бы так правдиво сказать обо мне”.",
  "sn40.7:2.6": "Седьмая."
}