{
  "sn40.5:0.1": "Связанные Наставления 4.6.1.5",
  "sn40.5:0.2": "Глава Моггаллана",
  "sn40.5:0.3": "Сутта Вопрос о Безграничном Пространстве ",
  "sn40.5:1.1": "“Так говорят – “сфера безграничного пространства, сфера безграничного пространства”. ",
  "sn40.5:1.2": "Что же такое сфера безграничного пространства?”",
  "sn40.5:1.3": "И тогда, друзья, мысль пришла ко мне: ",
  "sn40.5:1.4": "“Вот, с полным преодолением восприятий форм, с угасанием восприятий, вызываемых органами чувств, с не-вниманием к восприятиям множественности, осознавая “пространство безгранично”, монах входит и пребывает в сфере безграничного пространства. ",
  "sn40.5:1.5": "Это называется сферой безграничного пространства”.",
  "sn40.5:1.6": "Затем, друзья, с полным преодолением восприятий форм… я вошёл и пребывал в сфере безграничного пространства. ",
  "sn40.5:1.7": "По мере того как я пребывал там, восприятие и внимание, сопровождаемые формами, охватили меня.",
  "sn40.5:2.1": "Тогда, друзья, Благословенный пришёл ко мне посредством сверхъестественных сил и сказал так: ",
  "sn40.5:2.2": "“Моггаллана, Моггаллана, ",
  "sn40.5:2.3": "не будь беспечным, брахман, в отношении сферы безграничного пространства. Утверди свой ум в сфере безграничного пространства, объедини свой ум в сфере безграничного пространства, сосредоточь свой ум в сфере безграничного пространства”. ",
  "sn40.5:2.4": "И далее, друзья, спустя какое-то время, с полным преодолением восприятий форм, с угасанием восприятий, вызываемых органами чувств, с не-вниманием к восприятиям множественности, осознавая “пространство безгранично”, я вошёл и пребывал в сфере безграничного пространства.",
  "sn40.5:2.5": "Если, друзья, кто-либо правдиво говорил бы о ком-либо так: “Он – ученик, достигший величия в прямом знании под руководством Учителя” – то он мог бы так правдиво сказать обо мне”.",
  "sn40.5:2.6": "Пятая."
}