{
  "sn40.3:0.1": "Связанные Наставления 4.6.1.3",
  "sn40.3:0.2": "Глава Моггаллана",
  "sn40.3:0.3": "Сутта Вопрос о Третьей Джхане",
  "sn40.3:1.1": "“Так говорят – “третья джхана, третья джхана”. ",
  "sn40.3:1.2": "Что же такое третья джхана?”",
  "sn40.3:1.3": "И тогда, друзья, мысль пришла ко мне: ",
  "sn40.3:1.4": "“Вот, c угасанием восторга монах пребывает невозмутимым, осознанным, бдительным и ощущает приятное телом. Он входит и пребывает в третьей джхане, о которой Благородные говорят так: “Невозмутимый и осознанный, он пребывает в удовольствии”. ",
  "sn40.3:1.5": "Это называется третьей джханой”.",
  "sn40.3:1.6": "Затем, друзья, с угасанием восторга… я вошёл и пребывал в третьей джхане… ",
  "sn40.3:1.7": "По мере того как я пребывал в ней, восприятие и внимание, сопровождаемые восторгом, охватили меня.",
  "sn40.3:2.1": "Тогда, друзья, Благословенный пришёл ко мне посредством сверхъестественных сил и сказал так: ",
  "sn40.3:2.2": "“Моггаллана, Моггаллана, ",
  "sn40.3:2.3": "не будь беспечным, брахман, в отношении третьей джханы. Утверди свой ум в третьей джхане, объедини свой ум в третьей джхане, сосредоточь свой ум в третьей джхане”. ",
  "sn40.3:2.4": "И далее, друзья, спустя какое-то время, с угасанием восторга я пребывал невозмутимым, осознанным и бдительным. Я ощущал приятное телом. Я вошёл и пребывал в третьей джхане, о которой Благородные говорят так: “Невозмутимый и осознанный, он пребывает в удовольствии”.",
  "sn40.3:2.5": "Если, друзья, кто-либо правдиво говорил бы о ком-либо так: “Он – ученик, достигший величия в прямом знании под руководством Учителя” – то он мог бы так правдиво сказать обо мне”: “Он – ученик, достигший величия в прямом знании под руководством Учителя”.",
  "sn40.3:2.6": "Третья."
}