{
  "sn40.8:0.1": "Связанные Наставления 4.6.1.8",
  "sn40.8:0.2": "Глава Моггаллана",
  "sn40.8:0.3": "Сутта Вопрос о Сфере ни восприятия ни не-восприятия",
  "sn40.8:1.1": "“Так говорят – “сфера ни восприятия, ни не-восприятия; сфера ни восприятия, ни не-восприятия”. ",
  "sn40.8:1.2": "Что же такое сфера ни восприятия, ни не-восприятия?”",
  "sn40.8:1.3": "И тогда, друзья, мысль пришла ко мне: ",
  "sn40.8:1.4": "“Вот, с полным преодолением сферы отсутствия всего монах входит и пребывает в сфере ни восприятия, ни не-восприятия. ",
  "sn40.8:1.5": "Это называется сферой ни восприятия, ни не-восприятия”.",
  "sn40.8:1.6": "Затем, друзья, с полным преодолением сферы отсутствия всего, я вошёл и пребывал в сфере ни восприятия, ни не-восприятия. ",
  "sn40.8:1.7": "По мере того как я пребывал там, восприятие и внимание, сопровождаемые сферой отсутствия всего, охватили меня.",
  "sn40.8:2.1": "Тогда, друзья, Благословенный пришёл ко мне посредством сверхъестественных сил и сказал так: ",
  "sn40.8:2.2": "“Моггаллана, Моггаллана, ",
  "sn40.8:2.3": "не будь беспечным, брахман, в отношении сферы ни восприятия, ни не-восприятия. Утверди свой ум в сфере ни восприятия, ни не-восприятия; объедини свой ум в сфере ни восприятия, ни не-восприятия; сосредоточь свой ум в сфере ни восприятия, ни не-восприятия”. ",
  "sn40.8:2.4": "И далее, друзья, спустя какое-то время, с преодолением сферы отсутствия всего, я вошёл и пребывал в сфере ни восприятия, ни не-восприятия.",
  "sn40.8:2.5": "Если, друзья, кто-либо правдиво говорил бы о ком-либо так: “Он – ученик, достигший величия в прямом знании под руководством Учителя” – то он мог бы так правдиво сказать обо мне”.",
  "sn40.8:2.6": "Восьмая."
}