{
  "sn40.6:0.1": "Связанные Наставления 4.6.1.6",
  "sn40.6:0.2": "Глава Моггаллана",
  "sn40.6:0.3": "Сутта Вопрос о Сфера безграничного сознания",
  "sn40.6:1.1": "“Так говорят – “сфера безграничного сознания, сфера безграничного сознания”. ",
  "sn40.6:1.2": "Что же такое сфера безграничного сознания?”",
  "sn40.6:1.3": "И тогда, друзья, мысль пришла ко мне: ",
  "sn40.6:1.4": "“Вот, с полным преодолением сферы безграничного пространства, осознавая “сознание безгранично”, монах входит и пребывает в сфере безграничного сознания. ",
  "sn40.6:1.5": "Это называется сферой безграничного сознания”.",
  "sn40.6:1.6": "Затем, друзья, с полным преодолением сферы безграничного пространства, осознавая “сознание безгранично”, я вошёл и пребывал в сфере безграничного сознания. ",
  "sn40.6:1.7": "По мере того как я пребывал там, восприятие и внимание, сопровождаемые сферой безграничного пространства, охватили меня.",
  "sn40.6:2.1": "Тогда, друзья, Благословенный пришёл ко мне посредством сверхъестественных сил и сказал так: ",
  "sn40.6:2.2": "“Моггаллана, Моггаллана, ",
  "sn40.6:2.3": "не будь беспечным, брахман, в отношении сферы безграничного сознания. Утверди свой ум в сфере безграничного сознания, объедини свой ум в сфере безграничного сознания, сосредоточь свой ум в сфере безграничного сознания”. ",
  "sn40.6:2.4": "И далее, друзья, спустя какое-то время, с преодолением сферы безграничного пространства, осознавая “сознание безгранично”, я вошёл и пребывал в сфере безграничного сознания.",
  "sn40.6:2.5": "Если, друзья, кто-либо правдиво говорил бы о ком-либо так: “Он – ученик, достигший величия в прямом знании под руководством Учителя” – то он мог бы так правдиво сказать обо мне”.",
  "sn40.6:2.6": "Шестая."
}